date,fear_and_greed_historical,fear_and_greed_historical_rating,market_momentum_sp500,market_momentum_sp500_rating,market_momentum_sp125,market_momentum_sp125_rating,stock_price_strength,stock_price_strength_rating,stock_price_breadth,stock_price_breadth_rating,put_call_options,put_call_options_rating,market_volatility_vix,market_volatility_vix_rating,market_volatility_vix_50,market_volatility_vix_50_rating,junk_bond_demand,junk_bond_demand_rating,safe_haven_demand,safe_haven_demand_rating
2020-07-16,50.0,neutral,3215.57,extreme greed,2984.69104,extreme greed,2.0784655704380572,extreme fear,1524.3271416689295,extreme greed,0.5942680089409877,extreme fear,28.0,fear,30.231399999999997,fear,2.2169,extreme fear,2.8829108365866127,extreme fear
2020-07-17,50.0,neutral,3224.73,extreme greed,2983.8519200000005,extreme greed,2.1440446867772622,extreme fear,1537.4104855354433,extreme greed,0.5943619454580491,extreme fear,25.68,fear,30.062600000000003,fear,2.2161999999999997,extreme fear,3.881355592170059,extreme fear
2020-07-20,50.0,neutral,3251.84,extreme greed,2983.30032,extreme greed,2.1931082971710913,extreme fear,1534.8024382009405,extreme greed,0.5961758696580269,extreme fear,24.46,extreme fear,29.923000000000002,fear,2.2095,extreme fear,3.838288309001553,extreme fear
2020-07-21,50.0,neutral,3257.3,extreme greed,2982.7847199999997,extreme greed,2.336615921777637,extreme fear,1560.3531311071981,extreme greed,0.5665464977210342,extreme fear,24.84,extreme fear,29.8602,fear,2.1943,extreme fear,3.463118465905693,extreme fear
2020-07-22,50.0,neutral,3276.02,extreme greed,2982.38856,extreme greed,2.4215437775863746,extreme fear,1588.9734190620725,extreme greed,0.5652073963671782,extreme fear,24.32,extreme fear,29.7952,fear,2.1723999999999997,extreme fear,6.948318564107772,extreme fear
2020-07-23,50.0,neutral,3235.66,extreme greed,2981.9100799999997,extreme greed,2.59743428841614,extreme fear,1601.2008784109453,extreme greed,0.5831285159505899,extreme fear,26.08,fear,29.656000000000002,fear,2.1662,extreme fear,4.464346529360749,extreme fear
2020-07-24,50.0,neutral,3215.63,extreme greed,2981.68608,extreme greed,2.704078495423684,extreme fear,1588.1331236288097,extreme greed,0.6162962776550219,extreme fear,25.84,fear,29.4672,fear,2.1679,extreme fear,6.666826699137957,extreme fear
2020-07-27,50.0,neutral,3239.41,extreme greed,2981.39144,extreme greed,2.8321143759348124,extreme fear,1580.4259649766038,extreme greed,0.6259433046005277,extreme fear,24.74,extreme fear,29.3098,fear,2.1633999999999998,extreme fear,6.1145672391800945,extreme fear
2020-07-28,50.0,neutral,3218.44,extreme greed,2980.9517600000004,extreme greed,2.9594760142109444,extreme fear,1566.7412418900542,extreme greed,0.6452433968623533,extreme fear,25.44,fear,29.180799999999998,fear,2.1498999999999997,extreme fear,3.66868296311887,extreme fear
2020-07-29,50.0,neutral,3258.44,extreme greed,2980.75,extreme greed,3.097218722045197,extreme fear,1577.3655603072639,extreme greed,0.6600934026221328,extreme fear,24.1,extreme fear,29.0768,fear,2.1525,extreme fear,3.825468861123452,extreme fear
2020-07-30,50.0,neutral,3246.22,extreme greed,2980.9156000000003,extreme greed,3.1509031236835,extreme fear,1554.7337222661208,extreme greed,0.6689113971120546,extreme fear,24.76,extreme fear,28.961399999999998,fear,2.1362,extreme fear,2.909218283352554,extreme fear
2020-07-31,50.0,neutral,3271.12,extreme greed,2981.0932,extreme greed,3.123630155923929,extreme fear,1518.241977845533,extreme greed,0.6555561192154347,extreme fear,24.46,extreme fear,28.8908,fear,1.9529,extreme fear,1.967137605778326,extreme fear
2020-08-03,50.0,neutral,3294.61,extreme greed,2981.06936,extreme greed,3.1599476551061496,extreme fear,1494.012346116711,extreme greed,0.6371377932695863,extreme fear,24.28,extreme fear,28.7858,fear,1.9489000000000003,extreme fear,4.221178265575709,extreme fear
2020-08-04,50.0,neutral,3306.51,extreme greed,2980.84392,extreme greed,3.239747808332876,extreme fear,1488.8530544130147,extreme greed,0.6166417341532223,extreme fear,23.76,extreme fear,28.697799999999997,fear,2.1339,extreme fear,3.318079198174234,extreme fear
2020-08-05,50.0,neutral,3327.77,extreme greed,2980.6998399999998,extreme greed,3.3925715805075267,extreme fear,1502.9012469712075,extreme greed,0.6009547192606003,extreme fear,22.99,extreme fear,28.597399999999997,fear,2.1494000000000004,extreme fear,5.206402674245301,extreme fear
2020-08-06,50.0,neutral,3349.16,extreme greed,2980.87144,extreme greed,3.497090543774096,extreme fear,1507.348804001748,extreme greed,0.5591654162430404,extreme fear,22.65,extreme fear,28.498,fear,2.1370000000000005,extreme fear,4.532874242286369,extreme fear
2020-08-07,50.0,neutral,3351.28,extreme greed,2980.86496,extreme greed,3.578176913280611,extreme fear,1516.2166650219524,extreme greed,0.5433671010137295,extreme fear,22.21,extreme fear,28.370400000000004,fear,2.1445000000000003,extreme fear,5.871781674201775,extreme fear
2020-08-10,50.0,neutral,3360.47,extreme greed,2980.8867199999995,extreme greed,3.6000917556658614,extreme fear,1546.5103718128964,extreme greed,0.538190079184229,extreme fear,22.13,extreme fear,28.2628,fear,2.1405,extreme fear,4.924443147016051,extreme fear
2020-08-11,50.0,neutral,3333.69,extreme greed,2980.5206399999997,extreme greed,3.759564425070393,extreme fear,1568.4253838164004,extreme greed,0.5451694065807721,extreme fear,24.03,extreme fear,28.178800000000003,fear,2.139,extreme fear,3.389498997473719,extreme fear
2020-08-12,50.0,neutral,3380.35,extreme greed,2980.57192,extreme greed,3.8095302504847877,extreme fear,1588.41114023855,extreme greed,0.5659532502520335,extreme fear,22.28,extreme fear,28.0876,fear,2.1127000000000002,extreme fear,5.564800897636565,extreme fear
2020-08-13,50.0,neutral,3373.43,extreme greed,2980.5180800000003,extreme greed,3.833968751781865,extreme fear,1587.5164847559938,extreme greed,0.5877085120370501,extreme fear,22.13,extreme fear,28.017000000000003,fear,2.1174,extreme fear,5.25616687416703,extreme fear
2020-08-14,50.0,neutral,3372.85,extreme greed,2980.53856,extreme greed,3.7730854317465305,extreme fear,1588.5228422834014,extreme greed,0.6042659909146154,extreme fear,22.05,extreme fear,27.941799999999997,fear,2.1115,extreme fear,4.404446035225764,extreme fear
2020-08-17,50.0,neutral,3381.99,extreme greed,2980.50528,extreme greed,3.748473036101549,extreme fear,1580.191255320857,extreme greed,0.6120743906767177,extreme fear,21.35,extreme fear,27.878399999999996,fear,2.1161,extreme fear,4.492888056408088,extreme fear
2020-08-18,50.0,neutral,3389.78,extreme greed,2980.6376800000003,extreme greed,3.699011404122139,extreme fear,1553.3901299590414,extreme greed,0.6286996468522104,extreme fear,21.51,extreme fear,27.792399999999997,fear,2.118,extreme fear,3.964668854012832,extreme fear
2020-08-19,50.0,neutral,3374.85,extreme greed,2980.93448,extreme greed,3.625775122576915,extreme fear,1513.4128386458283,extreme greed,0.6255174679047766,extreme fear,22.54,extreme fear,27.691800000000004,fear,2.1146,extreme fear,5.03610697826324,extreme fear
2020-08-20,50.0,neutral,3385.51,extreme greed,2982.21144,extreme greed,3.469240710790469,extreme fear,1459.477075997927,extreme greed,0.6307431499389816,extreme fear,22.72,extreme fear,27.594799999999996,fear,2.1111,extreme fear,5.695294523277541,extreme fear
2020-08-21,50.0,neutral,3397.16,extreme greed,2984.36304,extreme greed,3.426475043567838,extreme fear,1395.6415150213702,extreme greed,0.6176763681155035,extreme fear,22.54,extreme fear,27.2298,fear,2.1195999999999997,extreme fear,5.06308076848605,extreme fear
2020-08-24,50.0,neutral,3431.28,extreme greed,2986.8821599999997,extreme greed,3.3912001227093924,extreme fear,1371.22048600763,extreme greed,0.6147911396461863,extreme fear,22.37,extreme fear,26.9554,fear,2.1221,extreme fear,7.175389812824003,extreme fear
2020-08-25,50.0,neutral,3443.62,extreme greed,2990.60104,extreme greed,3.3472415691295643,extreme fear,1346.6912659334964,extreme greed,0.5892382056900869,extreme fear,22.03,extreme fear,26.708,fear,2.1117999999999997,extreme fear,6.625937529958123,extreme fear
2020-08-26,50.0,neutral,3478.73,extreme greed,2994.79712,extreme greed,3.265678949492769,extreme fear,1313.7559351527493,extreme greed,0.5701067201762473,extreme fear,23.27,extreme fear,26.5,fear,2.0877000000000003,extreme fear,8.239598259015954,extreme fear
2020-08-27,50.0,neutral,3484.55,extreme greed,2997.95168,extreme greed,3.262904893314756,extreme fear,1295.664241772024,extreme greed,0.5464962356838478,extreme fear,24.47,extreme fear,26.32,fear,2.077,extreme fear,8.011915452926907,extreme fear
2020-08-28,50.0,neutral,3508.01,extreme greed,3001.9888,extreme greed,3.2616729773433106,extreme fear,1307.4470372344113,extreme greed,0.5211626261322222,extreme fear,22.96,extreme fear,26.1204,fear,2.05,extreme fear,7.658520219287634,extreme fear
2020-08-31,50.0,neutral,3500.31,extreme greed,3004.9503200000004,extreme greed,3.171837817856846,extreme fear,1291.2962775076494,extreme greed,0.5217923356346867,extreme fear,26.41,fear,25.946200000000005,fear,2.0497,extreme fear,7.136396965418834,extreme fear
2020-09-01,50.0,neutral,3526.65,extreme greed,3008.972,extreme greed,3.129408347081748,extreme fear,1283.3045540102653,extreme greed,0.5124507736623798,extreme fear,26.12,fear,25.833199999999998,fear,1.8825,extreme fear,6.857559087910767,extreme fear
2020-09-02,50.0,neutral,3580.84,extreme greed,3013.8397600000003,extreme greed,3.132041328760383,extreme fear,1295.1452806132186,extreme greed,0.5046755107570833,extreme fear,26.57,fear,25.737199999999998,fear,2.0898,extreme fear,7.660544500462757,extreme fear
2020-09-03,2.6,extreme fear,3455.06,extreme greed,3019.5077600000004,extreme greed,3.031996458403663,extreme fear,1276.3831994456411,extreme greed,0.5461340222529756,extreme fear,33.6,fear,25.732400000000002,fear,2.0981000000000005,extreme fear,3.5457286676800837,extreme fear
2020-09-04,3.8000000000000003,extreme fear,3426.96,extreme greed,3023.8656,extreme greed,2.8470423465541224,extreme fear,1254.0866714178053,extreme greed,0.6007932835949191,extreme fear,30.75,fear,25.703000000000003,fear,2.1087,extreme fear,2.843137254901978,extreme fear
2020-09-08,3.4000000000000004,extreme fear,3331.84,extreme greed,3028.5892799999997,extreme greed,2.6515724171648847,extreme fear,1202.6375248905333,extreme greed,0.6282537818374522,extreme fear,31.46,fear,25.637600000000003,fear,2.0869000000000004,extreme fear,0.3515967502274626,extreme fear
2020-09-09,50.0,neutral,3398.96,extreme greed,3035.93584,extreme greed,2.4554305057409933,extreme fear,1178.8941090447013,extreme greed,0.6579375630040553,extreme fear,28.81,fear,25.578200000000002,fear,2.1088000000000005,extreme fear,0.6613676795764082,extreme fear
2020-09-10,50.0,neutral,3339.19,extreme greed,3040.9612,extreme greed,2.3311617836255114,extreme fear,1123.5651618777451,extreme greed,0.6988536602387018,extreme fear,29.71,fear,25.5638,fear,2.0952,extreme fear,-1.2577637052964603,extreme fear
2020-09-11,50.0,neutral,3340.97,extreme greed,3048.59992,extreme greed,2.2094840314934454,extreme fear,1079.4686560948956,extreme greed,0.7172935645149149,extreme fear,26.87,fear,25.5288,fear,2.1015,extreme fear,-1.3085353157359,extreme fear
2020-09-14,50.0,neutral,3383.54,extreme greed,3055.43472,extreme greed,2.1916764835668125,extreme fear,1075.1741446876429,extreme greed,0.6805626551112626,extreme fear,25.85,fear,25.492200000000004,fear,2.1101999999999994,extreme fear,-0.05692929626058114,extreme fear
2020-09-15,50.0,neutral,3401.2,extreme greed,3063.45952,extreme greed,2.215624421582787,extreme fear,1067.4149094759878,extreme greed,0.6627910250432913,extreme fear,25.59,fear,25.4452,fear,2.1126,extreme fear,0.4617647058823509,extreme fear
2020-09-16,50.0,neutral,3385.49,extreme greed,3071.2683199999997,extreme greed,2.2127827103104116,extreme fear,1081.0140527431795,extreme greed,0.6592884207966561,extreme fear,26.04,fear,25.377399999999998,fear,2.1073,extreme fear,0.3955883941049992,extreme fear
2020-09-17,50.0,neutral,3357.01,extreme greed,3079.68504,extreme greed,2.1924658416188283,extreme fear,1084.089135686286,extreme greed,0.6584864640613771,extreme fear,26.46,fear,25.345,fear,2.1001000000000003,extreme fear,-0.5133756901644319,extreme fear
2020-09-18,50.0,neutral,3319.47,extreme greed,3088.3416,extreme greed,2.2191469527500405,extreme fear,1062.2016224073188,extreme greed,0.6434004171256319,extreme fear,25.83,fear,25.2764,fear,2.1132,extreme fear,-1.859391232137199,extreme fear
2020-09-21,50.0,neutral,3281.06,extreme greed,3095.0114399999998,extreme greed,2.109694754172822,extreme fear,1003.0240195904772,extreme greed,0.6712771083292786,extreme fear,27.78,fear,25.286199999999997,fear,2.1093,extreme fear,-4.250120241873255,extreme fear
2020-09-22,50.0,neutral,3315.57,extreme greed,3101.73152,extreme greed,1.9561491399818633,extreme fear,953.3203185941533,extreme greed,0.6816880547105477,extreme fear,26.86,fear,25.1796,fear,2.1402,extreme fear,-3.8416677129384578,extreme fear
2020-09-23,50.0,neutral,3236.92,extreme greed,3106.58632,extreme greed,1.774949412093126,extreme fear,869.6141842599732,extreme greed,0.7040040344907859,extreme fear,28.58,fear,25.1608,fear,2.1548,extreme fear,-7.489870267323158,extreme fear
2020-09-24,50.0,neutral,3246.59,extreme greed,3112.22728,extreme greed,1.5268895855724005,extreme fear,805.8377678522443,extreme greed,0.7261216567997704,extreme fear,28.51,fear,25.1758,fear,2.1567,extreme fear,-7.85367906346965,extreme fear
2020-09-25,50.0,neutral,3298.46,extreme greed,3117.6017599999996,extreme greed,1.3152105959764553,extreme fear,767.758908248105,extreme greed,0.7256981580979285,extreme fear,26.38,fear,25.1434,fear,2.1772,extreme fear,-6.860792177833704,extreme fear
2020-09-28,50.0,neutral,3351.6,extreme greed,3123.7378400000002,extreme greed,1.251958249618174,extreme fear,767.6861761870723,extreme greed,0.6964949076164733,extreme fear,26.19,fear,25.1536,fear,2.1665000000000005,extreme fear,-4.845829763185054,extreme fear
2020-09-29,50.0,neutral,3335.47,extreme greed,3130.6576,extreme greed,1.247844097976089,extreme fear,744.9433313990359,extreme greed,0.6990389064566263,extreme fear,26.27,fear,25.1898,fear,2.1485,extreme fear,-6.074992479062204,extreme fear
2020-09-30,50.0,neutral,3363.0,extreme greed,3137.3464,extreme greed,1.1778884265092089,extreme fear,745.2181400231894,extreme greed,0.6842289461468172,extreme fear,26.37,fear,25.220399999999998,fear,1.9819,extreme fear,-6.313155171359883,extreme fear
2020-10-01,50.0,neutral,3380.8,extreme greed,3144.4836,extreme greed,1.0124145028059932,extreme fear,753.151877582396,extreme greed,0.6396382518343902,extreme fear,26.7,fear,25.268,fear,1.962,extreme fear,-2.1955594769085223,extreme fear
2020-10-02,50.0,neutral,3348.44,extreme greed,3149.96168,extreme greed,0.935227108223781,extreme fear,775.8096217279215,extreme greed,0.6339395699002681,extreme fear,27.63,fear,25.298999999999996,fear,2.1793000000000005,extreme fear,-2.77307960333752,extreme fear
2020-10-05,50.0,neutral,3408.63,extreme greed,3155.9554399999997,extreme greed,1.086347791670939,extreme fear,827.1582769647338,extreme greed,0.6355226314672244,extreme fear,27.96,fear,25.3414,fear,2.1786999999999996,extreme fear,2.539118311571974,extreme fear
2020-10-06,50.0,neutral,3360.95,extreme greed,3160.8432000000003,extreme greed,1.3232163408432853,extreme fear,847.6879719142565,extreme greed,0.6351654004376573,extreme fear,29.48,fear,25.4362,fear,2.1477,extreme fear,-1.114383344403475,extreme fear
2020-10-07,50.0,neutral,3419.45,extreme greed,3165.8802400000004,extreme greed,1.495371467123512,extreme fear,897.9321268081388,extreme greed,0.6243370095077724,extreme fear,28.06,fear,25.488599999999998,fear,2.143,extreme fear,2.788977970306176,extreme fear
2020-10-08,50.0,neutral,3446.83,extreme greed,3171.36184,extreme greed,1.7110551188613605,extreme fear,976.9758510369368,extreme greed,0.6213335485927564,extreme fear,26.36,fear,25.5338,fear,2.1287,extreme fear,3.632853365655765,extreme fear
2020-10-09,50.0,neutral,3477.13,extreme greed,3176.4103999999998,extreme greed,1.98893671291124,extreme fear,1045.1738835495667,extreme greed,0.5965196389783812,extreme fear,25.0,extreme fear,25.538600000000002,fear,2.1253,extreme fear,3.1341791494989155,extreme fear
2020-10-12,50.0,neutral,3534.22,extreme greed,3182.41728,extreme greed,2.191901469788869,extreme fear,1114.5121579383435,extreme greed,0.5845738246870292,extreme fear,25.07,fear,25.5508,fear,2.1202999999999994,extreme fear,4.122844954234065,extreme fear
2020-10-13,50.0,neutral,3511.93,extreme greed,3188.1163199999996,extreme greed,2.2738491417876663,extreme fear,1145.7616928366517,extreme greed,0.5669176031192021,extreme fear,26.07,fear,25.586599999999997,fear,2.1186,extreme fear,3.581844898936711,extreme fear
2020-10-14,50.0,neutral,3488.67,extreme greed,3193.0292,extreme greed,2.237341578928522,extreme fear,1164.3972691416056,extreme greed,0.5594192453862007,extreme fear,26.4,fear,25.639400000000002,fear,2.1269,extreme fear,3.819570649228107,extreme fear
2020-10-15,50.0,neutral,3483.34,extreme greed,3198.31064,extreme greed,2.2155397825940155,extreme fear,1191.0152544518612,extreme greed,0.5715342664138058,extreme fear,26.97,fear,25.719,fear,2.1293,extreme fear,4.938150702885709,extreme fear
2020-10-16,50.0,neutral,3483.81,extreme greed,3204.28864,extreme greed,2.2944471465619194,extreme fear,1212.0864500469008,extreme greed,0.5765559550605571,extreme fear,27.41,fear,25.8142,fear,2.1403000000000003,extreme fear,6.258972469569993,extreme fear
2020-10-19,50.0,neutral,3426.92,extreme greed,3209.30952,extreme greed,2.4246923782261662,extreme fear,1201.2492410088778,extreme greed,0.5904006049453858,extreme fear,29.18,fear,25.953599999999998,fear,2.1341,extreme fear,3.7919380845594173,extreme fear
2020-10-20,50.0,neutral,3443.12,extreme greed,3214.47208,extreme greed,2.54603216684235,extreme fear,1213.1977216956222,extreme greed,0.6038321554087928,extreme fear,29.35,fear,26.098000000000003,fear,2.1275,extreme fear,7.357725301229232,extreme fear
2020-10-21,50.0,neutral,3435.56,extreme greed,3219.2626399999995,extreme greed,2.6616570142401885,extreme fear,1208.9798629631146,extreme greed,0.6216277476514345,extreme fear,28.65,fear,26.1904,fear,2.1142,extreme fear,7.052518230466549,extreme fear
2020-10-22,50.0,neutral,3453.49,extreme greed,3223.8627199999996,extreme greed,2.816153594725392,extreme fear,1233.0840754185294,extreme greed,0.6239642872148974,extreme fear,28.11,fear,26.307000000000002,fear,2.1139,extreme fear,6.375968202266181,extreme fear
2020-10-23,50.0,neutral,3465.39,extreme greed,3228.67872,extreme greed,2.955337593739105,extreme fear,1262.525441806907,extreme greed,0.6352240530096563,extreme fear,27.55,fear,26.415399999999998,fear,2.1085999999999996,extreme fear,4.835341741578721,extreme fear
2020-10-26,2.7,extreme fear,3400.97,extreme greed,3232.3704000000002,extreme greed,2.838042531348708,extreme fear,1244.345956215698,extreme greed,0.6703590714923428,extreme fear,32.46,fear,26.6236,fear,2.1127999999999996,extreme fear,3.309939960228772,extreme fear
2020-10-27,2.3000000000000003,extreme fear,3390.68,extreme greed,3236.1964,extreme greed,2.68649342644043,extreme fear,1202.0275957258632,extreme greed,0.6797416306903415,extreme fear,33.35,fear,26.8636,fear,2.1359000000000004,extreme fear,1.7005478994010863,extreme fear
2020-10-28,0.30000000000000004,extreme fear,3271.03,extreme greed,3239.71896,extreme greed,2.442034788982045,extreme fear,1123.003103616086,extreme greed,0.7233158984612296,extreme fear,40.28,fear,27.239,fear,2.1515,extreme fear,-2.3651058455492753,extreme fear
2020-10-29,1.1,extreme fear,3310.11,extreme greed,3243.4579200000003,extreme greed,2.1958494922197254,extreme fear,1075.1776468663272,extreme greed,0.7344305607224889,extreme fear,37.59,fear,27.54,fear,2.1814,extreme fear,-0.14908981166355806,extreme fear
2020-10-30,1.9000000000000001,extreme fear,3269.96,extreme greed,3246.67008,extreme greed,2.0215664014057806,extreme fear,1025.42770188113,extreme greed,0.7863311025351005,extreme fear,38.02,fear,27.846000000000004,fear,2.1664000000000003,extreme fear,-3.184356522745771,extreme fear
2020-11-02,2.8000000000000003,extreme fear,3310.24,extreme greed,3250.36464,extreme greed,1.849482134283042,extreme fear,1016.2346179721033,extreme greed,0.7681566518732051,extreme fear,37.13,fear,28.1378,fear,1.9895,extreme fear,-0.5652264476581487,extreme fear
2020-11-03,3.6,extreme fear,3369.16,extreme greed,3254.2684,extreme greed,1.67810753313435,extreme fear,1042.4855048709871,extreme greed,0.7747165804024203,extreme fear,35.55,fear,28.4014,fear,2.2205,extreme fear,-0.581723274122337,extreme fear
2020-11-04,50.0,neutral,3443.44,extreme greed,3258.37752,extreme greed,1.6138800809984317,extreme fear,1059.2546135373357,extreme greed,0.7481758732043572,extreme fear,29.57,fear,28.552200000000003,fear,2.1965,extreme fear,0.04316761356309649,extreme fear
2020-11-05,50.0,neutral,3510.45,extreme greed,3263.01856,extreme greed,1.589324733620883,extreme fear,1106.4713735728844,extreme greed,0.7281828052104805,extreme fear,27.58,fear,28.6384,fear,2.1811,extreme fear,1.076862102428378,extreme fear
2020-11-06,50.0,neutral,3509.44,extreme greed,3268.13312,extreme greed,1.5190577722772765,extreme fear,1140.661908403404,extreme greed,0.6663153119976613,extreme fear,24.86,extreme fear,28.6462,fear,2.1618,extreme fear,-0.10783595407465535,extreme fear
2020-11-09,50.0,neutral,3550.5,extreme greed,3273.97712,extreme greed,1.770503027013693,extreme fear,1201.1314443404099,extreme greed,0.6378783058975294,extreme fear,25.75,fear,28.701999999999998,fear,2.1622000000000003,extreme fear,2.746133005485719,extreme fear
2020-11-10,50.0,neutral,3545.53,extreme greed,3279.5213599999997,extreme greed,1.859835172530664,extreme fear,1264.8786943004256,extreme greed,0.6267610031988475,extreme fear,24.8,extreme fear,28.6698,fear,2.0907,extreme fear,3.564787488956836,extreme fear
2020-11-11,50.0,neutral,3572.66,extreme greed,3285.1930399999997,extreme greed,1.7745351726128997,extreme fear,1305.1850387142242,extreme greed,0.6133447452770084,extreme fear,23.45,extreme fear,28.616400000000002,fear,2.1005999999999996,extreme fear,4.162450797847152,extreme fear
2020-11-12,50.0,neutral,3537.01,extreme greed,3289.8578399999997,extreme greed,1.7467192395746338,extreme fear,1307.8297924944363,extreme greed,0.6425841133049665,extreme fear,25.35,fear,28.592000000000002,fear,2.1001,extreme fear,2.657464204510991,extreme fear
2020-11-13,50.0,neutral,3585.15,extreme greed,3295.15552,extreme greed,1.67588922871309,extreme fear,1342.644139236694,extreme greed,0.6502710672112245,extreme fear,23.1,extreme fear,28.381999999999998,fear,2.1395,extreme fear,5.58062825613371,extreme fear
2020-11-16,50.0,neutral,3626.91,extreme greed,3300.39792,extreme greed,1.9224388340085774,extreme fear,1405.8522204425144,extreme greed,0.6496383817358092,extreme fear,22.45,extreme fear,28.215999999999998,fear,2.1414999999999997,extreme fear,6.325963701690372,extreme fear
2020-11-17,50.0,neutral,3609.53,extreme greed,3305.68608,extreme greed,2.18261577313799,extreme fear,1467.5012674910774,extreme greed,0.6377734494286221,extreme fear,22.71,extreme fear,28.041,fear,2.1281,extreme fear,5.605080692845066,extreme fear
2020-11-18,50.0,neutral,3567.79,extreme greed,3310.5847999999996,extreme greed,2.391608913248319,extreme fear,1501.4576430067684,extreme greed,0.6167301813794545,extreme fear,23.84,extreme fear,27.941599999999998,fear,2.1346,extreme fear,3.433139589519095,extreme fear
2020-11-19,50.0,neutral,3581.87,extreme greed,3315.3055999999997,extreme greed,2.527152186089482,extreme fear,1543.9056733527568,extreme greed,0.5854271707586884,extreme fear,23.11,extreme fear,27.8096,fear,2.1334000000000004,extreme fear,3.556432606407435,extreme fear
2020-11-20,50.0,neutral,3557.54,extreme greed,3319.47688,extreme greed,2.6150156938984046,extreme fear,1571.3109796827312,extreme greed,0.5716773722291032,extreme fear,23.7,extreme fear,27.7462,fear,2.1468,extreme fear,4.875174817868695,extreme fear
2020-11-23,50.0,neutral,3577.59,extreme greed,3323.85976,extreme greed,3.0050451810674637,extreme fear,1623.0098610800242,extreme greed,0.5611050464330205,extreme fear,22.66,extreme fear,27.682399999999998,fear,2.1555,extreme fear,6.284709844673406,extreme fear
2020-11-24,50.0,neutral,3635.41,extreme greed,3328.58856,extreme greed,3.5917248066495313,extreme fear,1695.3668257430554,extreme greed,0.5411287820433467,extreme fear,21.64,extreme fear,27.6034,fear,2.142,extreme fear,11.90755058309499,extreme fear
2020-11-25,50.0,neutral,3629.65,extreme greed,3333.17992,extreme greed,4.141433450010065,extreme fear,1746.9537510471494,extreme greed,0.5320235690098312,extreme fear,21.25,extreme fear,27.507600000000004,fear,2.1223,extreme fear,10.199230865030218,extreme fear
2020-11-27,50.0,neutral,3638.35,extreme greed,3337.64016,extreme greed,4.575171495759848,extreme fear,1779.8252473045432,extreme greed,0.5119603683820693,extreme fear,20.84,extreme fear,27.3952,fear,2.1222,extreme fear,11.061959303806582,extreme fear
2020-11-30,50.0,neutral,3621.63,extreme greed,3341.6302400000004,extreme greed,4.95704181127371,extreme fear,1774.492554843963,extreme greed,0.5060352133883125,extreme fear,20.57,extreme fear,27.29,fear,2.1334000000000004,extreme fear,9.47869579105575,extreme fear
2020-12-01,50.0,neutral,3662.45,extreme greed,3346.03104,extreme greed,5.315173747830778,extreme fear,1783.9530096017554,extreme greed,0.5004820024128753,extreme fear,20.77,extreme fear,27.1498,fear,1.9915000000000003,extreme fear,9.11501880444016,extreme fear
2020-12-02,50.0,neutral,3669.01,extreme greed,3349.83168,extreme greed,5.465551787554025,extreme fear,1805.998222035566,extreme greed,0.5020542318460636,extreme fear,21.17,extreme fear,27.035999999999998,fear,2.1771,extreme fear,7.98652853289856,extreme fear
2020-12-03,50.0,neutral,3666.72,extreme greed,3353.30632,extreme greed,5.63223423759963,extreme fear,1835.631222817196,extreme greed,0.4939748210863253,extreme fear,21.28,extreme fear,26.89,fear,2.1710000000000003,extreme fear,5.6379485094982655,extreme fear
2020-12-04,50.0,neutral,3699.12,extreme greed,3357.24184,extreme greed,5.874599620569335,extreme fear,1887.6784730776774,extreme greed,0.49702927931919366,extreme fear,20.79,extreme fear,26.735599999999998,fear,2.1702999999999997,extreme fear,6.598989055579751,extreme fear
2020-12-07,50.0,neutral,3691.96,extreme greed,3361.2563999999998,extreme greed,6.092041582644427,extreme fear,1914.4205149085149,extreme greed,0.48497693167647854,extreme fear,21.3,extreme fear,26.634,fear,2.1454,extreme fear,4.055871208496726,extreme fear
2020-12-08,50.0,neutral,3702.25,extreme greed,3366.8576,extreme greed,6.08726391426191,extreme fear,1945.7035946773765,extreme greed,0.4770546822402949,extreme fear,20.68,extreme fear,26.523799999999998,fear,2.1487000000000003,extreme fear,4.094618905316489,extreme fear
2020-12-09,50.0,neutral,3672.82,extreme greed,3371.9096799999998,extreme greed,6.354219075982756,extreme fear,1966.1807424526744,extreme greed,0.4881987721890189,extreme fear,22.27,extreme fear,26.443799999999996,fear,2.1455,extreme fear,2.7409488031823215,extreme fear
2020-12-10,50.0,neutral,3668.1,extreme greed,3376.7217600000004,extreme greed,6.704186278684011,extreme fear,1985.4543303921819,extreme greed,0.4992379215476143,extreme fear,22.52,extreme fear,26.3668,fear,2.135,extreme fear,4.016333308233182,extreme fear
2020-12-11,50.0,neutral,3663.46,extreme greed,3381.03152,extreme greed,7.025661022210174,extreme fear,1975.5581915201096,extreme greed,0.49788968411327506,extreme fear,23.31,extreme fear,26.299,fear,2.1485,extreme fear,2.1625341297073266,extreme fear
2020-12-14,50.0,neutral,3647.49,extreme greed,3385.30352,extreme greed,7.271372174339413,extreme fear,1931.8395785866182,extreme greed,0.5116069409047874,extreme fear,24.72,extreme fear,26.240800000000004,fear,2.1502,extreme fear,-0.007296637273919025,extreme fear
2020-12-15,50.0,neutral,3694.62,extreme greed,3389.9377600000003,extreme greed,7.275091553877408,extreme fear,1922.2724612519974,extreme greed,0.5262581653301556,extreme fear,22.89,extreme fear,26.139400000000002,fear,2.148,extreme fear,2.2330972530701922,extreme fear
2020-12-16,50.0,neutral,3701.17,extreme greed,3394.7652000000003,extreme greed,7.242827132018684,extreme fear,1902.9297979312298,extreme greed,0.5167400819302725,extreme fear,22.5,extreme fear,25.9998,fear,2.148,extreme fear,3.6921571130361555,extreme fear
2020-12-17,50.0,neutral,3722.48,extreme greed,3399.6021599999995,extreme greed,7.368420538025963,extreme fear,1901.0868990738024,extreme greed,0.5018048348704129,extreme fear,21.93,extreme fear,25.877200000000002,fear,2.1418,extreme fear,4.088966185254313,extreme fear
2020-12-18,50.0,neutral,3709.41,extreme greed,3404.22712,extreme greed,7.698917292155864,extreme fear,1877.2298932698568,extreme greed,0.5103479582924738,extreme fear,21.57,extreme fear,25.781399999999998,fear,2.1441,extreme fear,4.633268809695379,extreme fear
2020-12-21,50.0,neutral,3694.92,extreme greed,3409.38384,extreme greed,7.799804345954774,extreme fear,1834.5317913681286,extreme greed,0.5176910321476939,extreme fear,25.16,fear,25.7846,fear,2.2438,extreme fear,3.408954484393549,extreme fear
2020-12-22,50.0,neutral,3687.26,extreme greed,3414.2118400000004,extreme greed,7.965247244229282,extreme fear,1779.8783665462788,extreme greed,0.5126242312283378,extreme fear,24.23,extreme fear,25.7678,fear,2.2556,extreme fear,1.2693216548574617,extreme fear
2020-12-23,50.0,neutral,3690.01,extreme greed,3419.65952,extreme greed,7.973531421610418,extreme fear,1754.5750371299127,extreme greed,0.5167924917156348,extreme fear,23.31,extreme fear,25.712600000000002,fear,2.2584,extreme fear,1.743077170331712,extreme fear
2020-12-24,50.0,neutral,3703.06,extreme greed,3424.85808,extreme greed,8.048684875076564,extreme fear,1719.057190208391,extreme greed,0.5420532728825542,extreme fear,21.53,extreme fear,25.6152,fear,2.2453000000000003,extreme fear,2.0165090513504342,extreme fear
2020-12-28,50.0,neutral,3735.36,extreme greed,3429.9386400000003,extreme greed,8.21745654792705,extreme fear,1681.919084933131,extreme greed,0.5425194274415949,extreme fear,21.7,extreme fear,25.5098,fear,2.2533,extreme fear,3.291962458206645,extreme fear
2020-12-29,50.0,neutral,3727.04,extreme greed,3434.82808,extreme greed,8.256994324162154,extreme fear,1630.2317443331824,extreme greed,0.5486605704385366,extreme fear,23.08,extreme fear,25.423199999999998,fear,2.2361000000000004,extreme fear,1.3943338463689212,extreme fear
2020-12-30,50.0,neutral,3732.04,extreme greed,3439.6443200000003,extreme greed,8.146653020423935,extreme fear,1603.8068436337583,extreme greed,0.5628641279657434,extreme fear,22.77,extreme fear,25.295,fear,2.2354999999999996,extreme fear,1.0778475166523114,extreme fear
2020-12-31,50.0,neutral,3756.07,extreme greed,3444.25512,extreme greed,8.223308103346444,extreme fear,1585.874546198203,extreme greed,0.5815088346867139,extreme fear,22.75,extreme fear,25.162999999999997,fear,2.2343,extreme fear,1.8662698940964142,extreme fear
2021-01-04,50.0,neutral,3700.65,extreme greed,3448.6977599999996,extreme greed,8.172091947280146,extreme fear,1548.205787087732,extreme greed,0.5872539679756988,extreme fear,26.97,fear,25.1294,fear,2.2425000000000006,extreme fear,-0.8144561235165269,extreme fear
2021-01-05,50.0,neutral,3726.86,extreme greed,3453.1531199999995,extreme greed,7.91617239905852,extreme fear,1539.0520609549692,extreme greed,0.591191217303833,extreme fear,25.34,fear,25.074,fear,2.2348,extreme fear,0.5773400898790612,extreme fear
2021-01-06,50.0,neutral,3748.14,extreme greed,3457.92184,extreme greed,8.027839815800196,extreme fear,1558.2270940996775,extreme greed,0.5807915476136919,extreme fear,25.07,fear,25.0244,fear,2.2177,extreme fear,1.5885135853980692,extreme fear
2021-01-07,50.0,neutral,3803.79,extreme greed,3462.87184,extreme greed,8.171398732032348,extreme fear,1587.1496949995947,extreme greed,0.568809695504045,extreme fear,22.37,extreme fear,24.822599999999998,extreme fear,2.1885,extreme fear,4.195972843043102,extreme fear
2021-01-08,50.0,neutral,3824.68,extreme greed,3468.22752,extreme greed,8.21784852550597,extreme fear,1607.0036049342038,extreme greed,0.560314815550691,extreme fear,21.56,extreme fear,24.586800000000004,extreme fear,2.1865,extreme fear,5.348373012716143,extreme fear
2021-01-11,50.0,neutral,3799.61,extreme greed,3473.04424,extreme greed,8.067314462760603,extreme fear,1621.5591791248003,extreme greed,0.5507748769301033,extreme fear,24.08,extreme fear,24.262800000000002,extreme fear,2.1817,extreme fear,5.186797608478761,extreme fear
2021-01-12,50.0,neutral,3801.19,extreme greed,3477.6412800000003,extreme greed,8.254803825122263,extreme fear,1655.543975126182,extreme greed,0.5347467985034398,extreme fear,23.33,extreme fear,23.9776,extreme fear,2.1828,extreme fear,6.090719036675328,extreme fear
2021-01-13,50.0,neutral,3809.84,extreme greed,3482.39544,extreme greed,8.496356679387281,extreme fear,1672.350352006723,extreme greed,0.5214866030652257,extreme fear,22.21,extreme fear,23.6614,extreme fear,2.1887,extreme fear,4.509119947187721,extreme fear
2021-01-14,50.0,neutral,3795.54,extreme greed,3486.9619199999997,extreme greed,8.770287645017094,extreme fear,1706.0748978643069,extreme greed,0.5127700360199657,extreme fear,23.25,extreme fear,23.3838,extreme fear,2.201,extreme fear,4.13056333587708,extreme fear
2021-01-15,50.0,neutral,3768.25,extreme greed,3491.0932000000003,extreme greed,8.794957626790625,extreme fear,1709.535492152574,extreme greed,0.5159901104635612,extreme fear,24.34,extreme fear,23.1596,extreme fear,2.1881,extreme fear,2.426146378240843,extreme fear
2021-01-19,50.0,neutral,3798.91,extreme greed,3495.42608,extreme greed,8.693979621693977,extreme fear,1719.6713879750507,extreme greed,0.5109047587488557,extreme fear,23.24,extreme fear,23.032999999999998,extreme fear,2.1913,extreme fear,3.483376575051876,extreme fear
2021-01-20,50.0,neutral,3851.85,extreme greed,3500.03272,extreme greed,8.600519474099293,extreme fear,1728.5887091831846,extreme greed,0.5172025940444855,extreme fear,21.58,extreme fear,22.913,extreme fear,2.1907,extreme fear,5.263054273216323,extreme fear
2021-01-21,50.0,neutral,3853.07,extreme greed,3504.972,extreme greed,8.732861809061246,extreme fear,1716.4618397087181,extreme greed,0.5203772892956492,extreme fear,21.32,extreme fear,22.8422,extreme fear,2.1855,extreme fear,5.863393601256266,extreme fear
2021-01-22,68.9,greed,3841.47,extreme greed,3509.97872,extreme greed,8.547911637982837,extreme fear,1701.6493181010549,extreme greed,0.5304267691768862,extreme fear,21.91,extreme fear,22.765400000000003,extreme fear,2.175,extreme fear,5.060638379817566,extreme fear
2021-01-25,69.7,greed,3855.36,extreme greed,3514.90632,extreme greed,8.44763652384277,extreme fear,1686.095290779216,extreme greed,0.5081120033260781,extreme fear,23.19,extreme fear,22.733199999999997,extreme fear,2.1822999999999997,extreme fear,4.811479746991736,extreme fear
2021-01-26,67.4,greed,3849.62,extreme greed,3519.95576,extreme greed,8.332281714421335,extreme fear,1665.917923125069,extreme greed,0.48907827600124715,extreme fear,23.02,extreme fear,22.7246,extreme fear,2.1906000000000003,extreme fear,3.8023645238649775,extreme fear
2021-01-27,28.200000000000003,fear,3750.77,extreme greed,3523.8944,extreme greed,8.052746518420392,extreme fear,1638.8637205418747,extreme greed,0.48654304494356315,extreme fear,37.21,fear,22.961799999999997,extreme fear,2.1893999999999996,extreme fear,1.346713794283644,extreme fear
2021-01-28,52.900000000000006,neutral,3787.38,extreme greed,3528.22368,extreme greed,7.86482930684366,extreme fear,1618.8682340452963,extreme greed,0.47716256089135484,extreme fear,30.21,fear,23.104,extreme fear,2.1893999999999996,extreme fear,2.391237931636413,extreme fear
2021-01-29,40.966666666666676,fear,3714.24,extreme greed,3531.7686400000002,extreme greed,7.720259951259453,extreme fear,1569.5201354560857,extreme greed,0.5068950404915499,extreme fear,33.09,fear,23.316799999999997,extreme fear,2.1893999999999996,extreme fear,0.06119388233069688,extreme fear
2021-02-01,43.400000000000006,fear,3773.86,extreme greed,3535.60264,extreme greed,7.572674511370187,extreme fear,1554.9361965082392,extreme greed,0.5115737507266036,extreme fear,30.24,fear,23.467399999999998,extreme fear,2.1883,extreme fear,3.0519190758108974,extreme fear
2021-02-02,60.46666666666667,greed,3826.31,extreme greed,3539.76104,extreme greed,7.555964179785155,extreme fear,1551.9343155482422,extreme greed,0.5236006410976332,extreme fear,25.56,fear,23.501800000000003,extreme fear,2.1938999999999997,extreme fear,3.8388502180935964,extreme fear
2021-02-03,59.199999999999996,greed,3830.17,extreme greed,3543.78024,extreme greed,7.590935335133073,extreme fear,1562.6350232520278,extreme greed,0.5266632435462422,extreme fear,22.91,extreme fear,23.497799999999998,extreme fear,2.1783000000000006,extreme fear,2.963970352890959,extreme fear
2021-02-04,61.06666666666667,greed,3871.74,extreme greed,3547.9608800000005,extreme greed,7.371965838807869,extreme fear,1584.4959930806583,extreme greed,0.5345098336248775,extreme fear,21.77,extreme fear,23.459199999999996,extreme fear,2.164,extreme fear,2.2956542157161746,extreme fear
2021-02-05,68.0,greed,3886.83,extreme greed,3552.2452799999996,extreme greed,7.200094554966839,extreme fear,1619.3799370023326,extreme greed,0.5083090396432978,extreme fear,20.87,extreme fear,23.4234,extreme fear,2.1602,extreme fear,2.0402501727900226,extreme fear
2021-02-08,72.86666666666667,greed,3915.59,extreme greed,3556.68624,extreme greed,7.148502842458096,extreme fear,1669.7637133963826,extreme greed,0.4975072087085389,extreme fear,21.24,extreme fear,23.415399999999998,extreme fear,2.1478000000000006,extreme fear,3.243216398356002,extreme fear
2021-02-09,75.4,extreme greed,3911.23,extreme greed,3561.30656,extreme greed,7.538757705059146,extreme fear,1706.3598102571902,extreme greed,0.48197616545556665,extreme fear,21.63,extreme fear,23.423,extreme fear,2.1485,extreme fear,3.0469348078651692,extreme fear
2021-02-10,75.26666666666667,extreme greed,3909.88,extreme greed,3565.5427999999997,extreme greed,7.571500510240019,extreme fear,1738.0679758666124,extreme greed,0.4726324517807855,extreme fear,21.99,extreme fear,23.445999999999998,extreme fear,2.1454,extreme fear,2.8383102577338617,extreme fear
2021-02-11,76.0,extreme greed,3916.38,extreme greed,3569.8864,extreme greed,7.474940969571708,extreme fear,1751.9714427210813,extreme greed,0.46016487130111977,extreme fear,21.25,extreme fear,23.459600000000002,extreme fear,2.1523,extreme fear,3.216940809073954,extreme fear
2021-02-12,77.66666666666667,extreme greed,3934.83,extreme greed,3574.3822400000004,extreme greed,7.293477756664461,extreme fear,1775.2128819583224,extreme greed,0.45942609147493696,extreme fear,19.97,extreme fear,23.4436,extreme fear,2.1455,extreme fear,5.086499701852537,extreme fear
2021-02-16,73.93333333333334,greed,3932.59,extreme greed,3578.78704,extreme greed,7.492991388668846,extreme fear,1798.6097889692376,extreme greed,0.4695092362016503,extreme fear,21.46,extreme fear,23.4494,extreme fear,2.1336,extreme fear,4.969471972509432,extreme fear
2021-02-17,70.2,greed,3931.33,extreme greed,3583.11944,extreme greed,7.571099525642645,extreme fear,1806.7344618707095,extreme greed,0.48200937972420127,extreme fear,21.5,extreme fear,23.4538,extreme fear,2.1189999999999998,extreme fear,3.549769582541911,extreme fear
2021-02-18,62.53333333333334,greed,3913.97,extreme greed,3587.4324000000006,extreme greed,7.351606314400541,extreme fear,1783.6380913323433,extreme greed,0.5029638054778456,extreme fear,22.49,extreme fear,23.487800000000004,extreme fear,2.1306000000000003,extreme fear,2.89329565094891,extreme fear
2021-02-19,56.239999999999995,greed,3906.71,extreme greed,3591.602,extreme greed,7.290600603884594,extreme fear,1776.635937159378,extreme greed,0.5208235561461567,extreme fear,22.05,extreme fear,23.502799999999997,extreme fear,2.1336000000000004,extreme fear,3.593845113627396,extreme fear
2021-02-22,52.48,neutral,3876.5,extreme greed,3595.4367199999997,extreme greed,7.429376908547444,extreme fear,1771.1836158872939,extreme greed,0.5275057219857046,extreme fear,23.45,extreme fear,23.558200000000003,extreme fear,2.1175,extreme fear,2.9733434573312416,extreme fear
2021-02-23,50.56,neutral,3881.37,extreme greed,3599.03744,extreme greed,7.330617622198816,extreme fear,1761.0533500558397,extreme greed,0.5471995733796644,extreme fear,23.11,extreme fear,23.575,extreme fear,2.1057,extreme fear,3.120281618108265,extreme fear
2021-02-24,63.8,greed,3925.43,extreme greed,3602.89192,extreme greed,7.45854081482013,extreme fear,1774.7556650082258,extreme greed,0.5434234200253428,extreme fear,21.34,extreme fear,23.551399999999997,extreme fear,2.1031,extreme fear,7.030215579613594,extreme fear
2021-02-25,46.160000000000004,neutral,3829.34,extreme greed,3605.6967999999997,extreme greed,7.728372707239654,extreme fear,1746.279486613537,extreme greed,0.5514953586713316,extreme fear,28.89,fear,23.662999999999997,extreme fear,2.1004,extreme fear,4.714410963751055,extreme fear
2021-02-26,53.52,neutral,3811.15,extreme greed,3608.3096,extreme greed,7.607507100923008,extreme fear,1691.960919064347,extreme greed,0.5813228669266013,extreme fear,27.95,fear,23.7276,extreme fear,2.0903,extreme fear,5.18644806224782,extreme fear
2021-03-01,58.52,greed,3901.82,extreme greed,3611.46008,extreme greed,7.807775094007438,extreme fear,1675.2824842195153,extreme greed,0.582750900164644,extreme fear,23.35,extreme fear,23.736800000000002,extreme fear,2.1341,extreme fear,6.210199126842349,extreme fear
2021-03-02,50.32000000000001,neutral,3870.29,extreme greed,3614.41992,extreme greed,7.869266392664384,extreme fear,1653.7482661341237,extreme greed,0.569690365291024,extreme fear,24.1,extreme fear,23.768800000000002,extreme fear,2.0946,extreme fear,3.5508282423329094,extreme fear
2021-03-03,43.84,fear,3819.72,extreme greed,3616.76448,extreme greed,7.88611077706157,extreme fear,1632.5313188610244,extreme greed,0.5970069333505863,extreme fear,26.67,fear,23.8636,extreme fear,2.0982,extreme fear,2.404805961878466,extreme fear
2021-03-04,37.8,fear,3768.47,extreme greed,3618.26552,extreme greed,7.734321595541141,extreme fear,1590.7307172420421,extreme greed,0.6113145152960143,extreme fear,28.57,fear,24.003600000000002,extreme fear,2.0883,extreme fear,0.5131117487645467,extreme fear
2021-03-05,41.52,fear,3841.94,extreme greed,3621.36056,extreme greed,7.452808725509003,extreme fear,1578.109358924806,extreme greed,0.6179478911442476,extreme fear,24.66,extreme fear,23.9936,extreme fear,2.0832999999999995,extreme fear,1.853189797369197,extreme fear
2021-03-08,39.08,fear,3821.35,extreme greed,3624.5156799999995,extreme greed,7.577475138983202,extreme fear,1570.846855906795,extreme greed,0.6259913855272441,extreme fear,25.47,fear,24.018399999999996,extreme fear,2.0797000000000003,extreme fear,1.0570166466391893,extreme fear
2021-03-09,43.36,fear,3875.44,extreme greed,3628.86448,extreme greed,7.599807194204877,extreme fear,1567.207319866347,extreme greed,0.6319545406262258,extreme fear,24.03,extreme fear,24.0328,extreme fear,2.0719,extreme fear,2.133908924138827,extreme fear
2021-03-10,45.56,neutral,3898.81,extreme greed,3632.8632799999996,extreme greed,7.546680948313339,extreme fear,1585.975789904233,extreme greed,0.6213934299509989,extreme fear,22.56,extreme fear,24.0534,extreme fear,2.0872,extreme fear,2.825561470991591,extreme fear
2021-03-11,50.480000000000004,neutral,3939.34,extreme greed,3637.66448,extreme greed,7.741893074600677,extreme fear,1614.657593293076,extreme greed,0.5893902421707498,extreme fear,21.91,extreme fear,24.057599999999997,extreme fear,2.0945,extreme fear,3.642435314402795,extreme fear
2021-03-12,53.720000000000006,neutral,3943.34,extreme greed,3642.48344,extreme greed,8.067577223756821,extreme fear,1653.721167544855,extreme greed,0.553286400141419,extreme fear,20.69,extreme fear,24.0098,extreme fear,2.077,extreme fear,3.682245273879709,extreme fear
2021-03-15,56.52,greed,3968.94,extreme greed,3647.1666399999995,extreme greed,8.28188378959465,extreme fear,1695.6939992788934,extreme greed,0.5343090494652167,extreme fear,20.03,extreme fear,23.955,extreme fear,2.063,extreme fear,3.548115245824141,extreme fear
2021-03-16,54.8,neutral,3962.71,extreme greed,3651.6587200000004,extreme greed,8.285862701362282,extreme fear,1701.7151032078505,extreme greed,0.5396147103763514,extreme fear,19.79,extreme fear,23.895799999999998,extreme fear,2.0673999999999997,extreme fear,3.47687646622786,extreme fear
2021-03-17,57.86666666666667,greed,3974.12,extreme greed,3656.36776,extreme greed,8.276280442230616,extreme fear,1722.7693899676945,extreme greed,0.5456992280664352,extreme fear,19.23,extreme fear,23.741,extreme fear,2.0685999999999996,extreme fear,4.391915427905719,extreme fear
2021-03-18,52.333333333333336,neutral,3915.46,extreme greed,3660.8353600000005,extreme greed,8.564359864407114,extreme fear,1713.6313633720133,extreme greed,0.5525181959207747,extreme fear,21.58,extreme fear,23.6658,extreme fear,2.0685999999999996,extreme fear,3.314474484973085,extreme fear
2021-03-19,50.833333333333336,neutral,3913.1,extreme greed,3665.5843999999997,extreme greed,8.387226509720083,extreme fear,1697.5878882031939,extreme greed,0.5734842336862308,extreme fear,20.95,extreme fear,23.583399999999997,extreme fear,2.0679999999999996,extreme fear,3.798045393427039,extreme fear
2021-03-22,50.699999999999996,neutral,3940.59,extreme greed,3670.8606400000003,extreme greed,8.070740160534248,extreme fear,1670.22609209434,extreme greed,0.5838073879751065,extreme fear,18.88,extreme fear,23.5136,extreme fear,2.0792,extreme fear,4.24600032888056,extreme fear
2021-03-23,41.800000000000004,fear,3910.52,extreme greed,3675.6202399999997,extreme greed,7.714309890190946,extreme fear,1606.419588081766,extreme greed,0.5980816699152587,extreme fear,20.3,extreme fear,23.4884,extreme fear,2.0792,extreme fear,1.7434101772322192,extreme fear
2021-03-24,37.66666666666667,fear,3889.14,extreme greed,3680.838,extreme greed,7.108088798985336,extreme fear,1531.2338464347627,extreme greed,0.6251198472642565,extreme fear,21.2,extreme fear,23.430799999999998,extreme fear,2.0794,extreme fear,2.2158382517417974,extreme fear
2021-03-25,37.833333333333336,fear,3909.52,extreme greed,3686.14144,extreme greed,6.450427606766897,extreme fear,1489.9041872526059,extreme greed,0.6602942797040006,extreme fear,19.81,extreme fear,23.3604,extreme fear,2.0736,extreme fear,4.004059837024008,extreme fear
2021-03-26,37.56666666666667,fear,3974.54,extreme greed,3691.55008,extreme greed,6.607375799337278,extreme fear,1469.5543765164764,extreme greed,0.6800063913352739,extreme fear,18.86,extreme fear,23.293400000000002,extreme fear,2.0701,extreme fear,3.355213401972257,extreme fear
2021-03-29,39.56666666666667,fear,3971.09,extreme greed,3696.506,extreme greed,6.620854037771766,extreme fear,1432.5231321823169,extreme greed,0.7015906065616013,extreme fear,20.74,extreme fear,23.2432,extreme fear,2.0625999999999993,extreme fear,4.60729998463038,extreme fear
2021-03-30,42.03333333333334,fear,3958.55,extreme greed,3701.49064,extreme greed,6.633406609662962,extreme fear,1413.2151934332335,extreme greed,0.6895647619453291,extreme fear,19.61,extreme fear,23.148600000000002,extreme fear,2.0526,extreme fear,5.296963802716208,extreme fear
2021-03-31,44.56666666666667,fear,3972.89,extreme greed,3706.36976,extreme greed,6.64772670094163,extreme fear,1387.924301135389,extreme greed,0.6606493984198775,extreme fear,19.4,extreme fear,23.071800000000003,extreme fear,2.0622,extreme fear,6.65559333354537,extreme fear
2021-04-01,46.400000000000006,neutral,4019.87,extreme greed,3711.48232,extreme greed,6.88218446634192,extreme fear,1382.8777416309315,extreme greed,0.6286181781754049,extreme fear,17.33,extreme fear,22.9868,extreme fear,1.8518,extreme fear,5.343790124952571,extreme fear
2021-04-05,54.56666666666667,neutral,4077.91,extreme greed,3717.31808,extreme greed,7.292017321084358,extreme fear,1386.0236373780974,extreme greed,0.5844049007764835,extreme fear,17.91,extreme fear,22.9186,extreme fear,2.0144,extreme fear,7.251453988507732,extreme fear
2021-04-06,53.5,neutral,4073.94,extreme greed,3722.6405600000003,extreme greed,7.238755765685742,extreme fear,1397.3276825310177,extreme greed,0.5568563101603468,extreme fear,18.12,extreme fear,22.842799999999997,extreme fear,1.9986999999999997,extreme fear,5.695468882571191,extreme fear
2021-04-07,52.53333333333333,neutral,4079.95,extreme greed,3728.3925600000002,extreme greed,7.093343392723556,extreme fear,1395.3086593727044,extreme greed,0.544956807094331,extreme fear,17.16,extreme fear,22.7222,extreme fear,1.9985000000000004,extreme fear,5.455863504228881,extreme fear
2021-04-08,48.099999999999994,neutral,4097.17,extreme greed,3733.81432,extreme greed,6.953185191078118,extreme fear,1389.6329640761926,extreme greed,0.5402213319954703,extreme fear,16.95,extreme fear,22.600800000000003,extreme fear,1.9915999999999996,extreme fear,4.500038776804922,extreme fear
2021-04-09,47.5,neutral,4128.8,extreme greed,3739.2700800000002,extreme greed,6.633545226462913,extreme fear,1385.6642193354962,extreme greed,0.5412630036130327,extreme fear,16.69,extreme fear,22.1904,extreme fear,1.9979,extreme fear,4.627779474037357,extreme fear
2021-04-12,43.43333333333334,fear,4127.99,extreme greed,3744.47696,extreme greed,6.2705558631564,extreme fear,1374.007923871603,extreme greed,0.5474886518181726,extreme fear,16.91,extreme fear,21.924400000000002,extreme fear,1.9955,extreme fear,4.224903300162816,extreme fear
2021-04-13,43.63333333333333,fear,4141.59,extreme greed,3749.33592,extreme greed,6.076271854614966,extreme fear,1358.1502422595893,extreme greed,0.5421871722291278,extreme fear,16.65,extreme fear,21.595600000000005,extreme fear,1.9985000000000004,extreme fear,4.245851293222365,extreme fear
2021-04-14,39.96666666666667,fear,4124.66,extreme greed,3754.23776,extreme greed,6.0111127573332235,extreme fear,1358.002983809396,extreme greed,0.5395157198357263,extreme fear,16.99,extreme fear,21.3306,extreme fear,2.0113,extreme fear,3.515932592929042,extreme fear
2021-04-15,47.16666666666668,neutral,4170.42,extreme greed,3759.69176,extreme greed,6.171738304603426,extreme fear,1362.2144434426411,extreme greed,0.5419412741044172,extreme fear,16.57,extreme fear,21.1508,extreme fear,2.0066,extreme fear,4.906402359313603,extreme fear
2021-04-16,51.300000000000004,neutral,4185.47,extreme greed,3765.3088,extreme greed,6.350718756254019,extreme fear,1382.9873020788323,extreme greed,0.5390514277788798,extreme fear,16.25,extreme fear,21.0176,extreme fear,2.0122,extreme fear,5.690453130930608,extreme fear
2021-04-19,45.26666666666667,neutral,4163.26,extreme greed,3770.7444,extreme greed,6.487045291361597,extreme fear,1387.783567366037,extreme greed,0.5587220672038855,extreme fear,17.29,extreme fear,20.928,extreme fear,1.9965,extreme fear,4.77001371048086,extreme fear
2021-04-20,42.866666666666674,fear,4134.94,extreme greed,3776.40856,extreme greed,6.623688992377565,extreme fear,1362.9443831312533,extreme greed,0.5911241899933976,extreme fear,18.68,extreme fear,20.8842,extreme fear,1.9926,extreme fear,5.021938282608298,extreme fear
2021-04-21,49.63333333333333,neutral,4173.42,extreme greed,3782.25096,extreme greed,6.930020609649847,extreme fear,1376.2763679239752,extreme greed,0.5988266428919952,extreme fear,17.5,extreme fear,20.8094,extreme fear,2.0076,extreme fear,6.636679285857902,extreme fear
2021-04-22,46.70000000000001,neutral,4134.98,extreme greed,3787.84632,extreme greed,7.443799343839018,extreme fear,1372.259809465568,extreme greed,0.6081445311095318,extreme fear,18.71,extreme fear,20.750999999999998,extreme fear,2.0088,extreme fear,5.227946154004656,extreme fear
2021-04-23,47.699999999999996,neutral,4180.17,extreme greed,3793.6597600000005,extreme greed,8.177151780286925,extreme fear,1398.880682397828,extreme greed,0.616284512782314,extreme fear,17.33,extreme fear,20.657799999999998,extreme fear,2.012,extreme fear,4.429652797811615,extreme fear
2021-04-26,50.53333333333334,neutral,4187.62,extreme greed,3799.4376,extreme greed,8.57327809880113,extreme fear,1436.9047904884592,extreme greed,0.5885906090248788,extreme fear,17.64,extreme fear,20.5856,extreme fear,2.0071,extreme fear,4.47790993507077,extreme fear
2021-04-27,54.800000000000004,neutral,4186.72,extreme greed,3805.7236,extreme greed,8.788840381078057,extreme fear,1469.5120091878384,extreme greed,0.5726137738515668,extreme fear,17.56,extreme fear,20.5374,extreme fear,2.0048000000000004,extreme fear,5.01465671319979,extreme fear
2021-04-28,52.400000000000006,neutral,4183.18,extreme greed,3812.0636,extreme greed,9.07399136450045,extreme fear,1507.0042855963195,extreme greed,0.5647591442103674,extreme fear,17.28,extreme fear,20.453799999999998,extreme fear,1.9926000000000004,extreme fear,4.286776106082052,extreme fear
2021-04-29,56.166666666666664,greed,4211.47,extreme greed,3819.58712,extreme greed,9.445697228775474,extreme fear,1539.9600476798137,extreme greed,0.5559279951363956,extreme fear,17.61,extreme fear,20.375999999999998,extreme fear,1.9939000000000002,extreme fear,4.389705289727019,extreme fear
2021-04-30,46.53333333333333,neutral,4181.17,extreme greed,3826.5555999999997,extreme greed,9.540685239025315,extreme fear,1538.2002104468456,extreme greed,0.5742005503761003,extreme fear,18.61,extreme fear,20.2984,extreme fear,1.9878,extreme fear,1.8640151725153973,extreme fear
2021-05-03,47.56666666666667,neutral,4192.66,extreme greed,3833.9372000000003,extreme greed,9.578572848401397,extreme fear,1551.6353555493622,extreme greed,0.5857622473324589,extreme fear,18.31,extreme fear,20.2236,extreme fear,1.8111000000000002,extreme fear,2.5304369717682804,extreme fear
2021-05-04,43.46666666666667,fear,4164.66,extreme greed,3840.77256,extreme greed,9.558632858663627,extreme fear,1548.2731061151987,extreme greed,0.6050570201138076,extreme fear,19.48,extreme fear,20.1442,extreme fear,1.9601000000000004,extreme fear,1.582824114924721,extreme fear
2021-05-05,43.03333333333333,fear,4167.59,extreme greed,3847.16,extreme greed,9.648523616572241,extreme fear,1553.0454328622166,extreme greed,0.6188560377792985,extreme fear,19.15,extreme fear,20.065,extreme fear,1.9718,extreme fear,1.3454022849073664,extreme fear
2021-05-06,43.93333333333334,fear,4201.62,extreme greed,3853.22544,extreme greed,9.828338434556462,extreme fear,1566.7837522512257,extreme greed,0.6366155377219753,extreme fear,18.39,extreme fear,20.006,extreme fear,1.9716,extreme fear,1.1251255358800931,extreme fear
2021-05-07,48.166666666666664,neutral,4232.6,extreme greed,3859.0026399999997,extreme greed,10.172189004471974,extreme fear,1603.5401853879475,extreme greed,0.6212289292326517,extreme fear,16.69,extreme fear,19.761999999999997,extreme fear,1.9731999999999996,extreme fear,1.7241037342665695,extreme fear
2021-05-10,44.93333333333334,fear,4188.43,extreme greed,3864.4345599999997,extreme greed,10.657663818788478,extreme fear,1616.2261754778915,extreme greed,0.6363773621376325,extreme fear,19.66,extreme fear,19.5962,extreme fear,1.9689,extreme fear,1.04773517994583,extreme fear
2021-05-11,42.03333333333334,fear,4152.1,extreme greed,3869.24736,extreme greed,10.450509544324897,extreme fear,1607.7869567978184,extreme greed,0.6398393586940918,extreme fear,21.84,extreme fear,19.566,extreme fear,1.9574000000000005,extreme fear,0.5241528710206422,extreme fear
2021-05-12,26.766666666666666,fear,4063.04,extreme greed,3873.38744,extreme greed,9.95468068591136,extreme fear,1560.7413020658182,extreme greed,0.6859834459196776,extreme fear,27.59,fear,19.6358,extreme fear,1.9617,extreme fear,-1.5586696739206518,extreme fear
2021-05-13,34.433333333333344,fear,4112.5,extreme greed,3877.70616,extreme greed,9.364157243521705,extreme fear,1531.6384375407697,extreme greed,0.7043319090224094,extreme fear,23.13,extreme fear,19.565,extreme fear,1.9573,extreme fear,-1.3489439895484647,extreme fear
2021-05-14,35.99999999999999,fear,4173.85,extreme greed,3882.8008800000002,extreme greed,8.80904368359223,extreme fear,1541.9079646091825,extreme greed,0.7141632078786833,extreme fear,18.81,extreme fear,19.3698,extreme fear,1.9631,extreme fear,0.33658500472492875,extreme fear
2021-05-17,36.36666666666667,fear,4163.29,extreme greed,3887.426,extreme greed,8.709843683728986,extreme fear,1561.6004409335858,extreme greed,0.7035098597525546,extreme fear,19.72,extreme fear,19.271,extreme fear,1.9685,extreme fear,1.2224113473507003,extreme fear
2021-05-18,34.03333333333334,fear,4127.83,extreme greed,3891.4333600000004,extreme greed,8.766587784591064,extreme fear,1560.1392094220416,extreme greed,0.6774153464915015,extreme fear,21.34,extreme fear,19.188399999999998,extreme fear,1.9717999999999996,extreme fear,-0.5190134335898039,extreme fear
2021-05-19,32.333333333333336,fear,4115.68,extreme greed,3895.48256,extreme greed,8.55294078881279,extreme fear,1527.6432112229768,extreme greed,0.6634894192084981,extreme fear,22.18,extreme fear,19.1514,extreme fear,1.9669,extreme fear,0.4724972486611358,extreme fear
2021-05-20,32.300000000000004,fear,4159.12,extreme greed,3900.2132,extreme greed,8.303481890536826,extreme fear,1506.9667160881045,extreme greed,0.6329042509683712,extreme fear,20.67,extreme fear,19.113599999999998,extreme fear,1.9705,extreme fear,-0.0592778664651088,extreme fear
2021-05-21,29.433333333333334,fear,4155.86,extreme greed,3904.80512,extreme greed,8.026231644558372,extreme fear,1493.747765890357,extreme greed,0.6234435291291358,extreme fear,20.15,extreme fear,19.0784,extreme fear,1.9804,extreme fear,-0.4794951082986484,extreme fear
2021-05-24,29.5,fear,4197.05,extreme greed,3909.9211999999998,extreme greed,7.725191673388579,extreme fear,1495.8926403480386,extreme greed,0.6230916716255401,extreme fear,18.4,extreme fear,19.0326,extreme fear,1.9814,extreme fear,0.06017313606719926,extreme fear
2021-05-25,26.66666666666667,fear,4188.13,extreme greed,3914.80552,extreme greed,7.500804788694693,extreme fear,1474.6066340833604,extreme greed,0.6320675076488648,extreme fear,18.84,extreme fear,19.008799999999997,extreme fear,1.9828999999999997,extreme fear,-0.35490801149535284,extreme fear
2021-05-26,28.133333333333336,fear,4195.99,extreme greed,3919.2901599999996,extreme greed,7.240255921529754,extreme fear,1480.6374020713765,extreme greed,0.5775022979102864,extreme fear,17.36,extreme fear,18.9602,extreme fear,1.9913999999999998,extreme fear,-0.864631258753527,extreme fear
2021-05-27,30.3,fear,4200.88,extreme greed,3923.86,extreme greed,6.937325404558141,extreme fear,1498.471004629372,extreme greed,0.5572152391973516,extreme fear,16.74,extreme fear,18.9104,extreme fear,1.9860000000000002,extreme fear,0.1018483839635642,extreme fear
2021-05-28,31.566666666666666,fear,4204.11,extreme greed,3928.38608,extreme greed,6.883829322325691,extreme fear,1509.5931622498833,extreme greed,0.5418820680988603,extreme fear,16.76,extreme fear,18.814,extreme fear,1.9780999999999997,extreme fear,0.1913306960297094,extreme fear
2021-06-01,35.4,fear,4202.04,extreme greed,3933.02936,extreme greed,6.98874277221569,extreme fear,1543.5860218663736,extreme greed,0.5235974754065513,extreme fear,17.9,extreme fear,18.753,extreme fear,1.8561,extreme fear,0.945266791875715,extreme fear
2021-06-02,42.13333333333333,fear,4208.12,extreme greed,3937.3947200000002,extreme greed,7.138503111235486,extreme fear,1586.119402175466,extreme greed,0.4896919056373424,extreme fear,17.48,extreme fear,18.725,extreme fear,1.9949,extreme fear,1.107280501376923,extreme fear
2021-06-03,40.800000000000004,fear,4192.85,extreme greed,3941.58544,extreme greed,7.066925378818392,extreme fear,1611.1887065993067,extreme greed,0.4905576911237097,extreme fear,18.04,extreme fear,18.6798,extreme fear,1.9943,extreme fear,0.2066788369393302,extreme fear
2021-06-04,41.9,fear,4229.89,extreme greed,3946.0908,extreme greed,6.92506311583038,extreme fear,1635.6857079927677,extreme greed,0.49808474346552317,extreme fear,16.42,extreme fear,18.5842,extreme fear,1.9878999999999998,extreme fear,-0.12420318092355878,extreme fear
2021-06-07,44.46666666666667,fear,4226.52,extreme greed,3950.31,extreme greed,6.633796157122752,extreme fear,1653.6134070749097,extreme greed,0.484805591438231,extreme fear,16.42,extreme fear,18.5164,extreme fear,1.9996000000000003,extreme fear,0.6500288856072369,extreme fear
2021-06-08,46.46666666666667,neutral,4227.26,extreme greed,3954.5924000000005,extreme greed,6.387127183838807,extreme fear,1671.0998908351667,extreme greed,0.47230500690342064,extreme fear,17.07,extreme fear,18.4806,extreme fear,1.9966,extreme fear,1.1068364606701966,extreme fear
2021-06-09,48.53333333333333,neutral,4219.55,extreme greed,3958.7308000000003,extreme greed,6.810071035284009,extreme fear,1672.8627280443463,extreme greed,0.45937719064151955,extreme fear,17.89,extreme fear,18.4236,extreme fear,2.0002999999999997,extreme fear,2.3606992962238063,extreme fear
2021-06-10,48.9,neutral,4239.18,extreme greed,3963.26168,extreme greed,7.42688675816294,extreme fear,1668.2994547084184,extreme greed,0.47012515432242274,extreme fear,16.1,extreme fear,18.3534,extreme fear,2.0033,extreme fear,1.3192455013317488,extreme fear
2021-06-11,51.23333333333334,neutral,4247.44,extreme greed,3967.8964,extreme greed,7.964142319921594,extreme fear,1673.6151740862135,extreme greed,0.46403443506044173,extreme fear,15.65,extreme fear,18.2784,extreme fear,2.0115,extreme fear,0.292112523193719,extreme fear
2021-06-14,54.166666666666664,neutral,4255.15,extreme greed,3972.6299200000003,extreme greed,8.237431503704027,extreme fear,1658.4018857714307,extreme greed,0.4685481326978714,extreme fear,16.39,extreme fear,18.2596,extreme fear,2.0084,extreme fear,0.9980813748720757,extreme fear
2021-06-15,52.666666666666664,neutral,4246.59,extreme greed,3977.4227199999996,extreme greed,8.396288012760614,extreme fear,1639.8245812781329,extreme greed,0.4854044165647373,extreme fear,17.02,extreme fear,18.2418,extreme fear,1.9999,extreme fear,1.6657610734300907,extreme fear
2021-06-16,44.800000000000004,fear,4223.7,extreme greed,3981.6553599999997,extreme greed,8.373517342644346,extreme fear,1604.1537889729093,extreme greed,0.5265830203414336,extreme fear,18.15,extreme fear,18.2424,extreme fear,2.0005,extreme fear,1.767555424259898,extreme fear
2021-06-17,42.03333333333334,fear,4221.86,extreme greed,3985.8208799999998,extreme greed,8.522527514438066,extreme fear,1545.3583497838445,extreme greed,0.5275114207584083,extreme fear,17.75,extreme fear,18.2542,extreme fear,1.9962000000000004,extreme fear,0.7200644198145731,extreme fear
2021-06-18,31.600000000000005,fear,4166.45,extreme greed,3989.37264,extreme greed,8.486482666467325,extreme fear,1455.6055707065666,extreme greed,0.5615353988161738,extreme fear,20.7,extreme fear,18.3292,extreme fear,2.0162999999999998,extreme fear,-1.1189120087175253,extreme fear
2021-06-21,32.46666666666666,fear,4224.79,extreme greed,3993.4956799999995,extreme greed,8.365292429966543,extreme fear,1412.743324070614,extreme greed,0.5710864711173234,extreme fear,17.89,extreme fear,18.3532,extreme fear,2.0364,extreme fear,-0.2967270274748637,extreme fear
2021-06-22,32.800000000000004,fear,4246.44,extreme greed,3997.90784,extreme greed,8.312567152991415,extreme fear,1373.5076976664286,extreme greed,0.5798479454102542,extreme fear,16.66,extreme fear,18.3482,extreme fear,2.0145999999999997,extreme fear,0.5854554089475019,extreme fear
2021-06-23,33.26666666666667,fear,4241.84,extreme greed,4002.34448,extreme greed,8.29426427601916,extreme fear,1342.1099349939552,extreme greed,0.55804855913067,extreme fear,16.32,extreme fear,18.3416,extreme fear,2.0154,extreme fear,0.4274889471917259,extreme fear
2021-06-24,36.9,fear,4266.49,extreme greed,4006.95632,extreme greed,8.386438326200205,extreme fear,1338.8686911470754,extreme greed,0.5453457032084781,extreme fear,15.97,extreme fear,18.321199999999997,extreme fear,2.0086,extreme fear,0.8011227792152142,extreme fear
2021-06-25,41.63333333333333,fear,4280.7,extreme greed,4011.57744,extreme greed,8.40499399925045,extreme fear,1338.6996310602249,extreme greed,0.5165026370284409,extreme fear,15.62,extreme fear,18.3022,extreme fear,2.0071,extreme fear,1.1820186513356299,extreme fear
2021-06-28,41.43333333333334,fear,4290.61,extreme greed,4016.01944,extreme greed,8.210753921886957,extreme fear,1315.92079400488,extreme greed,0.5041253031972508,extreme fear,15.76,extreme fear,18.292399999999997,extreme fear,1.9956,extreme fear,1.0747686374008192,extreme fear
2021-06-29,39.833333333333336,fear,4291.8,extreme greed,4020.53752,extreme greed,7.843196191127001,extreme fear,1280.878639735438,extreme greed,0.4883866790767216,extreme fear,16.02,extreme fear,18.267,extreme fear,2.0052,extreme fear,1.0128769700420548,extreme fear
2021-06-30,38.00000000000001,fear,4297.5,extreme greed,4025.0611999999996,extreme greed,7.455712917138695,extreme fear,1262.270619534269,extreme greed,0.49499954527279,extreme fear,15.83,extreme fear,18.21,extreme fear,2.0047,extreme fear,1.0793194793069332,extreme fear
2021-07-01,38.666666666666664,fear,4319.94,extreme greed,4029.57216,extreme greed,7.364821632991404,extreme fear,1261.3612865495788,extreme greed,0.49766056861724817,extreme fear,15.48,extreme fear,18.1696,extreme fear,1.8441000000000003,extreme fear,1.4237213943665945,extreme fear
2021-07-02,38.66666666666667,fear,4352.34,extreme greed,4034.78568,extreme greed,7.224559633090474,extreme fear,1257.1492190675262,extreme greed,0.5116456053770222,extreme fear,15.07,extreme fear,18.0968,extreme fear,1.9892,extreme fear,1.841339061844642,extreme fear
2021-07-06,33.300000000000004,fear,4343.54,extreme greed,4039.71912,extreme greed,6.924862798516804,extreme fear,1221.9086236634098,extreme greed,0.5380797779698544,extreme fear,16.44,extreme fear,18.078999999999997,extreme fear,1.9932999999999996,extreme fear,1.333855929612492,extreme fear
2021-07-07,33.1,fear,4358.13,extreme greed,4044.59904,extreme greed,6.52715536193006,extreme fear,1178.1465998011051,extreme greed,0.5529008300482051,extreme fear,16.2,extreme fear,18.0502,extreme fear,2.0027000000000004,extreme fear,1.9401413295788836,extreme fear
2021-07-08,26.96666666666667,fear,4320.82,extreme greed,4048.7352800000003,extreme greed,6.01051884257773,extreme fear,1106.4425897804376,extreme greed,0.5858954977541598,extreme fear,19.0,extreme fear,18.079,extreme fear,2.0042,extreme fear,1.0144785358007546,extreme fear
2021-07-09,31.000000000000004,fear,4369.55,extreme greed,4053.09424,extreme greed,5.597621396803287,extreme fear,1084.5328861268665,extreme greed,0.601453112443431,extreme fear,16.18,extreme fear,18.057000000000002,extreme fear,2.0121,extreme fear,2.2910197030553343,extreme fear
2021-07-12,31.7,fear,4384.63,extreme greed,4057.7744,extreme greed,5.409092922882506,extreme fear,1068.1733439142758,extreme greed,0.5918246405887615,extreme fear,16.17,extreme fear,18.028200000000002,extreme fear,1.9967,extreme fear,2.1623325515744827,extreme fear
2021-07-13,31.266666666666666,fear,4369.21,extreme greed,4062.31856,extreme greed,5.302124265454605,extreme fear,1027.1419362400513,extreme greed,0.5855993831238615,extreme fear,17.12,extreme fear,17.9984,extreme fear,1.9936,extreme fear,2.331160495836883,extreme fear
2021-07-14,29.533333333333335,fear,4374.3,extreme greed,4066.83424,extreme greed,5.073741991990364,extreme fear,981.1052715119149,extreme greed,0.5948400429022889,extreme fear,16.33,extreme fear,17.9588,extreme fear,1.9869,extreme fear,1.90981291622502,extreme fear
2021-07-15,27.33333333333334,fear,4360.03,extreme greed,4071.3501599999995,extreme greed,4.859099239858638,extreme fear,929.1643056041964,extreme greed,0.6028279276802144,extreme fear,17.01,extreme fear,17.9094,extreme fear,2.0035,extreme fear,1.5232760424656435,extreme fear
2021-07-16,26.900000000000002,fear,4327.16,extreme greed,4075.82144,extreme greed,4.737049943604928,extreme fear,853.5339018528766,extreme greed,0.6384272284184714,extreme fear,18.45,extreme fear,17.8954,extreme fear,2.0151999999999997,extreme fear,2.7300065657803874,extreme fear
2021-07-19,8.983333333333334,extreme fear,4258.49,extreme greed,4079.4980800000003,extreme greed,4.513619087660417,extreme fear,748.7808719580046,extreme greed,0.6911844716711908,extreme fear,22.5,extreme fear,17.9776,extreme fear,2.0136,extreme fear,-1.4406059437120977,extreme fear
2021-07-20,20.066666666666666,extreme fear,4323.06,extreme greed,4083.2677599999997,extreme greed,4.428700164079254,extreme fear,699.8195460647905,extreme greed,0.692704189037148,extreme fear,19.73,extreme fear,18.038400000000003,extreme fear,2.0517000000000003,extreme fear,-0.14451498796542103,extreme fear
2021-07-21,24.2,extreme fear,4358.69,extreme greed,4087.3127200000004,extreme greed,4.389202911036328,extreme fear,693.3925694003775,extreme greed,0.6823178953285777,extreme fear,17.91,extreme fear,18.0034,extreme fear,2.0359,extreme fear,1.1291641842288653,extreme fear
2021-07-22,24.333333333333332,extreme fear,4367.48,extreme greed,4091.5208,extreme greed,4.24141977415567,extreme fear,663.125595045617,extreme greed,0.662757583924401,extreme fear,17.69,extreme fear,17.9204,extreme fear,2.0162,extreme fear,0.5068221537264765,extreme fear
2021-07-23,28.299999999999997,fear,4411.79,extreme greed,4095.97224,extreme greed,4.081352561681258,extreme fear,634.203710594901,extreme greed,0.6354514896320097,extreme fear,17.2,extreme fear,17.7126,extreme fear,2.0228,extreme fear,1.0809266041284256,extreme fear
2021-07-26,30.900000000000002,fear,4422.3,extreme greed,4100.55368,extreme greed,3.8024907596194986,extreme fear,618.8239414518041,extreme greed,0.5907123710219718,extreme fear,17.58,extreme fear,17.6016,extreme fear,2.0175,extreme fear,1.525336564099436,extreme fear
2021-07-27,27.166666666666668,fear,4401.46,extreme greed,4105.7591999999995,extreme greed,3.640992224277278,extreme fear,595.9150841777351,extreme greed,0.6171233663327623,extreme fear,19.36,extreme fear,17.6126,extreme fear,2.0134999999999996,extreme fear,0.6287057979230289,extreme fear
2021-07-28,27.46666666666667,fear,4400.64,extreme greed,4110.66528,extreme greed,3.522154693868796,extreme fear,598.6650954948896,extreme greed,0.6062434121708622,extreme fear,18.31,extreme fear,17.584400000000002,extreme fear,2.0278,extreme fear,0.5545705918082452,extreme fear
2021-07-29,29.233333333333334,fear,4419.15,extreme greed,4116.3045600000005,extreme greed,3.490228391325197,extreme fear,621.9748555328885,extreme greed,0.5951270459892903,extreme fear,17.7,extreme fear,17.5116,extreme fear,2.0311,extreme fear,0.6025081701233056,extreme fear
2021-07-30,25.76666666666667,fear,4395.26,extreme greed,4121.27576,extreme greed,3.416422585122372,extreme fear,621.4690221854414,extreme greed,0.6119460330715543,extreme fear,18.24,extreme fear,17.4328,extreme fear,2.023,extreme fear,-0.6006592321755719,extreme fear
2021-08-02,25.099999999999998,fear,4387.16,extreme greed,4125.76256,extreme greed,3.337686278393108,extreme fear,613.1496919889654,extreme greed,0.609725982991111,extreme fear,19.46,extreme fear,17.4086,extreme fear,2.0269000000000004,extreme fear,-0.392263458524199,extreme fear
2021-08-03,29.533333333333335,fear,4423.15,extreme greed,4130.5064,extreme greed,3.359122652312057,extreme fear,623.8966824505717,extreme greed,0.587888354967044,extreme fear,18.04,extreme fear,17.366400000000002,extreme fear,2.0158,extreme fear,0.26968828343218837,extreme fear
2021-08-04,28.633333333333336,fear,4402.66,extreme greed,4134.75376,extreme greed,3.2696857849359136,extreme fear,603.9529632155799,extreme greed,0.5929755383893204,extreme fear,17.97,extreme fear,17.3578,extreme fear,2.0214000000000003,extreme fear,0.8885849715544042,extreme fear
2021-08-05,29.633333333333336,fear,4429.1,extreme greed,4139.091920000001,extreme greed,3.34296243849751,extreme fear,609.8603723576794,extreme greed,0.5915939621684723,extreme fear,17.28,extreme fear,17.3266,extreme fear,2.0265,extreme fear,0.30124630682059755,extreme fear
2021-08-06,31.866666666666664,fear,4436.52,extreme greed,4143.25936,extreme greed,3.4042760169917585,extreme fear,628.8601741553924,extreme greed,0.5725582093721897,extreme fear,16.15,extreme fear,17.3024,extreme fear,2.016,extreme fear,0.643263045389525,extreme fear
2021-08-09,32.06666666666667,fear,4432.35,extreme greed,4147.42832,extreme greed,3.22142362955658,extreme fear,637.9208745262173,extreme greed,0.5685271738383346,extreme fear,16.72,extreme fear,17.302,extreme fear,1.9968999999999997,extreme fear,0.8320842463664035,extreme fear
2021-08-10,34.833333333333336,fear,4436.75,extreme greed,4151.64328,extreme greed,3.1257686484799168,extreme fear,660.8544957195933,extreme greed,0.5513083351488863,extreme fear,16.79,extreme fear,17.302599999999998,extreme fear,1.9939000000000002,extreme fear,1.4373865771423284,extreme fear
2021-08-11,37.93333333333334,fear,4447.7,extreme greed,4155.89384,extreme greed,3.221967730197964,extreme fear,701.3213698739262,extreme greed,0.5546257766777114,extreme fear,16.06,extreme fear,17.2658,extreme fear,1.9917999999999998,extreme fear,2.3346271128561367,extreme fear
2021-08-12,43.13333333333333,fear,4460.83,extreme greed,4160.10184,extreme greed,3.3496882250921614,extreme fear,725.8325118497958,extreme greed,0.5606696587708673,extreme fear,15.59,extreme fear,17.227999999999998,extreme fear,1.9960000000000002,extreme fear,3.437747191631544,extreme fear
2021-08-13,47.13333333333333,neutral,4468.0,extreme greed,4164.38512,extreme greed,3.44730280063863,extreme fear,739.6112297871293,extreme greed,0.5574891524636538,extreme fear,15.45,extreme fear,17.1762,extreme fear,1.9955999999999998,extreme fear,5.542428882378124,extreme fear
2021-08-16,44.866666666666674,fear,4479.71,extreme greed,4168.77216,extreme greed,3.651090741100767,extreme fear,730.224929638425,extreme greed,0.5685704574854586,extreme fear,16.12,extreme fear,17.1702,extreme fear,2.0096000000000003,extreme fear,3.9606805351972674,extreme fear
2021-08-17,31.7,fear,4448.08,extreme greed,4173.04504,extreme greed,3.6214985125644445,extreme fear,697.9459411446433,extreme greed,0.5981699179232202,extreme fear,17.91,extreme fear,17.2,extreme fear,2.0131,extreme fear,1.900285258867357,extreme fear
2021-08-18,18.2,extreme fear,4400.27,extreme greed,4176.99352,extreme greed,3.430674671722507,extreme fear,644.4003792820977,extreme greed,0.6145580628770715,extreme fear,21.57,extreme fear,17.29,extreme fear,2.0105,extreme fear,0.8605607494105516,extreme fear
2021-08-19,14.883333333333335,extreme fear,4405.8,extreme greed,4181.22792,extreme greed,3.2015333341399237,extreme fear,569.7268542763384,extreme greed,0.6519028356304482,extreme fear,21.67,extreme fear,17.3656,extreme fear,2.0084,extreme fear,-0.3515096135443902,extreme fear
2021-08-20,23.86666666666667,extreme fear,4441.67,extreme greed,4185.71032,extreme greed,2.9517369688213035,extreme fear,535.6381068276701,extreme greed,0.673303045597347,extreme fear,18.56,extreme fear,17.4148,extreme fear,2.0175,extreme fear,0.20212623246849593,extreme fear
2021-08-23,30.433333333333334,fear,4479.53,extreme greed,4190.14312,extreme greed,2.9273641112385533,extreme fear,535.1541847891341,extreme greed,0.6633252255642208,extreme fear,17.15,extreme fear,17.444799999999997,extreme fear,2.0149,extreme fear,1.943627776153364,extreme fear
2021-08-24,34.4,fear,4486.23,extreme greed,4195.39824,extreme greed,2.998888568438443,extreme fear,564.5959381447376,extreme greed,0.620427633634691,extreme fear,17.22,extreme fear,17.461399999999998,extreme fear,2.0092,extreme fear,2.532770169930106,extreme fear
2021-08-25,36.03333333333333,fear,4496.19,extreme greed,4200.878559999999,extreme greed,3.050677561231703,extreme fear,604.833504719537,extreme greed,0.5996402655748294,extreme fear,16.79,extreme fear,17.4568,extreme fear,1.9959,extreme fear,2.379495775852179,extreme fear
2021-08-26,36.833333333333336,fear,4470.0,extreme greed,4205.424,extreme greed,2.892463602959807,extreme fear,609.1334256614294,extreme greed,0.5736639213482565,extreme fear,18.84,extreme fear,17.4706,extreme fear,1.9841,extreme fear,2.57254779002044,extreme fear
2021-08-27,47.46666666666667,neutral,4509.37,extreme greed,4210.536639999999,extreme greed,2.765756400505045,extreme fear,650.6377550495657,extreme greed,0.5494518008250614,extreme fear,16.39,extreme fear,17.4434,extreme fear,1.9853,extreme fear,3.722948958287175,extreme fear
2021-08-30,47.86666666666667,neutral,4528.79,extreme greed,4216.2092,extreme greed,2.726284006663719,extreme fear,676.5358724039011,extreme greed,0.5378243814360566,extreme fear,16.19,extreme fear,17.3532,extreme fear,1.9860000000000002,extreme fear,3.192059922503484,extreme fear
2021-08-31,47.23333333333333,neutral,4522.68,extreme greed,4222.24288,extreme greed,2.704488734167464,extreme fear,709.2684374587641,extreme greed,0.5571525372425331,extreme fear,16.48,extreme fear,17.325,extreme fear,1.9839000000000002,extreme fear,3.732540881550963,extreme fear
2021-09-01,43.13333333333333,fear,4524.09,extreme greed,4227.7000800000005,extreme greed,2.757882434321473,extreme fear,742.5284759376538,extreme greed,0.5568579414651051,extreme fear,16.11,extreme fear,17.314,extreme fear,1.8059000000000003,extreme fear,2.805328362368232,extreme fear
2021-09-02,44.166666666666664,fear,4536.95,extreme greed,4233.42488,extreme greed,2.91907675821683,extreme fear,788.6923234221405,extreme greed,0.5309576798574901,extreme fear,16.41,extreme fear,17.3158,extreme fear,1.953,extreme fear,2.227763836931557,extreme fear
2021-09-03,44.06666666666666,fear,4535.43,extreme greed,4238.7047999999995,extreme greed,3.0068261275668706,extreme fear,815.574020557742,extreme greed,0.5313621894967879,extreme fear,16.41,extreme fear,17.3246,extreme fear,1.9532000000000005,extreme fear,2.2794686397643664,extreme fear
2021-09-07,41.7,fear,4520.03,extreme greed,4243.67456,extreme greed,3.0284673575391876,extreme fear,826.1305708116173,extreme greed,0.5312049784431621,extreme fear,18.14,extreme fear,17.375,extreme fear,1.9447,extreme fear,2.034566277227167,extreme fear
2021-09-08,38.56666666666667,fear,4514.07,extreme greed,4248.272400000001,extreme greed,2.9656817851465838,extreme fear,815.7994950801038,extreme greed,0.5372314037066073,extreme fear,17.96,extreme fear,17.419,extreme fear,1.9379999999999997,extreme fear,1.4967488847026318,extreme fear
2021-09-09,33.800000000000004,fear,4493.28,extreme greed,4252.67192,extreme greed,2.865276328890213,extreme fear,809.2971659199587,extreme greed,0.5430864646030276,extreme fear,18.8,extreme fear,17.4746,extreme fear,1.944,extreme fear,0.42174821540630814,extreme fear
2021-09-10,20.600000000000005,extreme fear,4458.58,extreme greed,4256.58904,extreme greed,2.785872047502777,extreme fear,779.6071889397588,extreme greed,0.5787747128390424,extreme fear,20.95,extreme fear,17.577,extreme fear,1.9552999999999996,extreme fear,0.2890199039217177,extreme fear
2021-09-13,28.266666666666666,fear,4468.73,extreme greed,4260.6372,extreme greed,2.672073862630705,extreme fear,774.6675092694052,extreme greed,0.5860810690765742,extreme fear,19.37,extreme fear,17.6548,extreme fear,1.9466,extreme fear,0.36603326541250236,extreme fear
2021-09-14,24.8,extreme fear,4443.05,extreme greed,4264.388640000001,extreme greed,2.607782327782656,extreme fear,742.5063644846987,extreme greed,0.6159722759705469,extreme fear,19.46,extreme fear,17.7426,extreme fear,1.9497000000000004,extreme fear,0.08787763807051366,extreme fear
2021-09-15,31.200000000000003,fear,4480.7,extreme greed,4268.910559999999,extreme greed,2.6272046158893088,extreme fear,737.8250282019759,extreme greed,0.6247878903140918,extreme fear,18.18,extreme fear,17.7774,extreme fear,1.9593,extreme fear,2.1391122566910217,extreme fear
2021-09-16,31.500000000000004,fear,4473.75,extreme greed,4273.395759999999,extreme greed,2.725985838407905,extreme fear,722.0036964215634,extreme greed,0.6307575819020075,extreme fear,18.69,extreme fear,17.8272,extreme fear,1.9517999999999998,extreme fear,2.334119528373176,extreme fear
2021-09-17,17.933333333333337,extreme fear,4432.99,extreme greed,4277.33496,extreme greed,2.9026895164454514,extreme fear,690.3047930382095,extreme greed,0.6288430824514605,extreme fear,20.81,extreme fear,17.8634,extreme fear,1.9488,extreme fear,0.7546341108111424,extreme fear
2021-09-20,11.100000000000001,extreme fear,4357.73,extreme greed,4280.91264,extreme greed,2.873767572451615,extreme fear,623.5437047070823,extreme greed,0.6715880675584311,extreme fear,25.71,fear,18.054000000000002,extreme fear,1.9449,extreme fear,-2.254268260919627,extreme fear
2021-09-21,11.449999999999998,extreme fear,4354.19,extreme greed,4284.63304,extreme greed,2.8070014581204705,extreme fear,566.7798066868093,extreme greed,0.6672475713822965,extreme fear,24.36,extreme fear,18.2178,extreme fear,1.9689,extreme fear,-2.690680345367741,extreme fear
2021-09-22,20.033333333333335,extreme fear,4395.64,extreme greed,4288.522,extreme greed,2.772697149211197,extreme fear,554.2877888407623,extreme greed,0.6660999599120307,extreme fear,20.87,extreme fear,18.2928,extreme fear,1.9631,extreme fear,-2.4246091847321756,extreme fear
2021-09-23,24.5,extreme fear,4448.98,extreme greed,4292.31752,extreme greed,2.6939064735150104,extreme fear,575.2377664755211,extreme greed,0.6707808757109562,extreme fear,18.63,extreme fear,18.338800000000003,extreme fear,1.9632,extreme fear,0.243983973372878,extreme fear
2021-09-24,23.83333333333334,extreme fear,4455.48,extreme greed,4296.192639999999,extreme greed,2.6265466076062998,extreme fear,589.7925729552253,extreme greed,0.6756950831910983,extreme fear,17.75,extreme fear,18.3536,extreme fear,1.9448999999999999,extreme fear,-0.1887677986932193,extreme fear
2021-09-27,24.766666666666666,extreme fear,4443.11,extreme greed,4300.06912,extreme greed,2.5330602462260403,extreme fear,625.2225073479882,extreme greed,0.6170673228355333,extreme fear,18.76,extreme fear,18.3598,extreme fear,1.9441999999999997,extreme fear,-0.4756458250974625,extreme fear
2021-09-28,12.466666666666669,extreme fear,4352.63,extreme greed,4303.10704,extreme greed,2.29178662245581,extreme fear,624.9818826459127,extreme greed,0.6423254142875813,extreme fear,23.25,extreme fear,18.3748,extreme fear,1.9443999999999997,extreme fear,-2.134040776095546,extreme fear
2021-09-29,12.483333333333334,extreme fear,4359.46,extreme greed,4305.823760000001,extreme greed,2.0504082211031553,extreme fear,628.3577364330479,extreme greed,0.6531186796284993,extreme fear,22.56,extreme fear,18.4314,extreme fear,1.9376,extreme fear,-2.138668875649535,extreme fear
2021-09-30,9.966666666666667,extreme fear,4307.54,extreme greed,4307.6608,extreme greed,1.7504726769644252,extreme fear,608.0525843418442,extreme greed,0.6805601405325601,extreme fear,23.14,extreme fear,18.535999999999998,extreme fear,1.9346999999999996,extreme fear,-3.6139593011250253,extreme fear
2021-10-01,18.333333333333332,extreme fear,4357.04,extreme greed,4309.9256,extreme greed,1.3903506888678103,extreme fear,621.5879964979642,extreme greed,0.6858385744890766,extreme fear,21.15,extreme fear,18.6052,extreme fear,1.7456999999999998,extreme fear,-3.01351722163905,extreme fear
2021-10-04,9.500000000000002,extreme fear,4300.46,extreme greed,4311.6896799999995,extreme greed,1.0633539768221514,extreme fear,630.1841611486243,extreme greed,0.7146686049355825,extreme fear,22.96,extreme fear,18.720399999999998,extreme fear,1.9046,extreme fear,-4.220749194363398,extreme fear
2021-10-05,18.766666666666666,extreme fear,4345.72,extreme greed,4313.678079999999,extreme greed,0.9862237873992498,extreme fear,652.7034831130235,extreme greed,0.6899051087449858,extreme fear,21.3,extreme fear,18.7948,extreme fear,1.9055,extreme fear,-2.5201416460669313,extreme fear
2021-10-06,20.066666666666666,extreme fear,4363.55,extreme greed,4315.55608,extreme greed,0.7757801063691805,extreme fear,664.7983830578736,extreme greed,0.6944558251864693,extreme fear,21.0,extreme fear,18.8276,extreme fear,1.8981,extreme fear,-1.428228487176884,extreme fear
2021-10-07,24.600000000000005,extreme fear,4399.76,extreme greed,4317.73024,extreme greed,0.7707720878348444,extreme fear,702.9677821206042,extreme greed,0.6767358414186682,extreme fear,19.54,extreme fear,18.8522,extreme fear,1.9103,extreme fear,0.20744229844370765,extreme fear
2021-10-08,25.26666666666667,fear,4391.34,extreme greed,4319.7282399999995,extreme greed,0.7310679754180639,extreme fear,739.2704227379743,extreme greed,0.6664237899083743,extreme fear,18.77,extreme fear,18.8736,extreme fear,1.8933000000000002,extreme fear,0.16571863278675505,extreme fear
2021-10-11,25.900000000000002,fear,4361.19,extreme greed,4321.6204800000005,extreme greed,0.780524619753103,extreme fear,759.8543420897777,extreme greed,0.6659122462817157,extreme fear,20.0,extreme fear,18.9088,extreme fear,1.8893999999999997,extreme fear,0.5607337276543087,extreme fear
2021-10-12,22.7,extreme fear,4350.65,extreme greed,4323.06232,extreme greed,0.7957673360750585,extreme fear,781.2526262299531,extreme greed,0.6732505235365842,extreme fear,19.85,extreme fear,18.916600000000003,extreme fear,1.8892999999999998,extreme fear,-1.0997988176363727,extreme fear
2021-10-13,24.100000000000005,extreme fear,4363.8,extreme greed,4324.48896,extreme greed,0.8122516420135437,extreme fear,807.6402001526717,extreme greed,0.6521485164881712,extreme fear,18.64,extreme fear,18.9286,extreme fear,1.9089,extreme fear,-1.0718418954668882,extreme fear
2021-10-14,31.833333333333332,fear,4438.26,extreme greed,4326.68896,extreme greed,0.9264903717439247,extreme fear,859.6300826028079,extreme greed,0.6468744852825904,extreme fear,16.86,extreme fear,18.9064,extreme fear,1.9174,extreme fear,1.038295359820541,extreme fear
2021-10-15,43.63333333333333,fear,4471.37,extreme greed,4329.380399999999,extreme greed,1.1016567305623335,extreme fear,915.431022908081,extreme greed,0.6330206963296654,extreme fear,16.3,extreme fear,18.886799999999997,extreme fear,1.9122000000000003,extreme fear,4.516797368181632,extreme fear
2021-10-18,46.56666666666666,neutral,4486.46,extreme greed,4331.88472,extreme greed,1.344363948569581,extreme fear,958.4447468408503,extreme greed,0.6037356792133287,extreme fear,16.31,extreme fear,18.89,extreme fear,1.9034000000000002,extreme fear,4.951060852680106,extreme fear
2021-10-19,53.400000000000006,neutral,4519.63,extreme greed,4334.96192,extreme greed,1.5087147077305838,extreme fear,1008.564043842587,extreme greed,0.5670664740408048,extreme fear,15.7,extreme fear,18.8696,extreme fear,1.9078,extreme fear,5.189403641732442,extreme fear
2021-10-20,56.56666666666667,greed,4536.19,extreme greed,4337.81008,extreme greed,1.6665825826825502,extreme fear,1074.5840974578132,extreme greed,0.5501480309181492,extreme fear,15.49,extreme fear,18.8436,extreme fear,1.8926,extreme fear,3.51829011830792,extreme fear
2021-10-21,60.199999999999996,greed,4549.78,extreme greed,4340.70736,extreme greed,1.790713590410074,extreme fear,1117.5420847029413,extreme greed,0.5306226055738488,extreme fear,15.01,extreme fear,18.8226,extreme fear,1.8854,extreme fear,3.936941303784191,extreme fear
2021-10-22,59.5,greed,4544.9,extreme greed,4343.5728,extreme greed,2.0085377863625014,extreme fear,1152.3014060119215,extreme greed,0.5300239773082221,extreme fear,15.43,extreme fear,18.8194,extreme fear,1.8825000000000005,extreme fear,3.6198910556805957,extreme fear
2021-10-25,62.96666666666667,greed,4566.48,extreme greed,4346.6392000000005,extreme greed,2.1806041189840846,extreme fear,1192.838679233636,extreme greed,0.5218623508680851,extreme fear,15.24,extreme fear,18.8152,extreme fear,1.8955000000000004,extreme fear,5.751875300459637,extreme fear
2021-10-26,63.03333333333334,greed,4574.79,extreme greed,4349.54576,extreme greed,2.429928043949058,extreme fear,1215.1267502785036,extreme greed,0.5286648363970481,extreme fear,15.98,extreme fear,18.8124,extreme fear,1.8979,extreme fear,5.67238723379048,extreme fear
2021-10-27,58.333333333333336,greed,4551.68,extreme greed,4352.50984,extreme greed,2.4889235213528584,extreme fear,1200.7756203397455,extreme greed,0.5439329498413923,extreme fear,16.98,extreme fear,18.793799999999997,extreme fear,1.9062000000000003,extreme fear,6.07940593516717,extreme fear
2021-10-28,64.4,greed,4596.42,extreme greed,4355.73992,extreme greed,2.6499065219728735,extreme fear,1205.7168013435944,extreme greed,0.5332840050367034,extreme fear,16.53,extreme fear,18.693,extreme fear,1.9209,extreme fear,6.435140176435289,extreme fear
2021-10-29,65.43333333333334,greed,4605.38,extreme greed,4359.2656799999995,extreme greed,2.775328896499175,extreme fear,1192.217765564023,extreme greed,0.5264848344792508,extreme fear,16.26,extreme fear,18.5848,extreme fear,1.912,extreme fear,7.862184772085501,extreme fear
2021-11-01,66.13333333333334,greed,4613.67,extreme greed,4362.83432,extreme greed,3.030426964984667,extreme fear,1208.968065359144,extreme greed,0.5240508275270668,extreme fear,16.41,extreme fear,18.541800000000002,extreme fear,1.9160999999999997,extreme fear,6.737128846876347,extreme fear
2021-11-02,68.26666666666667,greed,4630.65,extreme greed,4366.266560000001,extreme greed,3.211711063368581,extreme fear,1211.6038214522189,extreme greed,0.5112835470968372,extreme fear,16.03,extreme fear,18.5194,extreme fear,1.8419,extreme fear,6.486556446420114,extreme fear
2021-11-03,72.2,greed,4660.57,extreme greed,4369.69032,extreme greed,3.631462844087311,extreme fear,1230.614592233663,extreme greed,0.48249974223727055,extreme fear,15.1,extreme fear,18.477,extreme fear,1.8461,extreme fear,6.174530597084477,extreme fear
2021-11-04,72.43333333333334,greed,4680.06,extreme greed,4373.6233600000005,extreme greed,3.832878310087627,extreme fear,1227.7684316741813,extreme greed,0.48319678426616897,extreme fear,15.44,extreme fear,18.45,extreme fear,1.8417,extreme fear,6.058144294479653,extreme fear
2021-11-05,73.60000000000001,greed,4697.53,extreme greed,4377.986800000001,extreme greed,4.119301332910229,extreme fear,1240.2542413108868,extreme greed,0.46805847061955674,extreme fear,16.48,extreme fear,18.4028,extreme fear,1.8444999999999996,extreme fear,6.439216618320232,extreme fear
2021-11-08,74.53333333333335,greed,4701.7,extreme greed,4383.09608,extreme greed,4.325052977438845,extreme fear,1257.8301729084894,extreme greed,0.45870719360397166,extreme fear,17.22,extreme fear,18.4194,extreme fear,1.8451,extreme fear,7.719966647759446,extreme fear
2021-11-09,77.17142857142858,extreme greed,4685.25,extreme greed,4387.67808,extreme greed,4.475922949899643,extreme fear,1263.6489994194976,extreme greed,0.46188165876529874,extreme fear,17.78,extreme fear,18.4512,extreme fear,1.8366999999999998,extreme fear,6.691650710121451,extreme fear
2021-11-10,73.08571428571429,greed,4646.71,extreme greed,4391.46096,extreme greed,4.56249052585876,extreme fear,1255.012412154232,extreme greed,0.49024256701650265,extreme fear,18.73,extreme fear,18.496199999999998,extreme fear,1.8461999999999996,extreme fear,5.143655542494079,extreme fear
2021-11-11,72.22857142857143,greed,4649.27,extreme greed,4395.3488,extreme greed,4.454785743682962,extreme fear,1261.3308855566063,extreme greed,0.4955884669621266,extreme fear,17.66,extreme fear,18.5272,extreme fear,1.8326,extreme fear,4.215159848884128,extreme fear
2021-11-12,74.0,greed,4682.85,extreme greed,4399.78896,extreme greed,4.337469232554693,extreme fear,1267.1506632329142,extreme greed,0.4942188227334827,extreme fear,16.29,extreme fear,18.5248,extreme fear,1.8324,extreme fear,4.328591903579234,extreme fear
2021-11-15,71.62857142857145,greed,4682.8,extreme greed,4404.32592,extreme greed,4.378271253734072,extreme fear,1272.848213449723,extreme greed,0.5070012117926952,extreme fear,16.49,extreme fear,18.526400000000002,extreme fear,1.8319999999999996,extreme fear,3.574439580222723,extreme fear
2021-11-16,72.48571428571428,greed,4700.9,extreme greed,4408.66016,extreme greed,4.381931064717529,extreme fear,1264.699477959544,extreme greed,0.5059374314402287,extreme fear,16.37,extreme fear,18.491,extreme fear,1.8224,extreme fear,3.632675883528909,extreme fear
2021-11-17,69.2,greed,4688.67,extreme greed,4412.92264,extreme greed,4.174697866037094,extreme fear,1235.2821249592303,extreme greed,0.48853347182580764,extreme fear,17.11,extreme fear,18.474,extreme fear,1.8211,extreme fear,2.4953682414306804,extreme fear
2021-11-18,70.14285714285715,greed,4704.54,extreme greed,4416.9825599999995,extreme greed,3.954312714839665,extreme fear,1187.0821795000732,extreme greed,0.49265495191731795,extreme fear,17.59,extreme fear,18.4498,extreme fear,1.8306,extreme fear,3.15577078899273,extreme fear
2021-11-19,62.77142857142859,greed,4697.96,extreme greed,4421.061199999999,extreme greed,3.665345912884295,extreme fear,1120.7468507328065,extreme greed,0.5116082257648035,extreme fear,17.91,extreme fear,18.389,extreme fear,1.8355,extreme fear,2.2994077092898277,extreme fear
2021-11-22,60.0,greed,4682.94,extreme greed,4424.9568,extreme greed,3.397848983399341,extreme fear,1068.0465774232557,extreme greed,0.5297960989687258,extreme fear,19.17,extreme fear,18.385,extreme fear,1.8446999999999998,extreme fear,2.733098678765501,extreme fear
2021-11-23,60.371428571428574,greed,4690.7,extreme greed,4428.875359999999,extreme greed,2.998198169328317,extreme fear,1028.2911469520516,extreme greed,0.5700447397309903,extreme fear,19.38,extreme fear,18.383399999999998,extreme fear,1.8334999999999997,extreme fear,4.299872254656265,extreme fear
2021-11-24,56.94285714285714,greed,4701.46,extreme greed,4432.85416,extreme greed,2.922969011025092,extreme fear,1000.4293828748415,extreme greed,0.5994638532391136,extreme fear,18.58,extreme fear,18.3914,extreme fear,1.8332000000000006,extreme fear,3.018926039420486,extreme fear
2021-11-26,31.25714285714286,fear,4594.62,extreme greed,4435.9948,extreme greed,2.523555449393872,extreme fear,934.9765852167252,extreme greed,0.6570929050587789,extreme fear,28.62,fear,18.59,extreme fear,1.8505,extreme fear,-0.7258173094947254,extreme fear
2021-11-29,38.114285714285714,fear,4655.27,extreme greed,4439.572,extreme greed,2.237239576932288,extreme fear,878.6159817776991,extreme greed,0.6709121193709382,extreme fear,22.96,extreme fear,18.633,extreme fear,1.8983999999999996,extreme fear,0.489498442274557,extreme fear
2021-11-30,24.771428571428572,extreme fear,4567.0,extreme greed,4442.565199999999,extreme greed,1.5970954624565437,extreme fear,791.454390955532,extreme greed,0.6892658515941869,extreme fear,27.19,fear,18.6626,extreme fear,1.8763000000000003,extreme fear,-2.17531422306771,extreme fear
2021-12-01,25.357142857142858,fear,4513.04,extreme greed,4444.8304,extreme greed,1.0601911045747732,extreme fear,686.0604826021795,extreme greed,0.6953017460413328,extreme fear,31.12,fear,18.7978,extreme fear,1.7003,extreme fear,-4.35323554159792,extreme fear
2021-12-02,22.928571428571427,extreme fear,4577.1,extreme greed,4447.63504,extreme greed,0.4846619656939383,extreme fear,632.1733590898184,extreme greed,0.72609639280581,extreme fear,27.95,fear,18.9394,extreme fear,1.85,extreme fear,-2.5459097671185353,extreme fear
2021-12-03,20.157142857142862,extreme fear,4538.43,extreme greed,4450.124400000001,extreme greed,-0.1146697935104256,extreme fear,563.8168041098768,extreme greed,0.7581762246701377,extreme fear,30.67,fear,19.1802,extreme fear,1.8442,extreme fear,-3.805796819635298,extreme fear
2021-12-06,21.25714285714286,extreme fear,4591.67,extreme greed,4453.101360000001,extreme greed,-0.6231253216452457,extreme fear,537.4270440915561,extreme greed,0.7731132988862648,extreme fear,27.18,fear,19.3688,extreme fear,1.8576000000000001,extreme fear,-2.6757251685813666,extreme fear
2021-12-07,37.88571428571429,fear,4686.75,extreme greed,4456.68192,extreme greed,-0.8799012379301095,extreme fear,550.4483519356734,extreme greed,0.7639310592579284,extreme fear,21.89,extreme fear,19.4314,extreme fear,1.8351,extreme fear,0.5459218708845156,extreme fear
2021-12-08,41.314285714285724,fear,4701.21,extreme greed,4460.31208,extreme greed,-0.9898203073770576,extreme fear,577.0663650036655,extreme greed,0.7347179446480759,extreme fear,19.9,extreme fear,19.3644,extreme fear,1.8094,extreme fear,1.0734762722662903,extreme fear
2021-12-09,36.85714285714287,fear,4667.45,extreme greed,4463.610479999999,extreme greed,-1.134075311158919,extreme fear,576.8337723565816,extreme greed,0.7144854675542014,extreme fear,21.58,extreme fear,19.3448,extreme fear,1.7981999999999998,extreme fear,-0.22827923667503927,extreme fear
2021-12-10,42.0,fear,4712.02,extreme greed,4467.33392,extreme greed,-1.2348032655855417,extreme fear,582.11921989815,extreme greed,0.6532027844913362,extreme fear,18.69,extreme fear,19.2558,extreme fear,1.8054999999999999,extreme fear,0.1349032806978858,extreme fear
2021-12-13,35.4,fear,4668.97,extreme greed,4470.89608,extreme greed,-1.4247925549366773,extreme fear,562.2433785990792,extreme greed,0.6465370094387877,extreme fear,20.31,extreme fear,19.238999999999997,extreme fear,1.8056000000000003,extreme fear,-1.9774595539917288,extreme fear
2021-12-14,31.542857142857144,fear,4634.09,extreme greed,4474.19392,extreme greed,-1.803990101297606,extreme fear,532.42652620384,extreme greed,0.6717395629493909,extreme fear,21.89,extreme fear,19.2176,extreme fear,1.8182000000000005,extreme fear,-2.986560724580639,extreme fear
2021-12-15,37.800000000000004,fear,4709.85,extreme greed,4478.54112,extreme greed,-2.2048400323108517,extreme fear,522.2290455148833,extreme greed,0.6992441590117479,extreme fear,19.29,extreme fear,19.1774,extreme fear,1.8163000000000002,extreme fear,-0.6914528171651179,extreme fear
2021-12-16,33.57142857142858,fear,4668.67,extreme greed,4482.092159999999,extreme greed,-2.2235672107201108,extreme fear,514.6280293005644,extreme greed,0.6799519792919064,extreme fear,20.57,extreme fear,19.168799999999997,extreme fear,1.8062,extreme fear,-2.0760131945506815,extreme fear
2021-12-17,32.51428571428572,fear,4620.64,extreme greed,4485.08576,extreme greed,-2.4184894452303283,extreme fear,497.21331797263684,extreme greed,0.6869753324800052,extreme fear,21.57,extreme fear,19.209400000000002,extreme fear,1.7574000000000003,extreme fear,-2.8511827679351645,extreme fear
2021-12-20,29.428571428571427,fear,4568.02,extreme greed,4487.6952,extreme greed,-2.745012823730271,extreme fear,451.10548718823475,extreme greed,0.6929062085007279,extreme fear,22.87,extreme fear,19.2914,extreme fear,1.7657000000000003,extreme fear,-4.318390874449572,extreme fear
2021-12-21,34.028571428571425,fear,4649.23,extreme greed,4490.75712,extreme greed,-2.7875985496264764,extreme fear,450.6279629583729,extreme greed,0.6560390802239163,extreme fear,21.01,extreme fear,19.311600000000002,extreme fear,1.7607,extreme fear,-2.736965682992815,extreme fear
2021-12-22,39.542857142857144,fear,4696.56,extreme greed,4494.084,extreme greed,-2.6357586011290235,extreme fear,477.5493869909667,extreme greed,0.6358500554844693,extreme fear,18.63,extreme fear,19.2872,extreme fear,1.7462000000000002,extreme fear,-1.7820665561922393,extreme fear
2021-12-23,50.48571428571428,neutral,4725.79,extreme greed,4497.56544,extreme greed,-2.5082090636998204,extreme fear,525.670869381287,extreme greed,0.62331086217691,extreme fear,17.96,extreme fear,19.273600000000002,extreme fear,1.7452000000000003,extreme fear,2.650694126638649,extreme fear
2021-12-27,56.39999999999999,greed,4791.19,extreme greed,4501.56056,extreme greed,-2.0864383799204034,extreme fear,589.621831592637,extreme greed,0.5948870599448962,extreme fear,17.68,extreme fear,19.29,extreme fear,1.7323,extreme fear,2.5480897483491907,extreme fear
2021-12-28,62.971428571428575,greed,4786.35,extreme greed,4505.47136,extreme greed,-1.8009852666961153,extreme fear,640.6687583322342,extreme greed,0.5634987426069726,extreme fear,17.54,extreme fear,19.3148,extreme fear,1.7282000000000002,extreme fear,5.073503467987814,extreme fear
2021-12-29,64.02857142857144,greed,4793.06,extreme greed,4509.25632,extreme greed,-1.346702212922981,extreme fear,680.5673601597807,extreme greed,0.5723820194239388,extreme fear,16.95,extreme fear,19.3276,extreme fear,1.7258000000000002,extreme fear,7.0405401633094,extreme fear
2021-12-30,63.97142857142858,greed,4778.73,extreme greed,4512.66744,extreme greed,-0.8892302642721353,extreme fear,722.1491314179152,extreme greed,0.5717801982135458,extreme fear,17.33,extreme fear,19.3602,extreme fear,1.7167,extreme fear,4.595120290630518,extreme fear
2021-12-31,62.54285714285715,greed,4766.18,extreme greed,4516.048559999999,extreme greed,-0.5247136675961469,extreme fear,758.2905434380292,extreme greed,0.5889714143507048,extreme fear,17.22,extreme fear,19.3948,extreme fear,1.7259,extreme fear,5.969507181959044,extreme fear
2022-01-03,65.22857142857144,greed,4796.56,extreme greed,4519.556,extreme greed,-0.1802559198916583,extreme fear,807.5802799584594,extreme greed,0.5835173228535725,extreme fear,16.6,extreme fear,19.4266,extreme fear,1.7287,extreme fear,5.77049488729014,extreme fear
2022-01-04,64.25714285714285,greed,4793.54,extreme greed,4523.33776,extreme greed,0.05774878086079475,extreme fear,865.3015827308041,extreme greed,0.5834209617239287,extreme fear,16.91,extreme fear,19.4562,extreme fear,1.7075999999999998,extreme fear,3.2928258181975325,extreme fear
2022-01-05,51.02857142857143,neutral,4700.58,extreme greed,4525.986,extreme greed,-0.016253585867265066,extreme fear,887.9544046491203,extreme greed,0.6005321033512734,extreme fear,19.73,extreme fear,19.546,extreme fear,1.7119000000000002,extreme fear,1.14093892283499,extreme fear
2022-01-06,52.142857142857146,neutral,4696.05,extreme greed,4528.477360000001,extreme greed,-0.2638157512425998,extreme fear,913.8833717302258,extreme greed,0.619149283183239,extreme fear,19.61,extreme fear,19.6186,extreme fear,1.7152,extreme fear,2.234808667217161,extreme fear
2022-01-07,49.25714285714287,neutral,4677.03,extreme greed,4530.93992,extreme greed,-0.2580180054388749,extreme fear,947.6698738242163,extreme greed,0.6369093833495507,extreme fear,18.76,extreme fear,19.6542,extreme fear,1.7224,extreme fear,1.272692923036511,extreme fear
2022-01-10,51.142857142857146,neutral,4670.29,extreme greed,4533.3078399999995,extreme greed,-0.3951139124563659,extreme fear,964.721272911416,extreme greed,0.681379563500667,extreme fear,19.4,extreme fear,19.711599999999997,extreme fear,1.7238000000000002,extreme fear,2.776096462156312,extreme fear
2022-01-11,56.114285714285714,greed,4713.07,extreme greed,4536.13216,extreme greed,-0.2832265614258766,extreme fear,1009.9485088484768,extreme greed,0.683592526181531,extreme fear,18.41,extreme fear,19.7546,extreme fear,1.7277999999999998,extreme fear,4.080397377162987,extreme fear
2022-01-12,55.94285714285714,greed,4726.35,extreme greed,4539.325680000001,extreme greed,0.003154846209887131,extreme fear,1056.1277532641682,extreme greed,0.6586991311155104,extreme fear,17.62,extreme fear,19.7788,extreme fear,1.7175,extreme fear,2.6102605510551773,extreme fear
2022-01-13,52.17142857142857,neutral,4659.03,extreme greed,4542.53,extreme greed,0.29309253970627996,extreme fear,1087.7245909109236,extreme greed,0.6630945776117433,extreme fear,20.31,extreme fear,19.8644,extreme fear,1.7064999999999997,extreme fear,2.032657009498624,extreme fear
2022-01-14,55.800000000000004,greed,4662.85,extreme greed,4545.248320000001,extreme greed,0.15142311506139525,extreme fear,1113.2780063306006,extreme greed,0.6896695536622267,extreme fear,19.19,extreme fear,19.9462,extreme fear,1.7133999999999996,extreme fear,3.960731604118447,extreme fear
2022-01-18,53.714285714285715,neutral,4577.11,extreme greed,4546.995680000001,extreme greed,0.04930772471182915,extreme fear,1099.7969493004546,extreme greed,0.6985779981921342,extreme fear,22.79,extreme fear,20.0932,extreme fear,1.7025,extreme fear,3.952039799887294,extreme fear
2022-01-19,44.82857142857143,fear,4532.76,extreme greed,4548.3179199999995,extreme greed,0.012953709794876825,extreme fear,1065.2313802451301,extreme greed,0.7257844196438754,extreme fear,23.85,extreme fear,20.2406,extreme fear,1.7024,extreme fear,0.5585126211705135,extreme fear
2022-01-20,39.142857142857146,fear,4482.73,extreme greed,4548.88544,extreme greed,-0.294388080221027,extreme fear,1005.8936680676793,extreme greed,0.7798033034716674,extreme fear,25.59,fear,20.408,extreme fear,1.7050999999999996,extreme fear,-1.6038829636040197,extreme fear
2022-01-21,26.728571428571428,fear,4397.94,extreme greed,4548.69056,extreme greed,-1.0355212692199292,extreme fear,917.0891199868524,extreme greed,0.852187508303467,extreme fear,28.85,fear,20.6294,extreme fear,1.7078000000000002,extreme fear,-4.800972233594542,extreme fear
2022-01-24,23.128571428571433,extreme fear,4410.13,extreme greed,4548.7599199999995,extreme greed,-2.23901876586749,extreme fear,837.9322777834722,extreme greed,0.8843765820701286,extreme fear,29.9,fear,20.852800000000002,extreme fear,1.7321999999999997,extreme fear,-5.673734996994051,extreme fear
2022-01-25,20.88571428571429,extreme fear,4356.45,extreme greed,4548.406400000001,extreme greed,-2.5864246174966086,extreme fear,763.9546319906375,extreme greed,0.8807758913468829,extreme fear,31.16,fear,21.122799999999998,extreme fear,1.7381,extreme fear,-6.549978510739723,extreme fear
2022-01-26,19.514285714285716,extreme fear,4349.93,extreme greed,4547.85264,extreme greed,-2.972538012849623,extreme fear,684.9171785253039,extreme greed,0.8892981004456526,extreme fear,31.96,fear,21.4362,extreme fear,1.7341,extreme fear,-6.66055719864044,extreme fear
2022-01-27,18.6,extreme fear,4326.51,extreme greed,4547.30264,extreme greed,-3.62519683990338,extreme fear,600.5040403786035,extreme greed,0.9014092392053709,extreme fear,30.49,fear,21.7162,extreme fear,1.7175000000000002,extreme fear,-6.965459674891317,extreme fear
2022-01-28,23.857142857142858,extreme fear,4431.85,extreme greed,4547.660159999999,extreme greed,-4.542383344717737,extreme fear,554.5787997284912,extreme greed,0.8785961407186804,extreme fear,27.66,fear,21.942000000000004,extreme fear,1.7522000000000002,extreme fear,-4.855656075188884,extreme fear
2022-01-31,29.200000000000006,fear,4515.55,extreme greed,4548.39936,extreme greed,-4.775937691734052,extreme fear,547.4643516318312,extreme greed,0.8354000800448315,extreme fear,24.83,extreme fear,22.0964,extreme fear,1.5965999999999998,extreme fear,-4.656151182902554,extreme fear
2022-02-01,30.800000000000004,fear,4546.54,extreme greed,4549.5504,extreme greed,-4.816532175394774,extreme fear,568.9956514710559,extreme greed,0.8193513591154774,extreme fear,21.96,extreme fear,22.1838,extreme fear,1.5908,extreme fear,-3.798045371484742,extreme fear
2022-02-02,28.800000000000004,fear,4589.38,extreme greed,4550.8326400000005,extreme greed,-4.90155539965636,extreme fear,588.8255783880041,extreme greed,0.8212260132590821,extreme fear,22.09,extreme fear,22.2674,extreme fear,1.7553,extreme fear,-1.6040413871264818,extreme fear
2022-02-03,26.057142857142857,fear,4477.44,extreme greed,4551.16,extreme greed,-5.064789592014207,extreme fear,574.2259569942149,extreme greed,0.8208559547848117,extreme fear,24.35,extreme fear,22.371,extreme fear,1.7507,extreme fear,-3.620829865134504,extreme fear
2022-02-04,27.6,fear,4500.53,extreme greed,4551.705440000001,extreme greed,-5.217490113588543,extreme fear,570.3912201697459,extreme greed,0.7839844372768714,extreme fear,23.22,extreme fear,22.4478,extreme fear,1.7549999999999997,extreme fear,-2.3191352099309435,extreme fear
2022-02-07,27.914285714285715,fear,4483.87,extreme greed,4552.0824,extreme greed,-5.415254896618009,extreme fear,576.5420212954987,extreme greed,0.7628165458002772,extreme fear,22.86,extreme fear,22.5334,extreme fear,1.7576,extreme fear,-2.5330494188625825,extreme fear
2022-02-08,28.942857142857143,fear,4521.54,extreme greed,4552.67312,extreme greed,-5.530605006100072,extreme fear,600.4195167917419,extreme greed,0.7667705997084159,extreme fear,21.44,extreme fear,22.3898,extreme fear,1.7613000000000003,extreme fear,-2.1614063098469254,extreme fear
2022-02-09,32.65714285714286,fear,4587.18,extreme greed,4553.6839199999995,extreme greed,-5.66669279034547,extreme fear,653.0002878379845,extreme greed,0.7526859470687107,extreme fear,19.96,extreme fear,22.3298,extreme fear,1.7516,extreme fear,-1.1183380460637844,extreme fear
2022-02-10,33.6,fear,4504.08,extreme greed,4553.97256,extreme greed,-6.123434475052419,extreme fear,674.5001803104362,extreme greed,0.7241352223231066,extreme fear,23.91,extreme fear,22.264200000000002,extreme fear,1.7421000000000002,extreme fear,-0.2958127877536291,extreme fear
2022-02-11,28.48571428571429,fear,4418.64,extreme greed,4553.484,extreme greed,-6.612429372588038,extreme fear,676.7041095838291,extreme greed,0.7596138185497558,extreme fear,27.36,fear,22.189,extreme fear,1.7453000000000003,extreme fear,-3.948547497212715,extreme fear
2022-02-14,25.685714285714287,fear,4401.67,extreme greed,4553.11272,extreme greed,-7.148026776102315,extreme fear,652.6664710567957,extreme greed,0.8063726625050384,extreme fear,28.33,fear,22.1966,extreme fear,1.7882,extreme fear,-2.619203034734474,extreme fear
2022-02-15,29.97142857142857,fear,4471.07,extreme greed,4553.679119999999,extreme greed,-7.069626146761707,extreme fear,662.0675855255301,extreme greed,0.8131420843458667,extreme fear,25.7,fear,22.0972,extreme fear,1.7882,extreme fear,0.4806064880112797,extreme fear
2022-02-16,32.08571428571428,fear,4475.01,extreme greed,4554.2328,extreme greed,-6.824015898043151,extreme fear,676.7292417408938,extreme greed,0.8320047169701548,extreme fear,24.29,extreme fear,22.0394,extreme fear,1.7882,extreme fear,1.708367712159974,extreme fear
2022-02-17,32.457142857142856,fear,4380.26,extreme greed,4553.74152,extreme greed,-6.673237024638265,extreme fear,661.497685685373,extreme greed,0.8507208225469421,extreme fear,28.11,fear,22.163799999999995,extreme fear,1.7556,extreme fear,1.598201556210666,extreme fear
2022-02-18,29.514285714285716,fear,4348.87,extreme greed,4552.696239999999,extreme greed,-6.165023655196989,extreme fear,632.1415468324906,extreme greed,0.8672650747151598,extreme fear,27.75,fear,22.3208,extreme fear,1.7626,extreme fear,0.1575952041228965,extreme fear
2022-02-22,28.771428571428572,fear,4304.76,extreme greed,4551.244479999999,extreme greed,-5.522516651102665,extreme fear,577.3585213391523,extreme greed,0.8645091249491458,extreme fear,28.81,fear,22.4654,extreme fear,1.768,extreme fear,0.1009857454632947,extreme fear
2022-02-23,18.814285714285713,extreme fear,4225.5,extreme greed,4549.07896,extreme greed,-5.86443392876412,extreme fear,506.59365752012746,extreme greed,0.8946952939530248,extreme fear,31.02,fear,22.712000000000003,extreme fear,1.763,extreme fear,-1.6625108500281323,extreme fear
2022-02-24,21.228571428571428,extreme fear,4288.7,extreme greed,4547.62856,extreme greed,-6.715992141998013,extreme fear,449.5957584560518,extreme greed,0.9310742319943687,extreme fear,30.32,fear,22.9122,extreme fear,1.7459000000000002,extreme fear,0.5671556239873601,extreme fear
2022-02-25,28.142857142857142,fear,4384.65,extreme greed,4546.6308,extreme greed,-6.2039260472874265,extreme fear,437.0852795888166,extreme greed,0.9195977986141155,extreme fear,27.59,fear,23.0262,extreme fear,1.7549,extreme fear,0.5860970638613572,extreme fear
2022-02-28,25.47142857142857,fear,4373.94,extreme greed,4545.392,extreme greed,-5.490143861731048,extreme fear,418.73088057519726,extreme greed,0.8772859919249084,extreme fear,30.15,fear,23.2434,extreme fear,1.5793,extreme fear,-2.4888867578941505,extreme fear
2022-03-01,22.97142857142857,extreme fear,4306.26,extreme greed,4543.66064,extreme greed,-5.416540796933209,extreme fear,386.50458032625016,extreme greed,0.8551576774281502,extreme fear,33.32,fear,23.498399999999997,extreme fear,1.5972000000000004,extreme fear,-5.761886554634086,extreme fear
2022-03-02,17.82857142857143,extreme fear,4386.54,extreme greed,4542.56024,extreme greed,-5.404016281983102,extreme fear,394.49180009667066,extreme greed,0.8320254769102808,extreme fear,30.74,fear,23.6818,extreme fear,1.7839999999999998,extreme fear,-3.233163794661477,extreme fear
2022-03-03,21.72857142857143,extreme fear,4363.49,extreme greed,4541.172560000001,extreme greed,-5.458146219862962,extreme fear,393.45588526199737,extreme greed,0.8004003884163511,extreme fear,30.48,fear,23.834,extreme fear,1.7459000000000002,extreme fear,-2.2803062559075893,extreme fear
2022-03-04,18.17142857142857,extreme fear,4328.87,extreme greed,4539.52008,extreme greed,-5.503640516358356,extreme fear,379.8595675476007,extreme greed,0.8213043463401191,extreme fear,31.98,fear,24.0534,extreme fear,1.7459000000000002,extreme fear,-5.367180138555236,extreme fear
2022-03-07,16.9,extreme fear,4201.09,extreme greed,4536.968559999999,extreme greed,-5.606373874841373,extreme fear,345.42689368241486,extreme greed,0.8151881479286874,extreme fear,36.45,fear,24.4098,extreme fear,1.7459000000000002,extreme fear,-7.40349862375138,extreme fear
2022-03-08,16.67142857142857,extreme fear,4170.7,extreme greed,4534.2216,extreme greed,-5.978076360905691,extreme fear,329.5187814830403,extreme greed,0.8062315452969029,extreme fear,35.13,fear,24.753199999999996,extreme fear,1.7459000000000002,extreme fear,-8.506140051751176,extreme fear
2022-03-09,18.028571428571432,extreme fear,4277.88,extreme greed,4532.4983999999995,extreme greed,-5.819094764181796,extreme fear,344.5238496203664,extreme greed,0.8138413900641706,extreme fear,32.45,fear,25.0486,fear,1.7459000000000002,extreme fear,-6.642244072130439,extreme fear
2022-03-10,17.95714285714286,extreme fear,4259.52,extreme greed,4530.90592,extreme greed,-6.033627250626735,extreme fear,356.8631472514046,extreme greed,0.8226553775936895,extreme fear,30.23,fear,25.3024,fear,1.7459000000000002,extreme fear,-5.862253130802919,extreme fear
2022-03-11,19.057142857142857,extreme fear,4204.31,extreme greed,4528.79056,extreme greed,-6.081301465089053,extreme fear,339.4993333782784,extreme greed,0.8208479660744101,extreme fear,30.75,fear,25.578400000000002,fear,1.7459000000000002,extreme fear,-4.076304555525643,extreme fear
2022-03-14,17.5,extreme fear,4173.11,extreme greed,4526.63104,extreme greed,-6.640133240490877,extreme fear,306.4181915427276,extreme greed,0.8614454660084233,extreme fear,31.77,fear,25.867199999999997,fear,1.7459000000000002,extreme fear,-3.913780358962436,extreme fear
2022-03-15,21.857142857142858,extreme fear,4262.45,extreme greed,4524.88504,extreme greed,-6.483122492729303,extreme fear,306.4958184509033,extreme greed,0.889649054654719,extreme fear,29.83,fear,26.1194,fear,1.7939000000000005,extreme fear,-3.610209923664111,extreme fear
2022-03-16,25.25714285714286,fear,4357.86,extreme greed,4523.95792,extreme greed,-6.443468298550901,extreme fear,342.01734271715105,extreme greed,0.8873536188019212,extreme fear,26.67,fear,26.3208,fear,1.7898999999999998,extreme fear,-1.2623424476797642,extreme fear
2022-03-17,33.62857142857143,fear,4411.67,extreme greed,4523.78736,extreme greed,-6.328091064737848,extreme fear,402.29318074250557,extreme greed,0.8694472226565167,extreme fear,25.67,fear,26.496,fear,1.7790000000000004,extreme fear,2.7823722879934922,extreme fear
2022-03-18,38.42857142857143,fear,4463.12,extreme greed,4524.630480000001,extreme greed,-6.121353676192067,extreme fear,468.7775889336458,extreme greed,0.8229087394712595,extreme fear,23.87,extreme fear,26.578799999999998,fear,1.7642,extreme fear,4.600108560659426,extreme fear
2022-03-21,40.971428571428575,fear,4461.18,extreme greed,4525.486400000001,extreme greed,-5.805665843548661,extreme fear,520.0366684654057,extreme greed,0.7591334098622561,extreme fear,23.53,extreme fear,26.657200000000003,fear,1.7716999999999996,extreme fear,6.973117405825965,extreme fear
2022-03-22,44.542857142857144,fear,4511.61,extreme greed,4526.41416,extreme greed,-5.332283990079471,extreme fear,585.6728069870726,extreme greed,0.7148275244579277,extreme fear,22.94,extreme fear,26.7408,fear,1.7591,extreme fear,10.214315759980858,extreme fear
2022-03-23,45.199999999999996,neutral,4456.24,extreme greed,4526.47224,extreme greed,-4.766113141677431,extreme fear,631.3571772403694,extreme greed,0.6839462853344298,extreme fear,23.57,extreme fear,26.8242,fear,1.7590999999999997,extreme fear,6.814903337094018,extreme fear
2022-03-24,46.91428571428571,neutral,4520.16,extreme greed,4526.98968,extreme greed,-3.691244703965288,extreme fear,696.1438871917549,extreme greed,0.6537352625894212,extreme fear,21.67,extreme fear,26.889400000000002,fear,1.7704,extreme fear,6.219800066090259,extreme fear
2022-03-25,49.371428571428574,neutral,4543.06,extreme greed,4527.78928,extreme greed,-3.662277146793166,extreme fear,765.7906578202312,extreme greed,0.657413751041795,extreme fear,20.81,extreme fear,26.953199999999995,fear,1.7573000000000003,extreme fear,9.015823413124362,extreme fear
2022-03-28,51.25714285714286,neutral,4575.52,extreme greed,4529.5724,extreme greed,-3.705907097628357,extreme fear,824.5383670938038,extreme greed,0.6603808080446136,extreme fear,19.63,extreme fear,26.9396,fear,1.7514,extreme fear,12.001801996784275,extreme fear
2022-03-29,52.714285714285715,neutral,4631.6,extreme greed,4531.749519999999,extreme greed,-3.584577414612051,extreme fear,904.4995777649016,extreme greed,0.644023725673168,extreme fear,18.9,extreme fear,26.9338,fear,1.7599,extreme fear,9.520456887752305,extreme fear
2022-03-30,52.800000000000004,neutral,4602.45,extreme greed,4534.1088,extreme greed,-3.489031048387222,extreme fear,960.96708907273,extreme greed,0.6506094714606208,extreme fear,19.33,extreme fear,26.8646,fear,1.7599,extreme fear,9.406763289017285,extreme fear
2022-03-31,59.199999999999996,greed,4530.41,extreme greed,4535.49576,extreme greed,-3.389898390941838,extreme fear,977.1867369321906,extreme greed,0.6778935910029606,extreme fear,20.56,extreme fear,26.7988,fear,1.6018,extreme fear,9.442716474615262,extreme fear
2022-04-01,59.800000000000004,greed,4545.86,extreme greed,4537.45896,extreme greed,-3.134688458201105,extreme fear,1011.3179978078559,extreme greed,0.6900881973351168,extreme fear,19.63,extreme fear,26.6796,fear,1.6019,extreme fear,13.19168414588488,extreme fear
2022-04-04,61.65714285714286,greed,4582.64,extreme greed,4539.35432,extreme greed,-2.6334866518851694,extreme fear,1049.4421960603634,extreme greed,0.6779335314349827,extreme fear,18.57,extreme fear,26.474,fear,1.6019,extreme fear,14.405536874761475,extreme fear
2022-04-05,47.91428571428571,neutral,4525.12,extreme greed,4540.64688,extreme greed,-2.0522232563491687,extreme fear,1051.2590328517363,extreme greed,0.713158246892763,extreme fear,21.03,extreme fear,26.296599999999998,fear,1.8149,extreme fear,10.704055684271452,extreme fear
2022-04-06,46.4,neutral,4481.15,extreme greed,4541.298,extreme greed,-2.2094238732667866,extreme fear,1035.364799986125,extreme greed,0.7422550449335307,extreme fear,22.1,extreme fear,26.1154,fear,1.8071999999999997,extreme fear,10.058181788204232,extreme fear
2022-04-07,46.82857142857142,neutral,4500.21,extreme greed,4542.16896,extreme greed,-2.211247350401996,extreme fear,1013.3469138169929,extreme greed,0.7427735571360266,extreme fear,21.55,extreme fear,25.907200000000003,fear,1.7959000000000003,extreme fear,12.119165871852125,extreme fear
2022-04-08,46.08571428571429,neutral,4488.28,extreme greed,4543.18568,extreme greed,-1.9366468499719056,extreme fear,1002.8079247336901,extreme greed,0.7394676318565463,extreme fear,21.16,extreme fear,25.7206,fear,1.8128,extreme fear,11.917323547465504,extreme fear
2022-04-11,43.4,fear,4412.53,extreme greed,4543.680719999999,extreme greed,-1.291211266954417,extreme fear,978.6820848465669,extreme greed,0.7899889020884481,extreme fear,24.37,extreme fear,25.6548,fear,1.8146,extreme fear,8.204759732881707,extreme fear
2022-04-12,42.05714285714286,fear,4397.45,extreme greed,4543.94992,extreme greed,-1.0377294858044357,extreme fear,949.412889813257,extreme greed,0.7798690913041074,extreme fear,24.26,extreme fear,25.6434,fear,1.8087,extreme fear,4.9927233030706475,extreme fear
2022-04-13,41.800000000000004,fear,4446.59,extreme greed,4544.016560000001,extreme greed,-1.072618280807944,extreme fear,957.1625810137599,extreme greed,0.7383350102618371,extreme fear,21.82,extreme fear,25.6406,fear,1.8187,extreme fear,4.52407980586193,extreme fear
2022-04-14,39.857142857142854,fear,4392.59,extreme greed,4543.3863200000005,extreme greed,-1.2493765903463365,extreme fear,947.4655975953472,extreme greed,0.7438279226010369,extreme fear,22.7,extreme fear,25.652800000000003,fear,1.8059000000000003,extreme fear,3.3749118048608744,extreme fear
2022-04-18,37.6,fear,4391.69,extreme greed,4542.62816,extreme greed,-1.5033728877810102,extreme fear,929.9386086768919,extreme greed,0.7440771098451828,extreme fear,22.17,extreme fear,25.6092,fear,1.8059000000000003,extreme fear,2.4580850435734836,extreme fear
2022-04-19,39.628571428571426,fear,4462.21,extreme greed,4542.1688,extreme greed,-1.8782773746718087,extreme fear,938.2670941537207,extreme greed,0.7113687004766953,extreme fear,21.37,extreme fear,25.5722,fear,1.8059000000000003,extreme fear,2.948078598194193,extreme fear
2022-04-20,43.31428571428571,fear,4459.45,extreme greed,4541.55488,extreme greed,-1.8057917609136287,extreme fear,956.6908836232949,extreme greed,0.7227057486957654,extreme fear,20.32,extreme fear,25.5214,fear,1.7728999999999997,extreme fear,4.008207501241266,extreme fear
2022-04-21,38.94285714285714,fear,4393.66,extreme greed,4540.30592,extreme greed,-1.953423501189945,extreme fear,937.8405215713858,extreme greed,0.7658372255962258,extreme fear,22.68,extreme fear,25.5462,fear,1.758,extreme fear,1.476772987333324,extreme fear
2022-04-22,31.62857142857143,fear,4271.78,extreme greed,4538.12096,extreme greed,-2.530430081617708,extreme fear,879.889229691445,extreme greed,0.8185398847521931,extreme fear,28.21,fear,25.711199999999998,fear,1.7744,extreme fear,-2.759404022847109,extreme fear
2022-04-25,29.97142857142857,fear,4296.12,extreme greed,4535.958079999999,extreme greed,-3.1214722361844527,extreme fear,828.316829559214,extreme greed,0.8553270564224531,extreme fear,27.02,fear,25.773400000000002,fear,1.7709000000000004,extreme fear,-3.240512499119292,extreme fear
2022-04-26,17.900000000000002,extreme fear,4175.2,extreme greed,4532.76136,extreme greed,-3.615910999063567,extreme fear,744.8826465864013,extreme greed,0.8999022742073318,extreme fear,33.52,fear,25.8966,fear,1.7795999999999996,extreme fear,-7.290340976473658,extreme fear
2022-04-27,16.271428571428572,extreme fear,4183.96,extreme greed,4529.8196,extreme greed,-4.521060550553861,extreme fear,675.3556320774846,extreme greed,0.9290210861824433,extreme fear,31.6,fear,25.962000000000003,fear,1.7967999999999997,extreme fear,-5.531480580933253,extreme fear
2022-04-28,24.25714285714286,extreme fear,4287.5,extreme greed,4527.34824,extreme greed,-5.386381227346015,extreme fear,649.4453491393198,extreme greed,0.937001736276595,extreme fear,29.99,fear,26.0478,fear,1.8108,extreme fear,-1.4678367779255734,extreme fear
2022-04-29,14.328571428571427,extreme fear,4131.93,extreme greed,4523.560640000001,extreme greed,-5.916774775831055,extreme fear,588.217659314842,extreme greed,0.9245510755275254,extreme fear,33.4,fear,26.23,fear,1.801,extreme fear,-5.465160053314665,extreme fear
2022-05-02,13.27142857142857,extreme fear,4155.38,extreme greed,4519.89432,extreme greed,-6.866483425219169,extreme fear,542.2919182751045,extreme greed,0.931847813545992,extreme fear,32.34,fear,26.3146,fear,1.801,extreme fear,-4.908429849470654,extreme fear
2022-05-03,30.485714285714288,fear,4175.48,extreme greed,4516.25296,extreme greed,-7.328839445267496,extreme fear,527.0413188600045,extreme greed,0.9026362648680066,extreme fear,29.25,fear,26.3446,fear,1.6639,extreme fear,-4.565618601120199,extreme fear
2022-05-04,22.400000000000002,extreme fear,4300.17,extreme greed,4513.3697600000005,extreme greed,-7.730037697503864,extreme fear,555.1470618720165,extreme greed,0.8782726234288887,extreme fear,25.42,fear,26.276799999999998,fear,1.8383000000000005,extreme fear,-1.8231717319684242,extreme fear
2022-05-05,13.128571428571432,extreme fear,4146.87,extreme greed,4509.104240000001,extreme greed,-7.946141556027249,extreme fear,535.6899748738283,extreme greed,0.8750669768255891,extreme fear,31.2,fear,26.2804,fear,1.8351,extreme fear,-4.947782383549095,extreme fear
2022-05-06,12.242857142857146,extreme fear,4123.34,extreme greed,4504.510719999999,extreme greed,-8.530499831188168,extreme fear,502.52547977285894,extreme greed,0.8723754873482539,extreme fear,30.19,fear,26.277800000000003,fear,1.8373000000000004,extreme fear,-5.137389854059149,extreme fear
2022-05-09,8.185714285714285,extreme fear,3991.24,extreme greed,4498.82704,extreme greed,-9.8694637362517,extreme fear,432.749101665785,extreme greed,0.8913107428352516,extreme fear,34.75,fear,26.421000000000003,fear,1.8373000000000004,extreme fear,-7.720845891388022,extreme fear
2022-05-10,7.4,extreme fear,4001.05,extreme greed,4493.353440000001,extreme greed,-10.796790690835445,extreme fear,364.83710787744417,extreme greed,0.9199947101928231,extreme fear,32.99,fear,26.477800000000002,fear,1.8373000000000004,extreme fear,-7.048390553532773,extreme fear
2022-05-11,4.028571428571429,extreme fear,3935.18,extreme greed,4487.6612000000005,extreme greed,-11.68264961108152,extreme fear,288.5681073601613,extreme greed,0.9573402783828915,extreme fear,32.56,fear,26.462600000000002,fear,1.9028,extreme fear,-9.908728594996484,extreme fear
2022-05-12,3.2,extreme fear,3930.08,extreme greed,4481.907679999999,extreme greed,-12.95436488243404,extreme fear,233.5786286740894,extreme greed,0.9758976739046972,extreme fear,31.77,fear,26.4832,fear,1.9205999999999996,extreme fear,-10.156305598223922,extreme fear
2022-05-13,11.285714285714286,extreme fear,4023.89,extreme greed,4476.636,extreme greed,-13.013688663551173,extreme fear,232.02268306639928,extreme greed,0.9501010350241254,extreme fear,28.87,fear,26.451,fear,1.9443000000000001,extreme fear,-7.772862945153601,extreme fear
2022-05-16,11.742857142857144,extreme fear,4008.01,extreme greed,4471.237679999999,extreme greed,-12.99066251421275,extreme fear,233.24382499927984,extreme greed,0.9037145080327003,extreme fear,27.47,fear,26.360799999999998,fear,1.9161,extreme fear,-10.690023017447203,extreme fear
2022-05-17,15.200000000000001,extreme fear,4088.85,extreme greed,4466.34128,extreme greed,-12.865526435397678,extreme fear,274.22636707979296,extreme greed,0.8810712544426229,extreme fear,26.1,fear,26.1538,fear,1.9231,extreme fear,-7.21188250840584,extreme fear
2022-05-18,6.6000000000000005,extreme fear,3923.68,extreme greed,4460.2213600000005,extreme greed,-13.42331838977188,extreme fear,267.2967592682397,extreme greed,0.8874954310950001,extreme fear,30.96,fear,26.070400000000003,fear,1.9231,extreme fear,-10.86497877060933,extreme fear
2022-05-19,13.714285714285714,extreme fear,3900.79,extreme greed,4453.79136,extreme greed,-13.750046728128124,extreme fear,267.79034334061873,extreme greed,0.886193912178646,extreme fear,29.35,fear,26.0084,fear,1.9523000000000001,extreme fear,-9.177965969110083,extreme fear
2022-05-20,12.657142857142858,extreme fear,3901.36,extreme greed,4447.41856,extreme greed,-13.657695143044418,extreme fear,268.5518582859816,extreme greed,0.9298743647165523,extreme fear,29.43,fear,25.992400000000004,fear,1.9532000000000005,extreme fear,-9.514328903881117,extreme fear
2022-05-23,17.885714285714283,extreme fear,3973.75,extreme greed,4441.74504,extreme greed,-13.192122211699958,extreme fear,298.8736186933061,extreme greed,0.9251276508126033,extreme fear,28.48,fear,25.947000000000003,fear,1.9573,extreme fear,-3.768232080181215,extreme fear
2022-05-24,16.0,extreme fear,3941.48,extreme greed,4435.75128,extreme greed,-12.980332345438347,extreme fear,313.3974612806799,extreme greed,0.9526112011494536,extreme fear,29.45,fear,25.9006,fear,1.9298999999999997,extreme fear,-6.152720184761889,extreme fear
2022-05-25,17.571428571428573,extreme fear,3978.73,extreme greed,4429.96944,extreme greed,-12.213403294881306,extreme fear,360.7274788252581,extreme greed,0.9123794746901603,extreme fear,28.37,fear,25.871399999999998,fear,1.9298999999999997,extreme fear,-8.001132169494127,extreme fear
2022-05-26,24.114285714285717,extreme fear,4057.84,extreme greed,4425.6752,extreme greed,-11.406298454127736,extreme fear,439.5406096050484,extreme greed,0.8783441225483415,extreme fear,27.5,fear,25.888,fear,1.9298999999999997,extreme fear,-2.982087376070087,extreme fear
2022-05-27,29.542857142857144,fear,4158.24,extreme greed,4421.69896,extreme greed,-10.846513254235903,extreme fear,546.6611608690271,extreme greed,0.818401640814334,extreme fear,25.72,fear,25.889,fear,1.8643,extreme fear,-2.195627338880908,extreme fear
2022-05-31,40.057142857142864,fear,4132.15,extreme greed,4418.22016,extreme greed,-9.84985973088641,extreme fear,615.9470479914335,extreme greed,0.8212430880592663,extreme fear,26.19,fear,25.935400000000005,fear,1.6943,extreme fear,-2.0388175445472725,extreme fear
2022-06-01,40.60000000000001,fear,4101.23,extreme greed,4414.925679999999,extreme greed,-9.454820778155147,extreme fear,659.0866427928462,extreme greed,0.8050646928817043,extreme fear,25.69,fear,25.978599999999997,fear,1.6880999999999997,extreme fear,-4.376776199867813,extreme fear
2022-06-02,44.82857142857143,fear,4176.82,extreme greed,4411.723440000001,extreme greed,-9.02057422700965,extreme fear,729.1587855118134,extreme greed,0.7977912216373323,extreme fear,24.72,extreme fear,26.014200000000002,fear,1.6987,extreme fear,-0.15501812947983656,extreme fear
2022-06-03,35.45714285714286,fear,4108.54,extreme greed,4408.284320000001,extreme greed,-8.516678606221005,extreme fear,761.0273072632422,extreme greed,0.8202317089975774,extreme fear,24.79,extreme fear,26.038599999999995,fear,1.8448000000000002,extreme fear,-1.655016155085,extreme fear
2022-06-06,42.800000000000004,fear,4121.43,extreme greed,4404.5224,extreme greed,-7.582775355417445,extreme fear,801.5649163970189,extreme greed,0.8186174821257545,extreme fear,25.07,fear,26.106600000000004,fear,1.8579,extreme fear,3.474781759179796,extreme fear
2022-06-07,45.62857142857143,neutral,4160.68,extreme greed,4400.31384,extreme greed,-6.02822191286707,extreme fear,857.5655674769732,extreme greed,0.8161621163719948,extreme fear,24.02,extreme fear,26.170800000000003,fear,1.8560000000000003,extreme fear,4.16050705534963,extreme fear
2022-06-08,48.11428571428571,neutral,4115.77,extreme greed,4395.63032,extreme greed,-4.682578937662236,extreme fear,882.000476594693,extreme greed,0.7835340139062839,extreme fear,23.96,extreme fear,26.257400000000004,fear,1.8807,extreme fear,5.66640746034184,extreme fear
2022-06-09,47.05714285714286,neutral,4017.82,extreme greed,4390.43328,extreme greed,-3.677374765914054,extreme fear,858.9675671982777,extreme greed,0.7942746866881418,extreme fear,26.09,fear,26.4012,fear,1.8846,extreme fear,3.453779767348091,extreme fear
2022-06-10,40.00000000000001,fear,3900.86,extreme greed,4383.944,extreme greed,-2.56129497585602,extreme fear,799.7263731332057,extreme greed,0.8497862455471068,extreme fear,27.75,fear,26.5696,fear,1.9053999999999998,extreme fear,-1.4597561441184534,extreme fear
2022-06-13,25.085714285714293,fear,3749.63,extreme greed,4376.58928,extreme greed,-3.4770126915710775,extreme fear,700.6968001568266,extreme greed,0.9540858189527686,extreme fear,34.02,fear,26.838800000000003,fear,1.9288,extreme fear,-2.6376762824948075,extreme fear
2022-06-14,20.528571428571432,extreme fear,3735.48,extreme greed,4369.4003999999995,extreme greed,-4.506455642955797,extreme fear,604.9049791122702,extreme greed,1.0015844104413285,extreme fear,32.69,fear,27.1,fear,2.0007,extreme fear,-4.736290088136587,extreme fear
2022-06-15,29.25714285714286,fear,3789.99,extreme greed,4362.04152,extreme greed,-4.8068909602196,extreme fear,552.2290025837414,extreme greed,1.0328373911115152,extreme fear,29.62,fear,27.320999999999998,fear,1.9864000000000004,extreme fear,-0.21342201541132907,extreme fear
2022-06-16,17.700000000000003,extreme fear,3666.77,extreme greed,4354.02632,extreme greed,-5.954998544824876,extreme fear,463.65584828154897,extreme greed,1.0965609919800006,extreme fear,32.95,fear,27.5594,fear,1.9688,extreme fear,-3.078363459259552,extreme fear
2022-06-17,16.92857142857143,extreme fear,3674.84,extreme greed,4346.45992,extreme greed,-6.334379125886129,extreme fear,396.7123974821724,extreme greed,1.0548304290993393,extreme fear,31.13,fear,27.740000000000006,fear,2.0449,extreme fear,-2.5360075478325332,extreme fear
2022-06-21,19.728571428571428,extreme fear,3764.79,extreme greed,4340.03408,extreme greed,-6.052690385984742,extreme fear,372.35384514402784,extreme greed,0.9504102371542784,extreme fear,30.19,fear,27.912799999999997,fear,2.0243,extreme fear,-1.9986192159212608,extreme fear
2022-06-22,26.885714285714283,fear,3759.89,extreme greed,4332.919360000001,extreme greed,-6.289569210007911,extreme fear,344.44725497077184,extreme greed,0.9337401057587478,extreme fear,28.95,fear,28.0686,fear,1.9988000000000001,extreme fear,-1.8640150542841416,extreme fear
2022-06-23,26.742857142857144,fear,3795.73,extreme greed,4325.7127199999995,extreme greed,-6.26691116036206,extreme fear,324.5907458019786,extreme greed,0.9315213012060625,extreme fear,29.05,fear,28.1622,fear,2.0377,extreme fear,-2.104672941854179,extreme fear
2022-06-24,30.85714285714286,fear,3911.74,extreme greed,4319.200319999999,extreme greed,-6.300756996809322,extreme fear,337.165375565074,extreme greed,0.849671626874907,extreme fear,27.23,fear,28.2216,fear,2.0384,extreme fear,-0.7167729927417953,extreme fear
2022-06-27,30.771428571428572,fear,3900.11,extreme greed,4312.07168,extreme greed,-6.45609011022827,extreme fear,353.4194678345755,extreme greed,0.8151787617947237,extreme fear,26.95,fear,28.3242,fear,1.9941,extreme fear,-2.7236203956736267,extreme fear
2022-06-28,28.142857142857142,fear,3821.55,extreme greed,4304.35328,extreme greed,-6.676033535067434,extreme fear,345.02358443888323,extreme greed,0.8383892689206063,extreme fear,28.36,fear,28.437399999999997,fear,1.9941,extreme fear,-5.249797405156678,extreme fear
2022-06-29,26.542857142857144,fear,3818.83,extreme greed,4296.559439999999,extreme greed,-7.080522627246627,extreme fear,313.9851175571912,extreme greed,0.8492228954623664,extreme fear,28.16,fear,28.557199999999998,fear,2.0279000000000003,extreme fear,-6.026252985695732,extreme fear
2022-06-30,24.371428571428574,extreme fear,3785.38,extreme greed,4288.612639999999,extreme greed,-7.586111581111443,extreme fear,265.6060006197621,extreme greed,0.8704052377630778,extreme fear,28.71,fear,28.704,fear,1.9164999999999999,extreme fear,-9.11921089089347,extreme fear
2022-07-01,24.571428571428573,extreme fear,3825.33,extreme greed,4281.085840000001,extreme greed,-7.908344628727362,extreme fear,254.2860346075258,extreme greed,0.889684645930598,extreme fear,26.7,fear,28.8316,fear,1.9164999999999999,extreme fear,-7.76569881360655,extreme fear
2022-07-05,22.171428571428574,extreme fear,3831.39,extreme greed,4273.364479999999,extreme greed,-8.3692200617031,extreme fear,233.21630249040476,extreme greed,0.8969507681791733,extreme fear,27.54,fear,28.928800000000003,fear,2.1266999999999996,extreme fear,-8.980740561368451,extreme fear
2022-07-06,22.828571428571426,extreme fear,3845.08,extreme greed,4265.7768,extreme greed,-8.679970352239577,extreme fear,198.4453920623413,extreme greed,0.8890323113879566,extreme fear,26.73,fear,28.8992,fear,2.1370000000000005,extreme fear,-8.236898706115996,extreme fear
2022-07-07,27.599999999999998,fear,3902.62,extreme greed,4259.39312,extreme greed,-8.8145715988205,extreme fear,209.88956691815696,extreme greed,0.8375666031834841,extreme fear,26.08,fear,28.880399999999998,fear,2.0973,extreme fear,-5.600358552087279,extreme fear
2022-07-08,31.342857142857145,fear,3899.38,extreme greed,4253.01976,extreme greed,-8.954695855488422,extreme fear,209.63287171988333,extreme greed,0.810420100525065,extreme fear,24.64,extreme fear,28.702800000000003,fear,2.0496,extreme fear,-2.577584215373099,extreme fear
2022-07-11,30.37142857142857,fear,3854.43,extreme greed,4246.43896,extreme greed,-8.993177144225774,extreme fear,180.17165443764299,extreme greed,0.8328496828440131,extreme fear,26.17,fear,28.594199999999997,fear,2.0349,extreme fear,-2.5483613076722493,extreme fear
2022-07-12,30.314285714285713,fear,3818.8,extreme greed,4239.62704,extreme greed,-8.856378488502607,extreme fear,146.6739356275387,extreme greed,0.8478093706311114,extreme fear,27.29,fear,28.540200000000006,fear,2.0540000000000003,extreme fear,-1.594500133963402,extreme fear
2022-07-13,27.28571428571428,fear,3801.78,extreme greed,4232.336719999999,extreme greed,-7.982430209765465,extreme fear,115.83737042566405,extreme greed,0.8977929912438484,extreme fear,26.82,fear,28.4086,fear,2.0538,extreme fear,-3.128047969574339,extreme fear
2022-07-14,26.514285714285716,fear,3790.38,extreme greed,4224.84896,extreme greed,-7.281212647204212,extreme fear,58.334945203672675,greed,0.9402087336662334,extreme fear,26.4,fear,28.2898,fear,2.0708,extreme fear,-2.783207072226353,extreme fear
2022-07-15,33.285714285714285,fear,3863.16,extreme greed,4218.482,extreme greed,-6.925264367450702,extreme fear,52.55091591122451,neutral,0.9376485206836843,extreme fear,24.23,extreme fear,28.1894,fear,2.08,extreme fear,2.912266509804253,extreme fear
2022-07-18,35.885714285714286,fear,3830.85,extreme greed,4211.826,extreme greed,-5.357937398751143,extreme fear,62.631561407458896,greed,0.902217022495406,extreme fear,25.3,fear,28.187,fear,2.0523,extreme fear,2.198814577774759,extreme fear
2022-07-19,39.31428571428571,fear,3936.69,extreme greed,4206.7026399999995,extreme greed,-4.55839414820842,extreme fear,118.2433658827607,extreme greed,0.8840310866360698,extreme fear,24.5,extreme fear,28.053,fear,2.0301000000000005,extreme fear,2.284006521194076,extreme fear
2022-07-20,44.08571428571429,fear,3959.9,extreme greed,4202.11976,extreme greed,-4.373924925632456,extreme fear,181.10934708800573,extreme greed,0.8379404507527717,extreme fear,23.88,extreme fear,27.9268,fear,1.9974,extreme fear,4.48909594060701,extreme fear
2022-07-21,48.199999999999996,neutral,3998.95,extreme greed,4198.249519999999,extreme greed,-4.030138551918329,extreme fear,248.64181416770168,extreme greed,0.8038098385536612,extreme fear,23.11,extreme fear,27.694000000000003,fear,1.9699,extreme fear,3.93300346106494,extreme fear
2022-07-22,42.42857142857143,fear,3961.63,extreme greed,4194.75904,extreme greed,-3.706995257261297,extreme fear,285.19649477376754,extreme greed,0.8318254966241165,extreme fear,23.03,extreme fear,27.4948,fear,1.9843,extreme fear,-1.6983616976202154,extreme fear
2022-07-25,42.2,fear,3966.84,extreme greed,4191.2127199999995,extreme greed,-3.6734037033907936,extreme fear,334.28322266778844,extreme greed,0.8672410560024048,extreme fear,23.36,extreme fear,27.3108,fear,1.9801999999999997,extreme fear,-1.4410148416566244,extreme fear
2022-07-26,42.0,fear,3921.05,extreme greed,4187.72952,extreme greed,-3.662157033073464,extreme fear,358.73308551141406,extreme greed,0.894966698454023,extreme fear,24.69,extreme fear,27.1692,fear,1.9608,extreme fear,-0.4603176416108325,extreme fear
2022-07-27,46.628571428571426,neutral,4023.61,extreme greed,4185.11896,extreme greed,-3.559558615420189,extreme fear,417.53034321888333,extreme greed,0.9056306849665001,extreme fear,23.24,extreme fear,27.056600000000003,fear,1.981,extreme fear,2.8857356052211043,extreme fear
2022-07-28,48.48571428571429,neutral,4072.43,extreme greed,4183.08632,extreme greed,-3.2492914965193216,extreme fear,493.98375432730245,extreme greed,0.9226421320314891,extreme fear,22.33,extreme fear,26.9538,fear,1.9608999999999999,extreme fear,4.898139314299403,extreme fear
2022-07-29,52.4,neutral,4130.29,extreme greed,4180.6738399999995,extreme greed,-2.753953683695838,extreme fear,583.0921329983811,extreme greed,0.887476227512748,extreme fear,21.33,extreme fear,26.858399999999996,fear,1.9546,extreme fear,6.27225948899853,extreme fear
2022-08-01,59.08571428571429,greed,4118.63,extreme greed,4177.49848,extreme greed,-2.4884122174561725,extreme fear,655.5791893419645,extreme greed,0.867204728477061,extreme fear,22.84,extreme fear,26.695999999999998,fear,1.7747000000000002,extreme fear,5.653444850977713,extreme fear
2022-08-02,57.371428571428574,greed,4091.19,extreme greed,4173.855680000001,extreme greed,-2.039674540567235,extreme fear,705.7430224034226,extreme greed,0.8371136425063105,extreme fear,23.93,extreme fear,26.587600000000002,fear,1.9436999999999995,extreme fear,5.136506402317368,extreme fear
2022-08-03,60.25714285714286,greed,4155.17,extreme greed,4170.382,extreme greed,-1.794927213728994,extreme fear,765.5329858668529,extreme greed,0.81330735557704,extreme fear,21.95,extreme fear,26.438,fear,1.912,extreme fear,4.171564379930995,extreme fear
2022-08-04,61.51428571428571,greed,4151.94,extreme greed,4167.778,extreme greed,-1.733509098095644,extreme fear,809.4316654707071,extreme greed,0.782881846572491,extreme fear,21.44,extreme fear,26.297199999999997,fear,1.9247000000000003,extreme fear,3.005915251712317,extreme fear
2022-08-05,63.314285714285724,greed,4145.19,extreme greed,4164.93528,extreme greed,-1.681848781675741,extreme fear,859.5088993476118,extreme greed,0.7860361896793723,extreme fear,21.15,extreme fear,26.131200000000003,fear,1.9136999999999997,extreme fear,6.340567769180701,extreme fear
2022-08-08,64.74285714285715,greed,4140.06,extreme greed,4162.1848,extreme greed,-1.4606437520514775,extreme fear,921.182986878079,extreme greed,0.7646683929262087,extreme fear,21.29,extreme fear,25.9896,fear,1.8908000000000005,extreme fear,6.864084253097247,extreme fear
2022-08-09,64.45714285714286,greed,4122.47,extreme greed,4158.9922400000005,extreme greed,-1.2730564285232042,extreme fear,965.4678206478334,extreme greed,0.7734281061347008,extreme fear,21.77,extreme fear,25.875,fear,1.8921999999999999,extreme fear,7.700806274243213,extreme fear
2022-08-10,65.11428571428571,greed,4210.24,extreme greed,4155.976720000001,extreme greed,-0.9168298661228393,extreme fear,1044.8874598319355,extreme greed,0.7848913098289361,extreme fear,19.74,extreme fear,25.755399999999998,fear,1.9078000000000006,extreme fear,9.62329181254607,extreme fear
2022-08-11,65.82857142857144,greed,4207.27,extreme greed,4153.60224,extreme greed,-0.3144994282320376,extreme fear,1125.157898089206,extreme greed,0.7799121614715807,extreme fear,20.2,extreme fear,25.6356,fear,1.8751000000000004,extreme fear,8.598185549495408,extreme fear
2022-08-12,68.02857142857144,greed,4280.15,extreme greed,4152.49432,extreme greed,-0.14767750494459705,extreme fear,1230.3532192941548,extreme greed,0.7697599610922481,extreme fear,19.53,extreme fear,25.512400000000003,fear,1.854,extreme fear,10.602790233040514,extreme fear
2022-08-15,66.82857142857144,greed,4297.14,extreme greed,4151.65808,extreme greed,-0.0324176262615,extreme fear,1314.9081280353607,extreme greed,0.7714824470485093,extreme fear,19.95,extreme fear,25.417,fear,1.8711000000000002,extreme fear,7.366619131498628,extreme fear
2022-08-16,67.94285714285715,greed,4305.2,extreme greed,4150.33112,extreme greed,0.07269887894042044,extreme fear,1398.1521939389709,extreme greed,0.7412346903464618,extreme fear,19.69,extreme fear,25.315,fear,1.8735,extreme fear,6.938747039080943,extreme fear
2022-08-17,67.14285714285715,greed,4274.04,extreme greed,4148.72336,extreme greed,0.11239107961862234,extreme fear,1435.8019098613147,extreme greed,0.7425678641493533,extreme fear,19.9,extreme fear,25.211599999999997,fear,1.8827000000000003,extreme fear,6.854699154631136,extreme fear
2022-08-18,66.37142857142858,greed,4283.74,extreme greed,4147.9511999999995,extreme greed,0.1955097714740885,extreme fear,1471.885212249174,extreme greed,0.7696240634424508,extreme fear,19.56,extreme fear,25.1224,fear,1.8936000000000004,extreme fear,9.075072906141992,extreme fear
2022-08-19,63.714285714285715,greed,4228.48,extreme greed,4146.988079999999,extreme greed,0.18099387792771807,extreme fear,1464.2219050265678,extreme greed,0.8094312712544515,extreme fear,20.6,extreme fear,25.0552,fear,1.9015,extreme fear,8.036172552261629,extreme fear
2022-08-22,60.314285714285724,greed,4137.99,extreme greed,4145.65392,extreme greed,0.15208850509897492,extreme fear,1418.6091487043766,extreme greed,0.8565873705054899,extreme fear,23.8,extreme fear,25.0094,fear,1.9066,extreme fear,7.524200906523812,extreme fear
2022-08-23,57.42857142857144,greed,4128.73,extreme greed,4144.87976,extreme greed,0.15134686309023898,extreme fear,1380.4835679944238,extreme greed,0.8797852768828504,extreme fear,24.11,extreme fear,24.9366,extreme fear,1.9365999999999999,extreme fear,5.069183020341736,extreme fear
2022-08-24,57.51428571428571,greed,4140.77,extreme greed,4143.69632,extreme greed,0.10912383022397237,extreme fear,1365.8560183860372,extreme greed,0.8829106440744983,extreme fear,22.82,extreme fear,24.712600000000002,extreme fear,1.9379,extreme fear,5.376626338616578,extreme fear
2022-08-25,58.25714285714287,greed,4199.12,extreme greed,4142.21208,extreme greed,0.0985312932676388,extreme fear,1387.2226827861762,extreme greed,0.8671941762303552,extreme fear,21.78,extreme fear,24.4944,extreme fear,1.9281,extreme fear,4.717237164371984,extreme fear
2022-08-26,55.74285714285714,greed,4057.66,extreme greed,4139.68184,extreme greed,-0.032494373634504026,extreme fear,1359.405489791362,extreme greed,0.8630425935743494,extreme fear,25.56,fear,24.413200000000003,extreme fear,1.9287,extreme fear,2.064452415546669,extreme fear
2022-08-29,54.285714285714285,neutral,4030.61,extreme greed,4137.47664,extreme greed,-0.18087845977043462,extreme fear,1315.3520935540341,extreme greed,0.8554817655065111,extreme fear,26.21,fear,24.2784,extreme fear,1.9528000000000003,extreme fear,1.3026958999768687,extreme fear
2022-08-30,49.800000000000004,neutral,3986.16,extreme greed,4134.2736,extreme greed,-0.3924396838780123,extreme fear,1243.5986468463345,extreme greed,0.8910417477450915,extreme fear,26.21,fear,24.18,extreme fear,1.9627,extreme fear,-0.8969781962582343,extreme fear
2022-08-31,52.08571428571429,neutral,3955.0,extreme greed,4131.00568,extreme greed,-0.6033074654486695,extreme fear,1160.5012212570084,extreme greed,0.9281994288487532,extreme fear,25.87,fear,24.093600000000002,extreme fear,1.8423,extreme fear,-0.639289948228363,extreme fear
2022-09-01,49.371428571428574,neutral,3966.85,extreme greed,4128.10952,extreme greed,-0.9644029197495088,extreme fear,1070.2469542425663,extreme greed,0.981184118939727,extreme fear,25.56,fear,24.0258,extreme fear,1.8422,extreme fear,-0.6077179392159342,extreme fear
2022-09-02,42.457142857142856,fear,3924.26,extreme greed,4125.89488,extreme greed,-1.065720243978972,extreme fear,979.934148938209,extreme greed,0.987510398963863,extreme fear,25.47,fear,23.9542,extreme fear,2.0705,extreme fear,-1.522985547285391,extreme fear
2022-09-06,40.62857142857143,fear,3908.19,extreme greed,4123.7948,extreme greed,-1.4157078653623405,extreme fear,882.9129461058021,extreme greed,1.0091311897932413,extreme fear,26.91,fear,23.9478,extreme fear,2.0587,extreme fear,-0.712846059109383,extreme fear
2022-09-07,39.62857142857143,fear,3979.87,extreme greed,4121.41072,extreme greed,-1.5544938968216615,extreme fear,833.5980943719669,extreme greed,1.0075047855877408,extreme fear,24.64,extreme fear,23.9016,extreme fear,2.0294000000000003,extreme fear,-1.5470452333912568,extreme fear
2022-09-08,40.371428571428574,fear,4006.18,extreme greed,4119.384,extreme greed,-1.724811145196343,extreme fear,811.0761976442827,extreme greed,0.9844683262901077,extreme fear,23.61,extreme fear,23.8066,extreme fear,2.0288,extreme fear,-1.2688706317703449,extreme fear
2022-09-09,43.8,fear,4067.36,extreme greed,4118.2883999999995,extreme greed,-1.7614126698749084,extreme fear,833.4245390384444,extreme greed,0.9434292846735618,extreme fear,22.79,extreme fear,23.6992,extreme fear,1.9939,extreme fear,-0.943613765310209,extreme fear
2022-09-12,47.6,neutral,4110.41,extreme greed,4117.7868,extreme greed,-1.804624500792732,extreme fear,888.9071667380465,extreme greed,0.9133018778884058,extreme fear,23.87,extreme fear,23.6024,extreme fear,1.9626,extreme fear,0.1977847354845595,extreme fear
2022-09-13,36.62857142857143,fear,3932.69,extreme greed,4115.14872,extreme greed,-1.991635991005424,extreme fear,890.0096837515829,extreme greed,0.9228204892947997,extreme fear,27.27,fear,23.6138,extreme fear,1.9475,extreme fear,-3.746421238109249,extreme fear
2022-09-14,41.885714285714286,fear,3946.01,extreme greed,4111.85392,extreme greed,-2.275021478072956,extreme fear,891.7656439992412,extreme greed,0.9402173806255762,extreme fear,26.16,fear,23.586199999999998,extreme fear,2.0025,extreme fear,-3.39548154469524,extreme fear
2022-09-15,40.65714285714286,fear,3901.35,extreme greed,4107.77136,extreme greed,-2.530880676591073,extreme fear,875.9126939608074,extreme greed,0.94467996940501,extreme fear,26.27,fear,23.576999999999998,extreme fear,2.0144,extreme fear,-4.21703958529876,extreme fear
2022-09-16,35.285714285714285,fear,3873.33,extreme greed,4103.05304,extreme greed,-3.110052081759519,extreme fear,832.2435247209582,extreme greed,1.0126720371960005,extreme fear,26.3,fear,23.5814,extreme fear,2.0328000000000004,extreme fear,-4.60094234572755,extreme fear
2022-09-19,36.31428571428571,fear,3899.89,extreme greed,4098.56272,extreme greed,-3.400420033038943,extreme fear,818.6533387035747,extreme greed,1.036583928671721,extreme fear,25.76,fear,23.603799999999996,extreme fear,2.056,extreme fear,-2.057685254674545,extreme fear
2022-09-20,36.114285714285714,fear,3855.93,extreme greed,4093.31728,extreme greed,-3.8761620121585696,extreme fear,766.8306304266856,extreme greed,1.0018476954716138,extreme fear,27.16,fear,23.6236,extreme fear,2.0366000000000004,extreme fear,-2.5978481376649447,extreme fear
2022-09-21,27.21428571428571,fear,3789.93,extreme greed,4087.9868,extreme greed,-4.339175023973012,extreme fear,685.2648772919013,extreme greed,0.9840028826028864,extreme fear,27.99,fear,23.6376,extreme fear,2.0357,extreme fear,-5.183940108836335,extreme fear
2022-09-22,24.48571428571429,extreme fear,3757.99,extreme greed,4081.88944,extreme greed,-5.337502435933956,extreme fear,587.5869375650609,extreme greed,1.0054165144460765,extreme fear,27.35,fear,23.648199999999996,extreme fear,2.0426,extreme fear,-5.154550015654815,extreme fear
2022-09-23,21.685714285714287,extreme fear,3693.23,extreme greed,4075.0908,extreme greed,-6.98354134211684,extreme fear,463.5908376044748,extreme greed,1.0272210555851535,extreme fear,29.92,fear,23.718600000000002,extreme fear,2.0456,extreme fear,-3.754248436039818,extreme fear
2022-09-26,17.62857142857143,extreme fear,3655.04,extreme greed,4067.72696,extreme greed,-8.452978258708228,extreme fear,321.135221632289,extreme greed,1.0552783933836598,extreme fear,32.26,fear,23.8792,extreme fear,2.0929,extreme fear,-3.528517034898081,extreme fear
2022-09-27,16.514285714285716,extreme fear,3647.29,extreme greed,4059.85248,extreme greed,-9.57936380254857,extreme fear,201.14840649951884,extreme greed,1.08061872575153,extreme fear,32.6,fear,24.025199999999998,extreme fear,2.0908,extreme fear,-2.102054010532843,extreme fear
2022-09-28,17.02857142857143,extreme fear,3719.04,extreme greed,4052.7852,extreme greed,-9.776799074255944,extreme fear,143.67213045526418,extreme greed,1.1097835958223943,extreme fear,30.18,fear,24.138799999999996,extreme fear,2.0671,extreme fear,-2.1242373155154435,extreme fear
2022-09-29,13.257142857142858,extreme fear,3640.47,extreme greed,4045.66568,extreme greed,-10.751082327956023,extreme fear,60.384814999898424,greed,1.0989327316456006,extreme fear,31.84,fear,24.298000000000002,extreme fear,2.0874000000000006,extreme fear,-4.852305753937049,extreme fear
2022-09-30,16.45714285714286,extreme fear,3585.62,extreme greed,4037.9837599999996,extreme greed,-11.09044770314827,extreme fear,-14.749648245999111,extreme fear,1.0535710662879119,extreme fear,31.62,fear,24.468199999999996,extreme fear,1.941,extreme fear,-4.53015931238921,extreme fear
2022-10-03,20.38571428571429,extreme fear,3678.43,extreme greed,4030.7500800000003,extreme greed,-11.265933140063948,extreme fear,-33.422548682451264,extreme fear,1.0169418671942538,extreme fear,30.1,fear,24.6096,extreme fear,1.9226,extreme fear,-3.7816760766785444,extreme fear
2022-10-04,27.88571428571429,fear,3790.93,extreme greed,4024.87656,extreme greed,-10.981314019812842,extreme fear,0.9991767980345969,extreme fear,0.9721639200046305,extreme fear,29.07,fear,24.7238,extreme fear,2.1045999999999996,extreme fear,-2.196251431584989,extreme fear
2022-10-05,29.714285714285715,fear,3783.28,extreme greed,4019.2936,extreme greed,-10.934246186167181,extreme fear,21.026582793364042,extreme fear,0.9588600146530688,extreme fear,28.55,fear,24.801,extreme fear,2.0407,extreme fear,-2.4492583155793737,extreme fear
2022-10-06,23.142857142857142,extreme fear,3744.52,extreme greed,4013.2480799999994,extreme greed,-11.0137455532845,extreme fear,16.751860701146683,extreme fear,0.934184199642058,extreme fear,30.52,fear,24.9466,extreme fear,2.0265,extreme fear,-4.300507912723007,extreme fear
2022-10-07,19.67142857142857,extreme fear,3639.66,extreme greed,4006.45912,extreme greed,-11.591874564249334,extreme fear,-24.334474004742034,extreme fear,0.9236755840770983,extreme fear,31.36,fear,25.127200000000002,fear,2.0102,extreme fear,-7.567406489741552,extreme fear
2022-10-10,19.4,extreme fear,3612.39,extreme greed,4000.058,extreme greed,-12.202975346059501,extreme fear,-79.96344538066121,extreme fear,0.9562005032540892,extreme fear,32.45,fear,25.3496,fear,2.0191999999999997,extreme fear,-4.205589263582246,extreme fear
2022-10-11,16.885714285714283,extreme fear,3588.84,extreme greed,3993.58912,extreme greed,-12.928693281784115,extreme fear,-129.81205224780467,extreme fear,0.9773634446733886,extreme fear,33.63,fear,25.5654,fear,2.0211,extreme fear,-5.373417063683574,extreme fear
2022-10-12,15.942857142857145,extreme fear,3577.03,extreme greed,3986.6326400000003,extreme greed,-13.405091418190137,extreme fear,-173.24737864935787,extreme fear,0.9919257218923463,extreme fear,33.57,fear,25.7582,fear,2.0403,extreme fear,-5.256742040775818,extreme fear
2022-10-13,19.37142857142857,extreme fear,3669.91,extreme greed,3980.8511999999996,extreme greed,-14.49932952769359,extreme fear,-172.76486724761605,extreme fear,1.0142392913634146,extreme fear,31.94,fear,25.958000000000002,fear,2.0397,extreme fear,-1.6269348043883747,extreme fear
2022-10-14,16.45714285714286,extreme fear,3583.07,extreme greed,3974.38224,extreme greed,-14.234437338377957,extreme fear,-205.2783630043182,extreme fear,1.009959254237084,extreme fear,32.02,fear,26.1696,fear,2.0357,extreme fear,-4.238785295817155,extreme fear
2022-10-17,23.400000000000002,extreme fear,3677.95,extreme greed,3968.10816,extreme greed,-14.02250903085142,extreme fear,-184.0023801153676,extreme fear,0.9800480133069375,extreme fear,31.37,fear,26.374000000000002,fear,2.01,extreme fear,-1.4649383603061068,extreme fear
2022-10-18,28.800000000000004,fear,3719.98,extreme greed,3962.1924,extreme greed,-13.558299561731502,extreme fear,-128.74487032373324,extreme fear,0.9742900746834051,extreme fear,30.5,fear,26.558200000000003,fear,1.9805999999999997,extreme fear,1.4312489086574238,extreme fear
2022-10-19,29.428571428571427,fear,3695.16,extreme greed,3956.6044,extreme greed,-13.42417910495353,extreme fear,-101.50002678374415,extreme fear,0.9694769016393149,extreme fear,30.76,fear,26.738000000000003,fear,1.9708000000000003,extreme fear,1.165182741666734,extreme fear
2022-10-20,39.08571428571429,fear,3665.78,extreme greed,3951.7563999999998,extreme greed,-12.930753045985705,extreme fear,-82.39542323910294,extreme fear,0.9519872188154336,extreme fear,29.98,fear,26.942800000000002,fear,1.9749000000000003,extreme fear,2.814275613310535,extreme fear
2022-10-21,43.74285714285715,fear,3752.75,extreme greed,3947.40944,extreme greed,-12.066139849978748,extreme fear,-27.704759551457045,extreme fear,0.9363842704293008,extreme fear,29.69,fear,27.132599999999996,fear,1.958,extreme fear,4.8909533541027645,extreme fear
2022-10-24,47.22857142857142,neutral,3797.34,extreme greed,3944.38656,extreme greed,-10.854051096824277,extreme fear,32.17868929668012,fear,0.9253419835074552,extreme fear,29.85,fear,27.339000000000002,fear,1.9464000000000001,extreme fear,5.8759855110706,extreme fear
2022-10-25,51.371428571428574,neutral,3859.11,extreme greed,3941.78776,extreme greed,-9.627408784035467,extreme fear,124.23371031334997,extreme greed,0.8993472006738676,extreme fear,28.46,fear,27.5092,fear,1.9352,extreme fear,6.498941088405893,extreme fear
2022-10-26,53.800000000000004,neutral,3830.6,extreme greed,3938.13256,extreme greed,-9.224472894281122,extreme fear,219.27921520031325,extreme greed,0.8683145336734739,extreme fear,27.28,fear,27.661000000000005,fear,1.9462,extreme fear,6.924820373981111,extreme fear
2022-10-27,54.57142857142857,neutral,3807.3,extreme greed,3935.5355199999995,extreme greed,-8.088935530632527,extreme fear,309.25515808467685,extreme greed,0.8792498493480295,extreme fear,27.39,fear,27.8108,fear,1.9399,extreme fear,7.08099139062057,extreme fear
2022-10-28,57.114285714285714,greed,3901.06,extreme greed,3933.50096,extreme greed,-7.433249122257948,extreme fear,412.27121072483004,extreme greed,0.8850677375922501,extreme fear,25.75,fear,27.9346,fear,1.9243999999999997,extreme fear,8.248213780315108,extreme fear
2022-10-31,64.05714285714286,greed,3871.98,extreme greed,3931.07296,extreme greed,-7.153525108191552,extreme fear,494.4181318377478,extreme greed,0.8697186119442879,extreme fear,25.88,fear,28.0402,fear,1.7730999999999997,extreme fear,5.019069219318271,extreme fear
2022-11-01,63.51428571428572,greed,3856.1,extreme greed,3927.5204,extreme greed,-7.110692512580671,extreme fear,581.7368698155723,extreme greed,0.8698073083260205,extreme fear,25.81,fear,28.0804,fear,1.7880999999999998,extreme fear,4.151912711572145,extreme fear
2022-11-02,55.285714285714285,greed,3759.69,extreme greed,3924.42296,extreme greed,-7.09662904777672,extreme fear,617.3199670785931,extreme greed,0.8974547127933699,extreme fear,25.86,fear,28.1154,fear,1.8931999999999998,extreme fear,2.153680951981476,extreme fear
2022-11-03,55.51428571428572,greed,3719.89,extreme greed,3921.1953599999997,extreme greed,-7.232080330637637,extreme fear,644.4284042911464,extreme greed,0.8987341614861686,extreme fear,25.3,fear,28.165,fear,1.9005,extreme fear,3.942005094930649,extreme fear
2022-11-04,56.51428571428572,greed,3770.55,extreme greed,3919.42984,extreme greed,-6.884309764316965,extreme fear,694.6035324189388,extreme greed,0.895688908365182,extreme fear,24.55,extreme fear,28.220399999999998,fear,1.933,extreme fear,5.795322789354597,extreme fear
2022-11-07,59.65714285714286,greed,3806.8,extreme greed,3917.8758399999997,extreme greed,-6.37563384918108,extreme fear,751.0503171470186,extreme greed,0.8941862387290188,extreme fear,24.35,extreme fear,28.196199999999997,fear,1.9189000000000005,extreme fear,8.14160839560939,extreme fear
2022-11-08,57.94285714285714,greed,3828.11,extreme greed,3917.0192800000004,extreme greed,-5.553154284413103,extreme fear,813.3490649602055,extreme greed,0.9662246292074459,extreme fear,25.54,fear,28.182799999999997,fear,1.9066999999999994,extreme fear,8.732289165702788,extreme fear
2022-11-09,54.0,neutral,3748.57,extreme greed,3915.5671999999995,extreme greed,-5.06538374099264,extreme fear,825.2788946084407,extreme greed,0.9597362348777156,extreme fear,26.09,fear,28.1804,fear,1.9320000000000004,extreme fear,3.07025591721545,extreme fear
2022-11-10,60.34285714285714,greed,3956.37,extreme greed,3915.02704,extreme greed,-3.6820417763121323,extreme fear,876.1433587583034,extreme greed,0.9229899556401155,extreme fear,23.53,extreme fear,28.1336,fear,1.9693999999999996,extreme fear,8.40338196137688,extreme fear
2022-11-11,63.74285714285713,greed,3992.93,extreme greed,3914.9064,extreme greed,-3.342632329742685,extreme fear,943.7357866692753,extreme greed,0.8804710894739683,extreme fear,22.52,extreme fear,28.0728,fear,1.9491999999999996,extreme fear,6.991529559483697,extreme fear
2022-11-14,62.68571428571429,greed,3957.25,extreme greed,3913.8536,extreme greed,-3.1789236071986213,extreme fear,979.5356355973857,extreme greed,0.8952596460502298,extreme fear,23.73,extreme fear,28.038,fear,1.9438000000000004,extreme fear,5.35990127396405,extreme fear
2022-11-15,66.91428571428573,greed,3991.73,extreme greed,3914.398,extreme greed,-3.0262997805726055,extreme fear,1034.0716954684751,extreme greed,0.8220104314716101,extreme fear,24.54,extreme fear,27.9906,fear,1.9285999999999999,extreme fear,5.147718937034853,extreme fear
2022-11-16,65.08571428571427,greed,3958.79,extreme greed,3914.862,extreme greed,-2.608914258606685,extreme fear,1048.8184077372466,extreme greed,0.826843791421535,extreme fear,24.11,extreme fear,27.98,fear,1.9414,extreme fear,3.734999760341925,extreme fear
2022-11-17,61.48571428571429,greed,3946.56,extreme greed,3915.2236,extreme greed,-2.0931093981711837,extreme fear,1049.0772789493226,extreme greed,0.850060034008527,extreme fear,23.93,extreme fear,27.9864,fear,1.9681999999999997,extreme fear,1.770523389755841,extreme fear
2022-11-18,60.34285714285715,greed,3965.34,extreme greed,3915.15632,extreme greed,-1.2786594778773748,extreme fear,1060.874881444751,extreme greed,0.8753038144888416,extreme fear,23.12,extreme fear,27.993000000000002,fear,1.9794,extreme fear,1.21726174434452,extreme fear
2022-11-21,60.97142857142857,greed,3949.94,extreme greed,3915.224,extreme greed,-0.8947441044103157,extreme fear,1060.7039532718136,extreme greed,0.8648887851184531,extreme fear,22.36,extreme fear,27.9628,fear,1.9683,extreme fear,0.5078213592637597,extreme fear
2022-11-22,60.8,greed,4003.58,extreme greed,3915.4228000000003,extreme greed,-0.8162553385985488,extreme fear,1084.1040236938402,extreme greed,0.9259918886827989,extreme fear,21.29,extreme fear,27.843199999999996,fear,1.9699,extreme fear,2.647642379483806,extreme fear
2022-11-23,64.25714285714285,greed,4027.26,extreme greed,3915.1781599999995,extreme greed,-0.7670958079927765,extreme fear,1118.4014985489064,extreme greed,0.889716480856024,extreme fear,20.35,extreme fear,27.727000000000004,fear,1.9684000000000004,extreme fear,4.008350401949129,extreme fear
2022-11-25,63.08571428571429,greed,4026.12,extreme greed,3914.1212,extreme greed,-0.656163114663897,extreme fear,1156.378965691514,extreme greed,0.8674043988718172,extreme fear,20.5,extreme fear,27.611600000000003,fear,1.9635000000000002,extreme fear,1.0786995898456966,extreme fear
2022-11-28,59.74285714285715,greed,3963.94,extreme greed,3912.7755199999997,extreme greed,-0.6317180544748635,extreme fear,1150.5232093087302,extreme greed,0.88915292272104,extreme fear,22.21,extreme fear,27.529800000000005,fear,1.9619,extreme fear,-0.349306801535158,extreme fear
2022-11-29,58.17142857142857,greed,3957.63,extreme greed,3911.6267199999998,extreme greed,-0.6477662166431758,extreme fear,1163.9567868205454,extreme greed,0.9062375377050659,extreme fear,21.89,extreme fear,27.4524,fear,1.9815000000000003,extreme fear,0.07846674988343863,extreme fear
2022-11-30,73.97142857142856,greed,4080.11,extreme greed,3910.85304,extreme greed,-0.6554139728506533,extreme fear,1213.6006190753817,extreme greed,0.8816083567996292,extreme fear,20.58,extreme fear,27.3208,fear,1.8145,extreme fear,4.953166791616535,extreme fear
2022-12-01,75.60000000000001,extreme greed,4076.57,extreme greed,3910.5972800000004,extreme greed,-0.4176433613567603,extreme fear,1250.5489772040473,extreme greed,0.8645326468533046,extreme fear,19.84,extreme fear,27.1578,fear,1.8007999999999995,extreme fear,4.627090718689549,extreme fear
2022-12-02,68.14285714285714,greed,4071.7,extreme greed,3910.19944,extreme greed,-0.0366116500049703,extreme fear,1286.8900570469823,extreme greed,0.8653820574371354,extreme fear,19.06,extreme fear,26.992000000000004,fear,1.9244000000000003,extreme fear,2.539638943294522,extreme fear
2022-12-05,65.08571428571429,greed,3998.84,extreme greed,3908.90472,extreme greed,0.19241595013147125,extreme fear,1272.6387695088738,extreme greed,0.8492356152931644,extreme fear,20.75,extreme fear,26.808600000000002,fear,1.9388999999999996,extreme fear,0.2641610594127535,extreme fear
2022-12-06,61.828571428571436,greed,3941.26,extreme greed,3907.50864,extreme greed,0.14882552497711288,extreme fear,1237.4649596873564,extreme greed,0.8665001192364296,extreme fear,22.17,extreme fear,26.606800000000003,fear,1.9331,extreme fear,-1.7458819273491453,extreme fear
2022-12-07,58.42857142857143,greed,3933.92,extreme greed,3906.83744,extreme greed,0.06604488886721992,extreme fear,1193.9793400810256,extreme greed,0.9085777086542326,extreme fear,22.68,extreme fear,26.408399999999997,fear,1.9711,extreme fear,-0.3568617704009666,extreme fear
2022-12-08,55.6857142857143,greed,3963.51,extreme greed,3907.33864,extreme greed,0.23302497573865003,extreme fear,1168.4252786935328,extreme greed,0.9204057408239334,extreme fear,22.29,extreme fear,26.250600000000006,fear,1.9930000000000003,extreme fear,-2.134281854058922,extreme fear
2022-12-09,52.08571428571428,neutral,3934.38,extreme greed,3908.81664,extreme greed,0.15905670010987094,extreme fear,1129.3331773017824,extreme greed,0.9584581588015582,extreme fear,22.83,extreme fear,26.0704,fear,1.9746999999999997,extreme fear,-3.280279583490965,extreme fear
2022-12-12,57.199999999999996,greed,3990.56,extreme greed,3910.85728,extreme greed,-0.002508922446560237,extreme fear,1121.8030685465314,extreme greed,0.9425835723608695,extreme fear,25.0,extreme fear,25.938000000000002,fear,1.9407,extreme fear,-1.1471292353931422,extreme fear
2022-12-13,59.17142857142858,greed,4019.65,extreme greed,3912.6945599999995,extreme greed,-0.007048422914960519,extreme fear,1128.068762588662,extreme greed,0.914676416554995,extreme fear,22.55,extreme fear,25.787,fear,1.9339000000000002,extreme fear,-1.7932762034723928,extreme fear
2022-12-14,60.94285714285714,greed,3995.32,extreme greed,3915.32296,extreme greed,-0.13283631230666623,extreme fear,1117.2044679894825,extreme greed,0.8933539516291326,extreme fear,21.14,extreme fear,25.628400000000003,fear,1.9187,extreme fear,-1.187018804091898,extreme fear
2022-12-15,60.142857142857146,greed,3895.75,extreme greed,3917.0902399999995,extreme greed,-0.30150951137907195,extreme fear,1068.8976614425856,extreme greed,0.9226576293256923,extreme fear,22.83,extreme fear,25.514,fear,1.7647999999999997,extreme fear,-4.043506164159622,extreme fear
2022-12-16,44.142857142857146,fear,3852.36,extreme greed,3917.7908,extreme greed,-0.4770672639315659,extreme fear,997.6915729990271,extreme greed,0.9546355135460709,extreme fear,22.62,extreme fear,25.355999999999998,fear,2.0378,extreme fear,-5.807754728120031,extreme fear
2022-12-19,39.971428571428575,fear,3817.66,extreme greed,3918.25296,extreme greed,-0.7170697395511338,extreme fear,912.8153188304967,extreme greed,0.9957672735801818,extreme fear,22.42,extreme fear,25.1772,fear,2.0494,extreme fear,-5.475440187234987,extreme fear
2022-12-20,38.314285714285724,fear,3821.62,extreme greed,3918.4600800000003,extreme greed,-0.933079345431522,extreme fear,850.104668414524,extreme greed,1.014819030714583,extreme fear,21.48,extreme fear,24.957800000000002,extreme fear,2.0393999999999997,extreme fear,-5.360875991464806,extreme fear
2022-12-21,38.542857142857144,fear,3878.44,extreme greed,3918.1936800000003,extreme greed,-0.9991704308492907,extreme fear,834.0407485540313,extreme greed,1.0764718929015882,extreme fear,20.07,extreme fear,24.6866,extreme fear,2.0195000000000003,extreme fear,-4.1009636975512125,extreme fear
2022-12-22,37.0,fear,3822.39,extreme greed,3917.57192,extreme greed,-1.2987236622424645,extreme fear,795.3910124445354,extreme greed,1.1039877816725077,extreme fear,21.97,extreme fear,24.4546,extreme fear,1.9995,extreme fear,-5.400503005772247,extreme fear
2022-12-23,39.51428571428572,fear,3844.82,extreme greed,3917.75808,extreme greed,-1.4160393968941443,extreme fear,784.1658457159165,extreme greed,1.0641350036334942,extreme fear,20.87,extreme fear,24.2332,extreme fear,2.0156,extreme fear,-2.8822885514334216,extreme fear
2022-12-27,39.94285714285714,fear,3829.25,extreme greed,3917.84144,extreme greed,-1.50767388974205,extreme fear,778.1528244820978,extreme greed,1.0597314841436107,extreme fear,21.65,extreme fear,24.0258,extreme fear,2.0017,extreme fear,-2.6742123963353346,extreme fear
2022-12-28,35.51428571428572,fear,3783.22,extreme greed,3917.82416,extreme greed,-1.684502744221246,extreme fear,739.029775725002,extreme greed,1.2100014463193463,extreme fear,22.14,extreme fear,23.8412,extreme fear,1.9853000000000003,extreme fear,-5.592811656020498,extreme fear
2022-12-29,37.142857142857146,fear,3849.28,extreme greed,3918.0157600000002,extreme greed,-1.7316972721225437,extreme fear,747.0973575006587,extreme greed,1.1311545855602567,extreme fear,21.44,extreme fear,23.66,extreme fear,2.0255,extreme fear,-3.5645370675449777,extreme fear
2022-12-30,36.51428571428571,fear,3839.5,extreme greed,3918.08064,extreme greed,-1.9008884450969887,extreme fear,744.8068345515916,extreme greed,1.0991615255415883,extreme fear,21.67,extreme fear,23.478199999999998,extreme fear,2.0547000000000004,extreme fear,-3.05567835176228,extreme fear
2023-01-03,36.6,fear,3824.14,extreme greed,3917.9131199999997,extreme greed,-1.8816105786716553,extreme fear,743.9973434152108,extreme greed,1.0986993034867485,extreme fear,22.9,extreme fear,23.336599999999997,extreme fear,2.0330999999999997,extreme fear,-3.511860360309352,extreme fear
2023-01-04,39.857142857142854,fear,3852.97,extreme greed,3917.51592,extreme greed,-1.814926032231039,extreme fear,779.6258780390976,extreme greed,1.1416301878195798,extreme fear,22.01,extreme fear,23.183000000000003,extreme fear,2.0164,extreme fear,-1.525343360104868,extreme fear
2023-01-05,44.17142857142858,fear,3808.1,extreme greed,3916.7856799999995,extreme greed,-1.6446020672061905,extreme fear,798.7776249667902,extreme greed,1.0203728163323078,extreme fear,22.46,extreme fear,23.0352,extreme fear,1.9977999999999996,extreme fear,-1.4473012928278306,extreme fear
2023-01-06,45.714285714285715,neutral,3895.08,extreme greed,3917.1108799999997,extreme greed,-1.4625729027774943,extreme fear,853.000374631735,extreme greed,1.008546143572575,extreme fear,21.13,extreme fear,22.888599999999997,extreme fear,2.0005999999999995,extreme fear,-1.8375764349809494,extreme fear
2023-01-09,47.2,neutral,3892.09,extreme greed,3917.6972,extreme greed,-1.2917586909741268,extreme fear,908.092141341034,extreme greed,0.9970619808164983,extreme fear,21.97,extreme fear,22.7824,extreme fear,1.9774,extreme fear,-2.176850383288808,extreme fear
2023-01-10,49.65714285714286,neutral,3919.25,extreme greed,3918.63696,extreme greed,-1.1849877523240682,extreme fear,980.2644871721659,extreme greed,0.9969502705430013,extreme fear,20.58,extreme fear,22.6462,extreme fear,1.9636,extreme fear,-2.3517195633713306,extreme fear
2023-01-11,54.228571428571435,neutral,3969.61,extreme greed,3920.0708000000004,extreme greed,-0.9871441278431639,extreme fear,1064.571212700565,extreme greed,0.9763204527307255,extreme fear,21.09,extreme fear,22.553,extreme fear,1.9546,extreme fear,-1.2347652306718482,extreme fear
2023-01-12,56.68571428571429,greed,3983.17,extreme greed,3921.03088,extreme greed,-0.8870014918018015,extreme fear,1160.706367100739,extreme greed,0.94693126848074,extreme fear,18.83,extreme fear,22.412,extreme fear,1.9623999999999997,extreme fear,-0.8678109628949195,extreme fear
2023-01-13,61.31428571428571,greed,3999.09,extreme greed,3922.3768000000005,extreme greed,-0.6866560599387667,extreme fear,1252.3204285786367,extreme greed,0.9384831764505401,extreme fear,18.35,extreme fear,22.262800000000002,extreme fear,1.9714000000000003,extreme fear,2.6065045028853784,extreme fear
2023-01-17,64.14285714285714,greed,3990.97,extreme greed,3922.81104,extreme greed,-0.3877383728696538,extreme fear,1323.991922835917,extreme greed,0.9215546246568694,extreme fear,19.36,extreme fear,22.132800000000003,extreme fear,1.9607,extreme fear,3.7451924294585077,extreme fear
2023-01-18,58.42857142857143,greed,3928.86,extreme greed,3922.56272,extreme greed,-0.0498751510138861,extreme fear,1347.6784765118853,extreme greed,0.9717844904759845,extreme fear,20.34,extreme fear,22.033599999999996,extreme fear,1.9589999999999996,extreme fear,0.7766151971750253,extreme fear
2023-01-19,55.42857142857144,greed,3898.85,extreme greed,3921.76192,extreme greed,0.16065620358526514,extreme fear,1346.5299184163034,extreme greed,0.9677841660098412,extreme fear,20.52,extreme fear,21.952999999999996,extreme fear,1.9776,extreme fear,-0.6267001292762631,extreme fear
2023-01-20,58.542857142857144,greed,3972.61,extreme greed,3921.8497599999996,extreme greed,0.435088996374996,extreme fear,1379.474920868543,extreme greed,0.9517225682994714,extreme fear,19.85,extreme fear,21.863000000000003,extreme fear,1.9988,extreme fear,0.5259507067434731,extreme fear
2023-01-23,63.60000000000001,greed,4019.81,extreme greed,3922.27352,extreme greed,0.5992304105164102,extreme fear,1429.01937724294,extreme greed,0.9371107185353379,extreme fear,19.81,extreme fear,21.7484,extreme fear,1.9851,extreme fear,3.4723503581857744,extreme fear
2023-01-24,63.0,greed,4016.95,extreme greed,3923.0407200000004,extreme greed,0.9580079174880644,extreme fear,1460.3367831766848,extreme greed,0.9456162413949543,extreme fear,19.2,extreme fear,21.610599999999998,extreme fear,1.9680999999999997,extreme fear,1.806211427008445,extreme fear
2023-01-25,63.88571428571429,greed,4016.22,extreme greed,3922.9815999999996,extreme greed,1.1026544372459781,extreme fear,1495.1803204344233,extreme greed,0.9027838966585124,extreme fear,19.08,extreme fear,21.5216,extreme fear,1.9888999999999997,extreme fear,1.2462014808344684,extreme fear
2023-01-26,68.02857142857144,greed,4060.43,extreme greed,3922.8855999999996,extreme greed,1.3826357496838064,extreme fear,1537.679032400997,extreme greed,0.8694109218339863,extreme fear,18.73,extreme fear,21.4458,extreme fear,1.9917999999999998,extreme fear,3.8308779847885575,extreme fear
2023-01-27,69.2,greed,4070.56,extreme greed,3922.40776,extreme greed,1.7512736243440814,extreme fear,1578.528433188971,extreme greed,0.84542344798259,extreme fear,18.51,extreme fear,21.3414,extreme fear,1.9774,extreme fear,2.927569904461229,extreme fear
2023-01-30,67.45714285714287,greed,4017.77,extreme greed,3921.60088,extreme greed,1.862554574112501,extreme fear,1583.1514440484898,extreme greed,0.8549028984253162,extreme fear,19.94,extreme fear,21.2494,extreme fear,1.9757999999999998,extreme fear,1.6935154936243078,extreme fear
2023-01-31,70.34285714285716,greed,4076.6,extreme greed,3921.48416,extreme greed,2.0593597126876686,extreme fear,1623.5840581224795,extreme greed,0.8482368825109756,extreme fear,19.4,extreme fear,21.1552,extreme fear,1.9795,extreme fear,3.963001743323444,extreme fear
2023-02-01,82.17142857142858,extreme greed,4119.21,extreme greed,3921.19648,extreme greed,2.2435501289649356,extreme fear,1672.416221928079,extreme greed,0.8214136580398135,extreme fear,17.87,extreme fear,21.034000000000002,extreme fear,1.8050999999999997,extreme fear,4.536731288734349,extreme fear
2023-02-02,75.2,extreme greed,4179.76,extreme greed,3921.41904,extreme greed,2.4682727449216535,extreme fear,1724.7400897997866,extreme greed,0.7861098266928079,extreme fear,18.73,extreme fear,20.946199999999997,extreme fear,1.9947,extreme fear,7.231981828305767,extreme fear
2023-02-03,76.14285714285714,extreme greed,4136.48,extreme greed,3921.3493599999997,extreme greed,2.622824378999374,extreme fear,1739.3244905077129,extreme greed,0.807135320917105,extreme fear,18.33,extreme fear,20.8656,extreme fear,1.9396999999999998,extreme fear,6.06629856018526,extreme fear
2023-02-06,75.91428571428573,extreme greed,4111.08,extreme greed,3921.1175200000002,extreme greed,2.6250498683242958,extreme fear,1725.3851843979983,extreme greed,0.7963111373721953,extreme fear,19.43,extreme fear,20.828400000000002,extreme fear,1.9406,extreme fear,6.601228492738856,extreme fear
2023-02-07,76.34285714285714,extreme greed,4164.0,extreme greed,3921.44976,extreme greed,2.594005943100182,extreme fear,1724.1650176663252,extreme greed,0.7878513433224797,extreme fear,18.66,extreme fear,20.7946,extreme fear,1.9609,extreme fear,6.820683170170497,extreme fear
2023-02-08,74.62857142857142,greed,4117.86,extreme greed,3920.7107199999996,extreme greed,2.596658010471999,extreme fear,1697.46492215664,extreme greed,0.7774695172065152,extreme fear,19.63,extreme fear,20.777200000000004,extreme fear,1.9488,extreme fear,4.637129913328499,extreme fear
2023-02-09,72.62857142857143,greed,4081.5,extreme greed,3919.7045599999997,extreme greed,2.601855179152495,extreme fear,1643.7623014050923,extreme greed,0.8048782321585971,extreme fear,20.71,extreme fear,20.7472,extreme fear,1.9651000000000003,extreme fear,4.675306062883168,extreme fear
2023-02-10,72.4857142857143,greed,4090.46,extreme greed,3918.1870400000003,extreme greed,2.498454868438007,extreme fear,1598.3082870999215,extreme greed,0.8394458606507358,extreme fear,20.53,extreme fear,20.72,extreme fear,1.9576000000000002,extreme fear,4.445996555116,extreme fear
2023-02-13,71.82857142857144,greed,4137.29,extreme greed,3916.9082399999998,extreme greed,2.4758000616180644,extreme fear,1583.7718928134202,extreme greed,0.8598060188928841,extreme fear,20.34,extreme fear,20.7152,extreme fear,1.9795,extreme fear,5.300937771573286,extreme fear
2023-02-14,73.25714285714287,greed,4136.13,extreme greed,3915.5556799999995,extreme greed,2.449636749402743,extreme fear,1567.1840787005679,extreme greed,0.8688246990455462,extreme fear,18.91,extreme fear,20.696600000000004,extreme fear,1.9761999999999995,extreme fear,8.666849499446462,extreme fear
2023-02-15,73.65714285714284,greed,4147.6,extreme greed,3914.5441600000004,extreme greed,2.4431781634912073,extreme fear,1561.8971156394066,extreme greed,0.8675906642562217,extreme fear,18.23,extreme fear,20.68,extreme fear,1.9815,extreme fear,9.866917410533826,extreme fear
2023-02-16,70.71428571428572,greed,4090.41,extreme greed,3912.99752,extreme greed,2.5304561869566293,extreme fear,1529.1519524924774,extreme greed,0.8785246685917324,extreme fear,20.17,extreme fear,20.668400000000002,extreme fear,1.9808,extreme fear,6.218547816629087,extreme fear
2023-02-17,69.48571428571428,greed,4079.09,extreme greed,3911.8024000000005,extreme greed,2.5402816459855555,extreme fear,1487.916637623714,extreme greed,0.8658824756911703,extreme fear,20.02,extreme fear,20.6254,extreme fear,1.9802,extreme fear,4.138283566516647,extreme fear
2023-02-21,65.91428571428573,greed,3997.34,extreme greed,3910.6771999999996,extreme greed,2.4443188042000914,extreme fear,1411.2479512308435,extreme greed,0.8762917214281376,extreme fear,22.87,extreme fear,20.6292,extreme fear,1.9991999999999996,extreme fear,3.805182329048955,extreme fear
2023-02-22,64.17142857142859,greed,3991.05,extreme greed,3909.5757599999997,extreme greed,2.3391944504278337,extreme fear,1342.5824289901536,extreme greed,0.8887821760780745,extreme fear,22.29,extreme fear,20.6292,extreme fear,2.0099000000000005,extreme fear,3.5539690815641616,extreme fear
2023-02-23,62.65714285714285,greed,4012.32,extreme greed,3908.54816,extreme greed,2.306446798493877,extreme fear,1289.7574900874858,extreme greed,0.9203606442284633,extreme fear,21.14,extreme fear,20.595399999999998,extreme fear,1.9928,extreme fear,2.2694318975769536,extreme fear
2023-02-24,60.65714285714286,greed,3970.04,extreme greed,3906.71552,extreme greed,2.1381879742405396,extreme fear,1220.8571650886079,extreme greed,0.9475686797553464,extreme fear,21.67,extreme fear,20.5288,extreme fear,1.9674999999999998,extreme fear,1.3963760094851407,extreme fear
2023-02-27,61.22857142857144,greed,3982.24,extreme greed,3906.11216,extreme greed,2.0493792721454462,extreme fear,1161.7790906099053,extreme greed,0.9558326506136476,extreme fear,20.95,extreme fear,20.496799999999997,extreme fear,1.9626,extreme fear,2.4025694119684093,extreme fear
2023-02-28,61.2,greed,3970.15,extreme greed,3905.62848,extreme greed,2.0393695507188765,extreme fear,1100.714354517765,extreme greed,0.9370349114113928,extreme fear,20.7,extreme fear,20.488000000000003,extreme fear,1.9389000000000003,extreme fear,0.9450824230926611,extreme fear
2023-03-01,65.91428571428573,greed,3951.39,extreme greed,3905.35032,extreme greed,1.9154933890262622,extreme fear,1042.8045396375533,extreme greed,0.9559365725135305,extreme fear,20.58,extreme fear,20.442999999999998,extreme fear,1.7713,extreme fear,1.018011481606442,extreme fear
2023-03-02,52.45714285714287,neutral,3981.35,extreme greed,3905.5611200000003,extreme greed,1.6973678140521038,extreme fear,1003.6593570303278,extreme greed,0.9741460986669489,extreme fear,19.59,extreme fear,20.3824,extreme fear,2.0364,extreme fear,0.7415152178657382,extreme fear
2023-03-03,55.6857142857143,greed,4045.64,extreme greed,3906.19144,extreme greed,1.566340583091535,extreme fear,1005.1485658819715,extreme greed,0.9524607923042845,extreme fear,18.49,extreme fear,20.303800000000003,extreme fear,2.0379,extreme fear,1.4828046371904706,extreme fear
2023-03-06,55.25714285714285,greed,4048.42,extreme greed,3907.18472,extreme greed,1.5006468266254058,extreme fear,986.5017534814048,extreme greed,0.9526534094637331,extreme fear,18.61,extreme fear,20.2464,extreme fear,2.0392,extreme fear,1.5359801458011695,extreme fear
2023-03-07,48.51428571428571,neutral,3986.37,extreme greed,3907.81016,extreme greed,1.4338245488690287,extreme fear,932.5838578428727,extreme greed,0.987574268207829,extreme fear,19.59,extreme fear,20.2368,extreme fear,2.0392,extreme fear,-1.5093287865944116,extreme fear
2023-03-08,49.82857142857143,neutral,3992.01,extreme greed,3907.9072800000004,extreme greed,1.327384992116012,extreme fear,885.0329109835544,extreme greed,1.0121770941796255,extreme fear,19.11,extreme fear,20.1796,extreme fear,2.0139000000000005,extreme fear,0.10731897955922644,extreme fear
2023-03-09,37.542857142857144,fear,3918.32,extreme greed,3907.2044,extreme greed,1.181794743557251,extreme fear,800.218285228564,extreme greed,1.0319967120914573,extreme fear,22.61,extreme fear,20.2144,extreme fear,2.0298,extreme fear,-1.9191327463678556,extreme fear
2023-03-10,26.885714285714283,fear,3861.59,extreme greed,3905.5582400000003,extreme greed,0.7775862202241269,extreme fear,688.3044928352098,extreme greed,1.1149232112637306,extreme fear,24.8,extreme fear,20.277399999999997,extreme fear,2.0553000000000003,extreme fear,-5.767491966534932,extreme fear
2023-03-13,23.357142857142858,extreme fear,3855.76,extreme greed,3903.52104,extreme greed,0.1895227698635519,extreme fear,570.9745912893111,extreme greed,1.140942175144183,extreme fear,26.52,fear,20.365,extreme fear,2.1361000000000003,extreme fear,-8.038814403331427,extreme fear
2023-03-14,25.085714285714285,fear,3919.29,extreme greed,3903.4138399999997,extreme greed,-0.047220269452615746,extreme fear,496.27265457000635,extreme greed,1.1393768447081811,extreme fear,23.73,extreme fear,20.4108,extreme fear,2.1545999999999994,extreme fear,-5.918668477745967,extreme fear
2023-03-15,22.685714285714287,extreme fear,3891.93,extreme greed,3902.9811999999997,extreme greed,-0.5969129744936157,extreme fear,405.6547444306095,extreme greed,1.1570584486637288,extreme fear,26.14,fear,20.5002,extreme fear,2.1149,extreme fear,-8.566871163393014,extreme fear
2023-03-16,32.57142857142857,fear,3960.28,extreme greed,3903.45264,extreme greed,-0.968495929402213,extreme fear,356.05647480129403,extreme greed,1.11793272621642,extreme fear,22.99,extreme fear,20.502,extreme fear,2.1809000000000003,extreme fear,-5.058582428265098,extreme fear
2023-03-17,27.000000000000004,fear,3916.64,extreme greed,3903.79912,extreme greed,-1.3788446799540337,extreme fear,277.0971146395105,extreme greed,1.0385866154170766,extreme fear,25.51,fear,20.572,extreme fear,2.1385,extreme fear,-6.859434263962962,extreme fear
2023-03-20,30.428571428571434,fear,3951.57,extreme greed,3904.2125599999995,extreme greed,-1.6496847707746627,extreme fear,232.47229637018373,extreme greed,0.9968890367021327,extreme fear,24.15,extreme fear,20.6058,extreme fear,2.1831000000000005,extreme fear,-4.657759310881857,extreme fear
2023-03-21,43.48571428571429,fear,4002.87,extreme greed,3905.38808,extreme greed,-1.7256295778311306,extreme fear,229.94862804776628,extreme greed,0.9602552567877278,extreme fear,21.38,extreme fear,20.610799999999998,extreme fear,2.1801,extreme fear,-2.1159861024461337,extreme fear
2023-03-22,41.028571428571425,fear,3936.97,extreme greed,3906.5643999999998,extreme greed,-1.871278555611374,extreme fear,191.18242989066243,extreme greed,0.900835022672266,extreme fear,22.26,extreme fear,20.6166,extreme fear,2.1459,extreme fear,-5.266781348927239,extreme fear
2023-03-23,38.34285714285715,fear,3948.72,extreme greed,3908.0902400000004,extreme greed,-2.2249867295933146,extreme fear,145.63282369404303,extreme greed,0.942457227528856,extreme fear,22.61,extreme fear,20.6572,extreme fear,2.1636,extreme fear,-5.584284927988496,extreme fear
2023-03-24,37.714285714285715,fear,3970.99,extreme greed,3910.3123200000005,extreme greed,-2.6148739111748145,extreme fear,125.4700655266236,extreme greed,0.9671410528382147,extreme fear,21.74,extreme fear,20.6702,extreme fear,2.1721,extreme fear,-4.989660619336564,extreme fear
2023-03-27,40.199999999999996,fear,3977.53,extreme greed,3912.8922399999997,extreme greed,-2.6657026612095756,extreme fear,139.33265659731393,extreme greed,0.9634440215246556,extreme fear,20.6,extreme fear,20.7056,extreme fear,2.1974,extreme fear,-2.985687556496254,extreme fear
2023-03-28,39.6,fear,3971.27,extreme greed,3915.48408,extreme greed,-2.7648651970535,extreme fear,168.44641768397526,extreme greed,0.9618152394865351,extreme fear,19.97,extreme fear,20.738000000000003,extreme fear,2.1678,extreme fear,-3.794090060527328,extreme fear
2023-03-29,41.457142857142856,fear,4027.81,extreme greed,3917.95424,extreme greed,-2.7515945000776516,extreme fear,232.9914070624674,extreme greed,0.9699154161730126,extreme fear,19.12,extreme fear,20.7332,extreme fear,2.1705,extreme fear,-3.387305171825563,extreme fear
2023-03-30,45.228571428571435,neutral,4050.83,extreme greed,3921.2371200000002,extreme greed,-2.744427528260826,extreme fear,308.0175445768139,extreme greed,0.9136224509813766,extreme fear,19.02,extreme fear,20.706799999999998,extreme fear,2.1431,extreme fear,-3.752979146934025,extreme fear
2023-03-31,49.48571428571429,neutral,4109.31,extreme greed,3925.42664,extreme greed,-2.836630273335333,extreme fear,409.3344891056306,extreme greed,0.8780113066193993,extreme fear,18.7,extreme fear,20.6704,extreme fear,2.1273,extreme fear,-3.22010082519233,extreme fear
2023-04-03,61.48571428571428,greed,4124.51,extreme greed,3928.99528,extreme greed,-2.8547388644029263,extreme fear,500.94428755091246,extreme greed,0.8769324435970244,extreme fear,18.55,extreme fear,20.6444,extreme fear,1.8924999999999996,extreme fear,-1.508549033215599,extreme fear
2023-04-04,50.228571428571435,neutral,4100.6,extreme greed,3931.47264,extreme greed,-2.8464964071358456,extreme fear,559.3013863069599,extreme greed,0.9239245512984848,extreme fear,19.0,extreme fear,20.628200000000003,extreme fear,2.0534,extreme fear,-2.92187851080769,extreme fear
2023-04-05,52.62857142857143,neutral,4090.38,extreme greed,3933.92944,extreme greed,-2.884448975494689,extreme fear,599.868184314174,extreme greed,0.9007288510700168,extreme fear,19.08,extreme fear,20.625799999999998,extreme fear,2.0773,extreme fear,-1.026491599781317,extreme fear
2023-04-06,55.25714285714286,greed,4105.02,extreme greed,3936.8134400000004,extreme greed,-2.837538087633576,extreme fear,642.6905433140043,extreme greed,0.9093996705629767,extreme fear,18.4,extreme fear,20.6122,extreme fear,2.0966,extreme fear,2.7267722841509996,extreme fear
2023-04-10,57.91428571428572,greed,4109.11,extreme greed,3940.56904,extreme greed,-2.551512889869544,extreme fear,700.7457181491292,extreme greed,0.9057846798643506,extreme fear,18.97,extreme fear,20.616999999999997,extreme fear,2.1002999999999994,extreme fear,5.311529995449275,extreme fear
2023-04-11,58.48571428571428,greed,4108.94,extreme greed,3944.54144,extreme greed,-1.953520354054844,extreme fear,779.2517283612336,extreme greed,0.8892058016909006,extreme fear,19.1,extreme fear,20.628800000000002,extreme fear,2.0713000000000004,extreme fear,2.629078238834343,extreme fear
2023-04-12,60.74285714285714,greed,4091.95,extreme greed,3948.5663200000004,extreme greed,-1.7789857194240013,extreme fear,832.6816280790101,extreme greed,0.8549163835002389,extreme fear,19.09,extreme fear,20.6118,extreme fear,2.0577000000000005,extreme fear,4.040895620674215,extreme fear
2023-04-13,63.171428571428564,greed,4146.22,extreme greed,3953.11984,extreme greed,-1.3221409964697877,extreme fear,902.4103105973683,extreme greed,0.8488929127206768,extreme fear,17.8,extreme fear,20.5798,extreme fear,2.0485999999999995,extreme fear,3.0326693491654684,extreme fear
2023-04-14,65.71428571428571,greed,4137.64,extreme greed,3956.86168,extreme greed,-1.056273036061472,extreme fear,949.55831686512,extreme greed,0.8476534993386127,extreme fear,17.07,extreme fear,20.5638,extreme fear,2.021000000000001,extreme fear,5.704083196809581,extreme fear
2023-04-17,67.08571428571429,greed,4151.32,extreme greed,3961.4076800000003,extreme greed,-0.7038557936032093,extreme fear,1006.0955797232918,extreme greed,0.8486683773681591,extreme fear,16.95,extreme fear,20.5282,extreme fear,2.0165,extreme fear,5.288588445055549,extreme fear
2023-04-18,65.4857142857143,greed,4154.87,extreme greed,3965.22304,extreme greed,-0.4439961785492072,extreme fear,1054.9706671952838,extreme greed,0.8646126506659041,extreme fear,16.83,extreme fear,20.4982,extreme fear,2.0138,extreme fear,2.9692030704333425,extreme fear
2023-04-19,67.25714285714287,greed,4154.52,extreme greed,3968.69936,extreme greed,-0.35774595983475166,extreme fear,1091.3291702750346,extreme greed,0.8772454823733975,extreme fear,16.46,extreme fear,20.4388,extreme fear,2.0156,extreme fear,6.240951632466016,extreme fear
2023-04-20,64.05714285714285,greed,4129.79,extreme greed,3972.1764,extreme greed,-0.14588901799280127,extreme fear,1096.7085171612773,extreme greed,0.9050150700651232,extreme fear,17.17,extreme fear,20.409000000000002,extreme fear,2.0217,extreme fear,5.817959752101945,extreme fear
2023-04-21,63.51428571428572,greed,4133.52,extreme greed,3975.9183199999998,extreme greed,0.1774416131261656,extreme fear,1092.609152628237,extreme greed,0.8982830282613585,extreme fear,16.77,extreme fear,20.3518,extreme fear,2.0420999999999996,extreme fear,5.457822953594665,extreme fear
2023-04-24,63.48571428571429,greed,4137.04,extreme greed,3978.99264,extreme greed,0.6019403599933334,extreme fear,1093.2430083749084,extreme greed,0.8951510002216073,extreme fear,16.89,extreme fear,20.2754,extreme fear,2.0261999999999993,extreme fear,3.6912052558689505,extreme fear
2023-04-25,57.057142857142864,greed,4071.63,extreme greed,3981.18696,extreme greed,0.485676381346898,extreme fear,1054.9738172272914,extreme greed,0.9311721179809253,extreme fear,18.76,extreme fear,20.24,extreme fear,2.0261999999999993,extreme fear,1.1742553780097973,extreme fear
2023-04-26,52.4,neutral,4055.99,extreme greed,3982.762,extreme greed,0.4196825925270222,extreme fear,994.4220385857915,extreme greed,0.9638322123765105,extreme fear,18.84,extreme fear,20.21,extreme fear,2.0334000000000003,extreme fear,-0.4801991792032684,extreme fear
2023-04-27,58.314285714285724,greed,4135.35,extreme greed,3985.2,extreme greed,0.3589459601291521,extreme fear,976.8155296523288,extreme greed,0.93303342994063,extreme fear,17.03,extreme fear,20.1724,extreme fear,2.0334000000000003,extreme fear,1.7647103334905538,extreme fear
2023-04-28,59.42857142857143,greed,4169.48,extreme greed,3988.0974400000005,extreme greed,0.37710476756544165,extreme fear,986.0010390722158,extreme greed,0.9449037170698462,extreme fear,15.78,extreme fear,20.1234,extreme fear,2.0334000000000003,extreme fear,0.9852460139055454,extreme fear
2023-05-01,59.42857142857144,greed,4167.87,extreme greed,3990.23192,extreme greed,0.3807637136074926,extreme fear,987.5981296645526,extreme greed,0.9550524032841208,extreme fear,16.08,extreme fear,20.041600000000003,extreme fear,2.0334000000000003,extreme fear,2.244938610909791,extreme fear
2023-05-02,55.51428571428572,greed,4119.58,extreme greed,3992.2127199999995,extreme greed,0.09334022356482959,extreme fear,953.2517696842924,extreme greed,0.9516299304137252,extreme fear,17.78,extreme fear,19.9968,extreme fear,2.0334000000000003,extreme fear,0.9805130482880862,extreme fear
2023-05-03,54.62857142857143,neutral,4090.75,extreme greed,3994.08992,extreme greed,0.022640670660709142,extreme fear,907.6679839196813,extreme greed,0.9349978975273168,extreme fear,18.34,extreme fear,19.906200000000002,extreme fear,2.0334000000000003,extreme fear,0.26260229786554934,extreme fear
2023-05-04,49.6,neutral,4061.22,extreme greed,3996.50216,extreme greed,-0.3214303914528094,extreme fear,850.1178367995326,extreme greed,0.9722483361253442,extreme fear,20.09,extreme fear,19.8622,extreme fear,2.0334000000000003,extreme fear,-0.7609020605136555,extreme fear
2023-05-05,53.885714285714286,neutral,4136.25,extreme greed,3999.83304,extreme greed,-0.3069369842216219,extreme fear,840.7162650844292,extreme greed,0.9615892982104265,extreme fear,17.19,extreme fear,19.7832,extreme fear,2.0334000000000003,extreme fear,0.484305771625428,extreme fear
2023-05-08,57.142857142857146,greed,4138.12,extreme greed,4002.7736,extreme greed,-0.2656592001664816,extreme fear,837.3598919322777,extreme greed,0.959572351741401,extreme fear,16.98,extreme fear,19.6894,extreme fear,1.9931000000000003,extreme fear,1.1132910596097754,extreme fear
2023-05-09,59.57142857142857,greed,4119.17,extreme greed,4005.27256,extreme greed,-0.3591366182707654,extreme fear,826.2470782987324,extreme greed,0.9323296983344275,extreme fear,17.71,extreme fear,19.6246,extreme fear,1.9605000000000004,extreme fear,1.4894711417885909,extreme fear
2023-05-10,59.971428571428575,greed,4137.64,extreme greed,4007.7488,extreme greed,-0.4114998225056274,extreme fear,814.7417128751691,extreme greed,0.9117848430996235,extreme fear,16.94,extreme fear,19.549400000000002,extreme fear,1.9391,extreme fear,-0.4602861847938972,extreme fear
2023-05-11,59.057142857142864,greed,4130.62,extreme greed,4010.8052000000002,extreme greed,-0.5308787203282582,extreme fear,784.1429773510247,extreme greed,0.8805118103414136,extreme fear,16.93,extreme fear,19.4764,extreme fear,1.9447,extreme fear,-1.234975636695253,extreme fear
2023-05-12,57.34285714285715,greed,4124.08,extreme greed,4012.14688,extreme greed,-0.6594839466765989,extreme fear,746.1705129883226,extreme greed,0.870264679643365,extreme fear,17.03,extreme fear,19.4252,extreme fear,1.9554999999999996,extreme fear,-1.770542034336218,extreme fear
2023-05-15,57.25714285714286,greed,4136.28,extreme greed,4013.2936799999998,extreme greed,-0.7183111276824669,extreme fear,737.1774508232007,extreme greed,0.8688792841757087,extreme fear,17.12,extreme fear,19.3978,extreme fear,1.9734,extreme fear,-1.110657819147607,extreme fear
2023-05-16,55.28571428571429,greed,4109.9,extreme greed,4014.5148799999997,extreme greed,-0.8855976124976381,extreme fear,694.8376148924148,extreme greed,0.8824715413427441,extreme fear,17.99,extreme fear,19.3854,extreme fear,1.9636,extreme fear,-1.6591153316373577,extreme fear
2023-05-17,60.25714285714286,greed,4158.77,extreme greed,4015.8512,extreme greed,-0.9585915510081928,extreme fear,690.8818195184034,extreme greed,0.884398715983606,extreme fear,16.87,extreme fear,19.331000000000003,extreme fear,1.9636,extreme fear,1.012252496190422,extreme fear
2023-05-18,64.91428571428573,greed,4198.05,extreme greed,4017.76528,extreme greed,-0.9664128495212146,extreme fear,696.335159406747,extreme greed,0.8752419054585803,extreme fear,16.05,extreme fear,19.2698,extreme fear,1.9491999999999996,extreme fear,2.3081974920823667,extreme fear
2023-05-19,65.45714285714287,greed,4191.98,extreme greed,4019.7286400000003,extreme greed,-0.9393328810466223,extreme fear,690.1718575743869,extreme greed,0.8793385325129105,extreme fear,16.81,extreme fear,19.1538,extreme fear,1.9413,extreme fear,2.8887001013135754,extreme fear
2023-05-22,67.85714285714286,greed,4192.63,extreme greed,4021.54696,extreme greed,-0.9493774016481589,extreme fear,699.7898795504344,extreme greed,0.8693039281955451,extreme fear,17.21,extreme fear,19.002,extreme fear,1.9363,extreme fear,5.700624854105206,extreme fear
2023-05-23,65.8,greed,4145.58,extreme greed,4023.11208,extreme greed,-0.862763099122091,extreme fear,700.6459409929142,extreme greed,0.8497985095011821,extreme fear,18.53,extreme fear,18.8422,extreme fear,1.9256999999999995,extreme fear,4.447655205488649,extreme fear
2023-05-24,61.82857142857143,greed,4115.24,extreme greed,4024.0053599999997,extreme greed,-0.8900318219733024,extreme fear,673.67225287788,extreme greed,0.8650473965654177,extreme fear,20.03,extreme fear,18.7682,extreme fear,1.9137999999999995,extreme fear,1.311068604093176,extreme fear
2023-05-25,62.6857142857143,greed,4151.28,extreme greed,4024.99752,extreme greed,-1.043336331500988,extreme fear,631.9472592925367,extreme greed,0.8613420950704374,extreme fear,19.14,extreme fear,18.6282,extreme fear,1.9308,extreme fear,2.7055413260874532,extreme fear
2023-05-26,65.71428571428571,greed,4205.45,extreme greed,4026.43216,extreme greed,-1.1506436179355652,extreme fear,617.4968770961556,extreme greed,0.8432737640445392,extreme fear,17.95,extreme fear,18.5274,extreme fear,1.9308,extreme fear,2.513520999835749,extreme fear
2023-05-30,66.08571428571429,greed,4205.52,extreme greed,4028.3648,extreme greed,-1.2772937086152023,extreme fear,597.7722641101656,extreme greed,0.8284855734468662,extreme fear,17.46,extreme fear,18.3664,extreme fear,1.9449,extreme fear,4.180870663345903,extreme fear
2023-05-31,64.17142857142858,greed,4179.83,extreme greed,4030.1424,extreme greed,-1.2623173480665888,extreme fear,571.1368228623976,extreme greed,0.8387784140899861,extreme fear,17.94,extreme fear,18.2422,extreme fear,1.9449,extreme fear,4.55444981220676,extreme fear
2023-06-01,68.05714285714286,greed,4221.02,extreme greed,4031.26968,extreme greed,-1.2854457575136224,extreme fear,574.1908905852434,extreme greed,0.782041901927218,extreme fear,15.65,extreme fear,18.1276,extreme fear,1.9535000000000005,extreme fear,6.27641735908311,extreme fear
2023-06-02,75.42857142857143,extreme greed,4282.37,extreme greed,4032.9160799999995,extreme greed,-0.7754789801049847,extreme fear,614.4224778085115,extreme greed,0.7631664939889401,extreme fear,14.6,extreme fear,17.9744,extreme fear,1.8103999999999996,extreme fear,6.116206438365893,extreme fear
2023-06-05,69.48571428571428,greed,4273.79,extreme greed,4034.5328000000004,extreme greed,-0.7275974239371286,extreme fear,638.1588239113989,extreme greed,0.7778940255551279,extreme fear,14.73,extreme fear,17.8168,extreme fear,1.9659999999999997,extreme fear,5.311880007250726,extreme fear
2023-06-06,73.51428571428572,greed,4283.85,extreme greed,4036.81288,extreme greed,-0.6157758153382634,extreme fear,689.9702485367388,extreme greed,0.7580152046117768,extreme fear,13.96,extreme fear,17.661199999999997,extreme fear,1.9157999999999995,extreme fear,5.776327714193749,extreme fear
2023-06-07,74.45714285714287,greed,4267.52,extreme greed,4039.42296,extreme greed,-0.3148860145076511,extreme fear,755.4984425900216,extreme greed,0.7363372356347765,extreme fear,13.94,extreme fear,17.528000000000002,extreme fear,1.9194000000000002,extreme fear,6.11814990040919,extreme fear
2023-06-08,75.77142857142857,extreme greed,4293.93,extreme greed,4042.3030400000002,extreme greed,-0.19896672647237035,extreme fear,810.2007177512804,extreme greed,0.7410803541710026,extreme fear,13.65,extreme fear,17.401600000000002,extreme fear,1.9186999999999996,extreme fear,6.578031203740173,extreme fear
2023-06-09,76.97142857142856,extreme greed,4298.86,extreme greed,4044.98584,extreme greed,-0.029051124278031866,extreme fear,849.6699553004247,extreme greed,0.7431521254524789,extreme fear,13.83,extreme fear,17.2958,extreme fear,1.8958000000000004,extreme fear,6.687066716654314,extreme fear
2023-06-12,78.05714285714286,extreme greed,4338.93,extreme greed,4048.2222399999996,extreme greed,0.2434446036464824,extreme fear,891.4137365515077,extreme greed,0.7173839533111056,extreme fear,15.01,extreme fear,17.215600000000002,extreme fear,1.9051,extreme fear,6.908519863584639,extreme fear
2023-06-13,79.62857142857145,extreme greed,4369.01,extreme greed,4051.24984,extreme greed,0.47880418443876915,extreme fear,957.0084170523869,extreme greed,0.7209424537144015,extreme fear,14.61,extreme fear,17.1338,extreme fear,1.8885,extreme fear,8.683029038855869,extreme fear
2023-06-14,79.62857142857142,extreme greed,4372.59,extreme greed,4054.0733600000003,extreme greed,0.7562983660255616,extreme fear,1003.0412593693078,extreme greed,0.7255364591437051,extreme fear,13.88,extreme fear,17.0404,extreme fear,1.8992000000000002,extreme fear,7.084670536923268,extreme fear
2023-06-15,80.88571428571429,extreme greed,4425.84,extreme greed,4057.51752,extreme greed,0.9463842579378783,extreme fear,1075.64746002027,extreme greed,0.7094846213670114,extreme fear,14.5,extreme fear,16.950400000000002,extreme fear,1.8677,extreme fear,5.98752268987394,extreme fear
2023-06-16,81.25714285714287,extreme greed,4409.59,extreme greed,4061.62824,extreme greed,1.0961933514324098,extreme fear,1130.5054693800823,extreme greed,0.7021126160977759,extreme fear,13.54,extreme fear,16.8396,extreme fear,1.8854000000000004,extreme fear,5.818407386250006,extreme fear
2023-06-20,80.11428571428571,extreme greed,4388.71,extreme greed,4065.91904,extreme greed,1.1415456824573715,extreme fear,1147.3708343088663,extreme greed,0.7180205810300226,extreme fear,13.88,extreme fear,16.749200000000002,extreme fear,1.8901,extreme fear,4.810618752313743,extreme fear
2023-06-21,80.11428571428573,extreme greed,4365.69,extreme greed,4070.3032799999996,extreme greed,1.229873511062961,extreme fear,1153.5440107806335,extreme greed,0.7411972527265732,extreme fear,13.2,extreme fear,16.6338,extreme fear,1.8901,extreme fear,5.479883042586862,extreme fear
2023-06-22,80.05714285714285,extreme greed,4381.89,extreme greed,4074.78544,extreme greed,1.2783321870352293,extreme fear,1135.0793392682008,extreme greed,0.7357041232032735,extreme fear,12.91,extreme fear,16.51,extreme fear,1.915,extreme fear,6.966046839747321,extreme fear
2023-06-23,75.71428571428571,extreme greed,4348.33,extreme greed,4078.5445600000003,extreme greed,1.417712445018329,extreme fear,1088.0243235396642,extreme greed,0.7617014911468013,extreme fear,13.44,extreme fear,16.397000000000002,extreme fear,1.9362000000000004,extreme fear,4.195484538313471,extreme fear
2023-06-26,73.45714285714287,greed,4328.82,extreme greed,4082.596,extreme greed,1.6457633427252385,extreme fear,1064.0386837173558,extreme greed,0.7816157539171208,extreme fear,14.25,extreme fear,16.326,extreme fear,1.9247,extreme fear,2.3427448770390042,extreme fear
2023-06-27,75.48571428571428,extreme greed,4378.41,extreme greed,4086.8647199999996,extreme greed,1.817557761678095,extreme fear,1072.4219714985927,extreme greed,0.7811023873203665,extreme fear,13.74,extreme fear,16.2594,extreme fear,1.9519,extreme fear,4.589926067119062,extreme fear
2023-06-28,76.51428571428573,extreme greed,4376.86,extreme greed,4091.2455999999997,extreme greed,2.0050753123452063,extreme fear,1078.0254583028632,extreme greed,0.776907559854271,extreme fear,13.43,extreme fear,16.189,extreme fear,1.9542999999999997,extreme fear,5.24420691778367,extreme fear
2023-06-29,79.20000000000002,extreme greed,4396.44,extreme greed,4096.15136,extreme greed,2.3858693558084556,extreme fear,1107.1106500974633,extreme greed,0.7665882850485366,extreme fear,13.54,extreme fear,16.1232,extreme fear,1.9298999999999997,extreme fear,5.651083867824952,extreme fear
2023-06-30,79.4857142857143,extreme greed,4450.38,extreme greed,4100.96016,extreme greed,2.824131537554526,extreme fear,1157.0104872379848,extreme greed,0.7543745293617421,extreme fear,13.59,extreme fear,16.065800000000003,extreme fear,1.9289,extreme fear,4.443961950964543,extreme fear
2023-07-03,82.22857142857143,extreme greed,4455.59,extreme greed,4105.8888799999995,extreme greed,2.848667283838549,extreme fear,1222.9922222640216,extreme greed,0.7305799860118153,extreme fear,13.57,extreme fear,15.993799999999998,extreme fear,1.9052,extreme fear,5.409489605076509,extreme fear
2023-07-05,79.25714285714287,extreme greed,4446.82,extreme greed,4110.87032,extreme greed,2.879088528919285,extreme fear,1262.5899685831314,extreme greed,0.747828771167934,extreme fear,14.18,extreme fear,15.942,extreme fear,1.9635,extreme fear,5.543527824496808,extreme fear
2023-07-06,77.91428571428573,extreme greed,4411.59,extreme greed,4115.33928,extreme greed,2.7208270244031976,extreme fear,1254.8563801703453,extreme greed,0.7581415818217387,extreme fear,15.44,extreme fear,15.913,extreme fear,1.9635,extreme fear,5.442714877184816,extreme fear
2023-07-07,77.68571428571428,extreme greed,4398.95,extreme greed,4120.0660800000005,extreme greed,2.5232613523432517,extreme fear,1269.2121760767707,extreme greed,0.7514014303156126,extreme fear,14.83,extreme fear,15.8344,extreme fear,1.9574,extreme fear,5.3631805852204915,extreme fear
2023-07-10,76.6857142857143,extreme greed,4409.53,extreme greed,4124.181680000001,extreme greed,2.5187092048917874,extreme fear,1299.271206299288,extreme greed,0.7414545487474042,extreme fear,15.07,extreme fear,15.758999999999999,extreme fear,1.9647,extreme fear,4.57351819871177,extreme fear
2023-07-11,78.28571428571429,extreme greed,4439.26,extreme greed,4128.55904,extreme greed,2.6484495799376555,extreme fear,1355.7223320416656,extreme greed,0.7342755159068954,extreme fear,14.84,extreme fear,15.7152,extreme fear,1.9482,extreme fear,4.288903462229961,extreme fear
2023-07-12,78.17142857142858,extreme greed,4472.16,extreme greed,4132.98232,extreme greed,2.860378066540491,extreme fear,1419.6048347480917,extreme greed,0.7030323853081597,extreme fear,13.54,extreme fear,15.670399999999999,extreme fear,1.9451999999999996,extreme fear,2.7206536992750734,extreme fear
2023-07-13,79.39999999999999,extreme greed,4510.04,extreme greed,4137.30576,extreme greed,2.924101960878634,extreme fear,1493.2218235654736,extreme greed,0.6690695968281845,extreme fear,13.61,extreme fear,15.620999999999999,extreme fear,1.9417999999999997,extreme fear,2.779486827133392,extreme fear
2023-07-14,79.8,extreme greed,4505.42,extreme greed,4141.48376,extreme greed,2.895798901347063,extreme fear,1521.1503432188167,extreme greed,0.6646386823222653,extreme fear,13.34,extreme fear,15.5322,extreme fear,1.9258000000000004,extreme fear,2.6854588619891797,extreme fear
2023-07-17,80.02857142857142,extreme greed,4522.79,extreme greed,4145.67336,extreme greed,2.964304173376812,extreme fear,1547.7604164316995,extreme greed,0.6615229080899352,extreme fear,13.48,extreme fear,15.435,extreme fear,1.9266000000000005,extreme fear,2.8350925858313705,extreme fear
2023-07-18,81.68571428571428,extreme greed,4554.98,extreme greed,4150.18544,extreme greed,3.06315927223191,extreme fear,1587.226208776952,extreme greed,0.6708055394248402,extreme fear,13.3,extreme fear,15.299199999999999,extreme fear,1.9206999999999994,extreme fear,4.256403542361258,extreme fear
2023-07-19,82.34285714285716,extreme greed,4565.72,extreme greed,4155.28032,extreme greed,3.232188507027111,extreme fear,1635.849690408716,extreme greed,0.6534321775173454,extreme fear,13.76,extreme fear,15.230599999999999,extreme fear,1.9273,extreme fear,4.752641749478382,extreme fear
2023-07-20,80.85714285714286,extreme greed,4534.87,extreme greed,4160.36848,extreme greed,3.280498371598074,extreme fear,1669.2940669362897,extreme greed,0.6728479962538453,extreme fear,13.99,extreme fear,15.1708,extreme fear,1.9251000000000005,extreme fear,3.9546110997465154,extreme fear
2023-07-21,81.02857142857144,extreme greed,4536.34,extreme greed,4164.87832,extreme greed,3.397616761450356,extreme fear,1695.6814233863406,extreme greed,0.6919057587060012,extreme fear,13.6,extreme fear,15.0886,extreme fear,1.9379,extreme fear,5.075063679006446,extreme fear
2023-07-24,82.51428571428572,extreme greed,4554.64,extreme greed,4169.15696,extreme greed,3.5418919600851555,extreme fear,1732.3788832312255,extreme greed,0.7087187079511155,extreme fear,13.91,extreme fear,15.027999999999999,extreme fear,1.9313999999999998,extreme fear,6.462756611507928,extreme fear
2023-07-25,81.22857142857143,extreme greed,4567.46,extreme greed,4173.56104,extreme greed,3.6817964644091727,extreme fear,1756.027180582193,extreme greed,0.7401178319693786,extreme fear,13.86,extreme fear,14.966599999999998,extreme fear,1.9264999999999997,extreme fear,5.429542447881017,extreme fear
2023-07-26,80.60000000000001,extreme greed,4566.75,extreme greed,4177.96528,extreme greed,3.7253170441480963,extreme fear,1784.6349349444868,extreme greed,0.7655078431853198,extreme fear,13.19,extreme fear,14.889800000000001,extreme fear,1.9177,extreme fear,5.462929973212933,extreme fear
2023-07-27,77.65714285714286,extreme greed,4537.41,extreme greed,4181.781120000001,extreme greed,3.797553505716311,extreme fear,1779.057728876215,extreme greed,0.7779408499216295,extreme fear,14.41,extreme fear,14.8356,extreme fear,1.9249999999999996,extreme fear,4.438564960630298,extreme fear
2023-07-28,76.91428571428573,extreme greed,4582.23,extreme greed,4185.87448,extreme greed,3.744771475160548,extreme fear,1790.8537734561212,extreme greed,0.7817412066446432,extreme fear,13.33,extreme fear,14.7424,extreme fear,1.9337999999999993,extreme fear,4.045611642586865,extreme fear
2023-07-31,77.62857142857142,extreme greed,4588.96,extreme greed,4190.444,extreme greed,3.6407817195122343,extreme fear,1813.9305609582825,extreme greed,0.7738947008194734,extreme fear,13.63,extreme fear,14.6776,extreme fear,1.9132000000000002,extreme fear,3.317329321560391,extreme fear
2023-08-01,77.34285714285716,extreme greed,4576.73,extreme greed,4194.44504,extreme greed,3.644695165651782,extreme fear,1808.7794133605962,extreme greed,0.769825918064772,extreme fear,13.93,extreme fear,14.6352,extreme fear,1.9132000000000002,extreme fear,3.565338721677326,extreme fear
2023-08-02,77.34285714285714,extreme greed,4513.39,extreme greed,4197.598480000001,extreme greed,3.628395983671655,extreme fear,1770.7710419625498,extreme greed,0.7940924928469769,extreme fear,16.09,extreme fear,14.6208,extreme fear,1.7647999999999997,extreme fear,2.347284513481229,extreme fear
2023-08-03,73.62857142857145,greed,4501.89,extreme greed,4200.175520000001,extreme greed,3.707529504610821,extreme fear,1727.2983627788597,extreme greed,0.8031642039415976,extreme fear,15.92,extreme fear,14.595,extreme fear,1.8999000000000001,extreme fear,2.9279629114783123,extreme fear
2023-08-04,64.5,greed,4478.03,extreme greed,4202.90792,extreme greed,3.778132786756054,extreme fear,1676.0846374190578,extreme greed,0.8141078638181458,extreme fear,17.1,extreme fear,14.566400000000002,extreme fear,1.9034999999999995,extreme fear,1.6425214472446084,extreme fear
2023-08-07,72.05714285714285,greed,4518.44,extreme greed,4206.1668,extreme greed,3.791301744722059,extreme fear,1644.1380811435122,extreme greed,0.8446089861301009,extreme fear,15.77,extreme fear,14.4812,extreme fear,1.8765999999999998,extreme fear,2.307752737309999,extreme fear
2023-08-08,69.2,greed,4499.38,extreme greed,4208.84984,extreme greed,3.5866528047920996,extreme fear,1597.8969629488008,extreme greed,0.8591626266621628,extreme fear,15.99,extreme fear,14.418199999999999,extreme fear,1.8910999999999998,extreme fear,1.588303233089095,extreme fear
2023-08-09,67.31428571428572,greed,4467.71,extreme greed,4211.64864,extreme greed,3.289763538632415,extreme fear,1545.0875444563062,extreme greed,0.8555903347968374,extreme fear,15.96,extreme fear,14.378400000000001,extreme fear,1.8701999999999996,extreme fear,0.8183074730732962,extreme fear
2023-08-10,66.34285714285714,greed,4468.83,extreme greed,4214.7472800000005,extreme greed,3.089846504426085,extreme fear,1491.5647146381405,extreme greed,0.8621341495443231,extreme fear,15.85,extreme fear,14.346200000000001,extreme fear,1.8860000000000001,extreme fear,1.2287893273084498,extreme fear
2023-08-11,65.02857142857144,greed,4464.05,extreme greed,4217.736,extreme greed,2.959304303608879,extreme fear,1444.6791415191094,extreme greed,0.8794705968439308,extreme fear,14.84,extreme fear,14.284199999999998,extreme fear,1.8793000000000004,extreme fear,1.4807164323270838,extreme fear
2023-08-14,66.28571428571429,greed,4489.72,extreme greed,4220.55544,extreme greed,2.7255736266973702,extreme fear,1389.9754764811344,extreme greed,0.8762518684416968,extreme fear,14.82,extreme fear,14.2676,extreme fear,1.8424999999999998,extreme fear,1.5598001629653089,extreme fear
2023-08-15,54.5,neutral,4437.86,extreme greed,4222.96928,extreme greed,2.324689683378002,extreme fear,1303.784683761952,extreme greed,0.899084132320519,extreme fear,16.46,extreme fear,14.3048,extreme fear,1.8388,extreme fear,0.7789829641781938,extreme fear
2023-08-16,49.48571428571428,neutral,4404.33,extreme greed,4225.02312,extreme greed,1.9745043100069988,extreme fear,1201.803968093414,extreme greed,0.947371447746824,extreme fear,16.78,extreme fear,14.345799999999999,extreme fear,1.8431000000000004,extreme fear,0.2586965984163553,extreme fear
2023-08-17,46.142857142857146,neutral,4370.36,extreme greed,4227.26272,extreme greed,1.6958301978175316,extreme fear,1101.4635934448738,extreme greed,0.9767899569370379,extreme fear,17.89,extreme fear,14.4244,extreme fear,1.8398000000000005,extreme fear,-0.2822057869024168,extreme fear
2023-08-18,43.65714285714286,fear,4369.71,extreme greed,4229.587680000001,extreme greed,1.3999588090789883,extreme fear,1027.052529248947,extreme greed,0.9995384185930123,extreme fear,17.3,extreme fear,14.491599999999998,extreme fear,1.8250999999999995,extreme fear,-1.2117588666253596,extreme fear
2023-08-21,43.48571428571429,fear,4399.77,extreme greed,4232.8071199999995,extreme greed,1.1365515878520391,extreme fear,959.0403136244445,extreme greed,0.9981676990975588,extreme fear,17.13,extreme fear,14.5612,extreme fear,1.8493000000000002,extreme fear,-0.401732685936769,extreme fear
2023-08-22,43.44285714285714,fear,4387.55,extreme greed,4235.97912,extreme greed,0.8462510275541149,extreme fear,886.548559386731,extreme greed,0.9708626196159786,extreme fear,16.97,extreme fear,14.623999999999999,extreme fear,1.8623,extreme fear,-0.3951205735546005,extreme fear
2023-08-23,50.17142857142857,neutral,4436.01,extreme greed,4239.36864,extreme greed,0.652348807380989,extreme fear,838.7679197107328,extreme greed,0.9526158733345305,extreme fear,15.98,extreme fear,14.6434,extreme fear,1.8449,extreme fear,-0.8246307340516542,extreme fear
2023-08-24,40.58571428571429,fear,4376.31,extreme greed,4242.618800000001,extreme greed,0.3574554207414467,extreme fear,787.2433697406934,extreme greed,0.9399268753649659,extreme fear,17.2,extreme fear,14.6952,extreme fear,1.8476,extreme fear,-2.3572909807752134,extreme fear
2023-08-25,47.02857142857143,neutral,4405.71,extreme greed,4246.006560000001,extreme greed,0.1179071873067696,extreme fear,755.2674785685197,extreme greed,0.930756220286059,extreme fear,15.68,extreme fear,14.7312,extreme fear,1.865,extreme fear,-1.7203166510542367,extreme fear
2023-08-28,45.285714285714285,neutral,4433.31,extreme greed,4249.71184,extreme greed,-0.09499426522601934,extreme fear,759.1826810428092,extreme greed,0.955998384438935,extreme fear,15.08,extreme fear,14.742799999999999,extreme fear,1.8712,extreme fear,-1.968785506305256,extreme fear
2023-08-29,49.17142857142857,neutral,4497.63,extreme greed,4254.08176,extreme greed,-0.18091230172177364,extreme fear,797.4429712626537,extreme greed,0.9648892492307987,extreme fear,14.45,extreme fear,14.761,extreme fear,1.8707999999999996,extreme fear,-0.07937620569291731,extreme fear
2023-08-30,50.42857142857143,neutral,4514.87,extreme greed,4258.34992,extreme greed,-0.1054308098268421,extreme fear,837.7446029771274,extreme greed,0.9528779828346542,extreme fear,13.88,extreme fear,14.761,extreme fear,1.8652999999999995,extreme fear,-0.08566489285896789,extreme fear
2023-08-31,52.94285714285714,neutral,4507.66,extreme greed,4262.04608,extreme greed,-0.07563043898029352,extreme fear,864.5337029093824,extreme greed,0.9246652921580957,extreme fear,13.57,extreme fear,14.7684,extreme fear,1.8661999999999999,extreme fear,1.0646405193533683,extreme fear
2023-09-01,55.028571428571425,greed,4515.77,extreme greed,4265.78488,extreme greed,-0.06303350234606053,extreme fear,908.5698404094336,extreme greed,0.8946068376564975,extreme fear,13.09,extreme fear,14.772,extreme fear,1.8517,extreme fear,1.016114630128645,extreme fear
2023-09-05,59.08571428571428,greed,4496.83,extreme greed,4269.86856,extreme greed,-0.22455293339777965,extreme fear,919.3765303401482,extreme greed,0.8752011949167029,extreme fear,14.01,extreme fear,14.783400000000002,extreme fear,1.7480999999999998,extreme fear,2.102902374915647,extreme fear
2023-09-06,56.714285714285715,greed,4465.48,extreme greed,4273.656319999999,extreme greed,-0.32909349577613867,extreme fear,912.694201059931,extreme greed,0.9087905946428905,extreme fear,14.45,extreme fear,14.7874,extreme fear,1.7480999999999998,extreme fear,2.396982174124607,extreme fear
2023-09-07,53.62857142857143,neutral,4451.14,extreme greed,4277.91888,extreme greed,-0.5275028124258592,extreme fear,887.3608257857938,extreme greed,0.917847357706931,extreme fear,14.4,extreme fear,14.8006,extreme fear,1.7425999999999997,extreme fear,0.9838626213099947,extreme fear
2023-09-08,51.91428571428571,neutral,4457.49,extreme greed,4282.68608,extreme greed,-0.6891110772207154,extreme fear,871.6944716477377,extreme greed,0.9283417408238129,extreme fear,13.84,extreme fear,14.808799999999998,extreme fear,1.7501999999999998,extreme fear,0.6207205096090664,extreme fear
2023-09-11,52.199999999999996,neutral,4487.46,extreme greed,4287.739680000001,extreme greed,-0.7158972391281081,extreme fear,868.9570938069089,extreme greed,0.9229722627800149,extreme fear,13.8,extreme fear,14.814,extreme fear,1.7551999999999999,extreme fear,0.7724777640038156,extreme fear
2023-09-12,51.40000000000001,neutral,4461.9,extreme greed,4292.08056,extreme greed,-0.7513357130707428,extreme fear,871.6795600328256,extreme greed,0.9268989397324928,extreme fear,14.23,extreme fear,14.826799999999999,extreme fear,1.7594000000000005,extreme fear,1.0417397004736886,extreme fear
2023-09-13,51.40000000000001,neutral,4467.44,extreme greed,4296.6846399999995,extreme greed,-0.7382553415172112,extreme fear,858.0005725577485,extreme greed,0.9417061895353726,extreme fear,13.48,extreme fear,14.825,extreme fear,1.7445000000000002,extreme fear,1.3937326562840375,extreme fear
2023-09-14,54.42857142857144,neutral,4505.1,extreme greed,4301.0432,extreme greed,-0.6527120067969738,extreme fear,878.4257418768464,extreme greed,0.9340442350303126,extreme fear,12.82,extreme fear,14.7978,extreme fear,1.7486,extreme fear,3.1914448239451914,extreme fear
2023-09-15,52.02857142857143,neutral,4450.32,extreme greed,4305.312640000001,extreme greed,-0.6182901998010868,extreme fear,882.0075402862249,extreme greed,0.9363328141833696,extreme fear,13.79,extreme fear,14.764800000000001,extreme fear,1.7465,extreme fear,2.4505455052367386,extreme fear
2023-09-18,49.48571428571429,neutral,4453.53,extreme greed,4309.32832,extreme greed,-0.5837834610743056,extreme fear,868.4750693058888,extreme greed,0.9522945596534832,extreme fear,14.0,extreme fear,14.748199999999999,extreme fear,1.7318,extreme fear,1.2250278301232596,extreme fear
2023-09-19,49.94285714285714,neutral,4443.95,extreme greed,4312.85696,extreme greed,-0.5850397138517353,extreme fear,844.9532051304932,extreme greed,0.9492813506644113,extreme fear,14.11,extreme fear,14.729000000000001,extreme fear,1.731,extreme fear,1.696476103251916,extreme fear
2023-09-20,48.285714285714285,neutral,4402.2,extreme greed,4316.5788,extreme greed,-0.5282082563646244,extreme fear,809.8035859119798,extreme greed,0.9026558910623997,extreme fear,15.14,extreme fear,14.735,extreme fear,1.7457999999999994,extreme fear,0.7845324306322747,extreme fear
2023-09-21,37.15714285714286,fear,4330.0,extreme greed,4319.62904,extreme greed,-0.8589382977933557,extreme fear,740.8141023544161,extreme greed,0.9277376146322958,extreme fear,17.54,extreme fear,14.815,extreme fear,1.7458999999999996,extreme fear,0.855227148530025,extreme fear
2023-09-22,33.15714285714286,fear,4320.06,extreme greed,4322.421600000001,extreme greed,-1.0834983623510843,extreme fear,674.8708986914339,extreme greed,0.9500244956917101,extreme fear,17.2,extreme fear,14.886800000000001,extreme fear,1.7445000000000002,extreme fear,-0.4989539907109259,extreme fear
2023-09-25,38.42857142857143,fear,4337.44,extreme greed,4325.30088,extreme greed,-1.3894652314564293,extreme fear,624.6778632858037,extreme greed,0.9810270745554786,extreme fear,16.9,extreme fear,14.958,extreme fear,1.7403000000000002,extreme fear,0.3134123312763398,extreme fear
2023-09-26,24.22857142857143,extreme fear,4273.53,extreme greed,4327.71896,extreme greed,-1.898972498979222,extreme fear,542.965759164433,extreme greed,1.028406298678513,extreme fear,18.94,extreme fear,15.0672,extreme fear,1.7577999999999996,extreme fear,-2.205804575595863,extreme fear
2023-09-27,22.82857142857143,extreme fear,4274.51,extreme greed,4329.69256,extreme greed,-2.446698030684461,extreme fear,477.52917926609115,extreme greed,1.0839826537341735,extreme fear,18.22,extreme fear,15.165600000000001,extreme fear,1.7380000000000007,extreme fear,-2.172084506129579,extreme fear
2023-09-28,29.0,fear,4299.7,extreme greed,4331.68352,extreme greed,-2.9171002645738833,extreme fear,445.32238055404554,extreme greed,1.061836859499931,extreme fear,17.34,extreme fear,15.2372,extreme fear,1.7474999999999996,extreme fear,-1.523353413020128,extreme fear
2023-09-29,28.400000000000002,fear,4288.05,extreme greed,4333.11344,extreme greed,-3.117930794901533,extreme fear,413.09939943041417,extreme greed,1.0485169218854065,extreme fear,17.52,extreme fear,15.3078,extreme fear,1.7331,extreme fear,-2.79582339242783,extreme fear
2023-10-02,28.314285714285713,fear,4288.39,extreme greed,4334.424480000001,extreme greed,-3.709915989873326,extreme fear,354.78483881387706,extreme greed,1.0308994385296462,extreme fear,17.61,extreme fear,15.388,extreme fear,1.7329999999999999,extreme fear,-1.96593359367011,extreme fear
2023-10-03,20.528571428571432,extreme fear,4229.45,extreme greed,4335.45528,extreme greed,-4.429859600409737,extreme fear,277.38657687601705,extreme greed,1.0192223597279368,extreme fear,19.78,extreme fear,15.505400000000002,extreme fear,1.7144999999999995,extreme fear,-2.0207447034450445,extreme fear
2023-10-04,20.985714285714288,extreme fear,4263.75,extreme greed,4336.84224,extreme greed,-4.809929616483688,extreme fear,221.60404617994033,extreme greed,1.0457517521470567,extreme fear,18.58,extreme fear,15.5998,extreme fear,1.7167999999999997,extreme fear,-1.367895570828427,extreme fear
2023-10-05,20.32857142857143,extreme fear,4258.19,extreme greed,4338.0676,extreme greed,-5.065570540499795,extreme fear,177.63208117239742,extreme greed,1.0555670319888528,extreme fear,18.49,extreme fear,15.7058,extreme fear,1.7174000000000003,extreme fear,-1.6907663013120275,extreme fear
2023-10-06,27.714285714285715,fear,4308.5,extreme greed,4339.66272,extreme greed,-5.529989864552468,extreme fear,164.91850015843042,extreme greed,1.0514244751531348,extreme fear,17.45,extreme fear,15.7666,extreme fear,1.7480999999999998,extreme fear,-0.8176790500413138,extreme fear
2023-10-09,29.25714285714286,fear,4335.66,extreme greed,4341.476479999999,extreme greed,-5.653311657742082,extreme fear,173.60411534340594,extreme greed,1.033023947168967,extreme fear,17.7,extreme fear,15.854,extreme fear,1.7375,extreme fear,-0.759911478355314,extreme fear
2023-10-10,32.31428571428572,fear,4358.24,extreme greed,4343.6068,extreme greed,-5.578940925985385,extreme fear,214.86413718325295,extreme greed,0.9990538203475972,extreme fear,17.03,extreme fear,15.921999999999999,extreme fear,1.7149000000000005,extreme fear,-0.0377808697746531,extreme fear
2023-10-11,34.34285714285714,fear,4376.95,extreme greed,4345.45264,extreme greed,-5.528779403511752,extreme fear,259.91878824158636,extreme greed,0.9371375315993266,extreme fear,16.09,extreme fear,15.9652,extreme fear,1.7146999999999997,extreme fear,-1.244465347722526,extreme fear
2023-10-12,35.68571428571429,fear,4349.61,extreme greed,4347.1484,extreme greed,-5.744451724911723,extreme fear,267.6450135121242,extreme greed,0.9239673651747055,extreme fear,16.69,extreme fear,15.9772,extreme fear,1.7186,extreme fear,0.07151115579437199,extreme fear
2023-10-13,26.271428571428572,fear,4327.78,extreme greed,4348.56008,extreme greed,-5.910733957989897,extreme fear,269.60770291061965,extreme greed,0.9356080384895543,extreme fear,19.32,extreme fear,16.0452,extreme fear,1.749,extreme fear,-1.1358188837811398,extreme fear
2023-10-16,35.74285714285715,fear,4373.63,extreme greed,4350.31016,extreme greed,-5.923902310327328,extreme fear,311.3530059961151,extreme greed,0.9675473502841447,extreme fear,17.21,extreme fear,16.0474,extreme fear,1.7275,extreme fear,0.3131873878196925,extreme fear
2023-10-17,39.142857142857146,fear,4373.2,extreme greed,4352.0596,extreme greed,-5.974568478207389,extreme fear,371.5575284059945,extreme greed,0.9824781401937612,extreme fear,17.88,extreme fear,16.0896,extreme fear,1.747,extreme fear,2.1649065770584133,extreme fear
2023-10-18,30.571428571428573,fear,4314.6,extreme greed,4353.53808,extreme greed,-6.357519865366136,extreme fear,391.6261948386784,extreme greed,1.0238370179104002,extreme fear,19.22,extreme fear,16.1542,extreme fear,1.7336000000000005,extreme fear,2.225365001269072,extreme fear
2023-10-19,29.542857142857144,fear,4278.0,extreme greed,4354.69392,extreme greed,-6.61566883001459,extreme fear,382.1532939743218,extreme greed,1.0442447011143803,extreme fear,21.4,extreme fear,16.262999999999998,extreme fear,1.7171,extreme fear,2.414611395628799,extreme fear
2023-10-20,22.85714285714286,extreme fear,4224.16,extreme greed,4355.39088,extreme greed,-7.03082900348454,extreme fear,346.74209493028945,extreme greed,1.0590194529295855,extreme fear,21.71,extreme fear,16.3802,extreme fear,1.7091999999999996,extreme fear,-0.4752917643846059,extreme fear
2023-10-23,25.842857142857145,fear,4217.04,extreme greed,4356.554160000001,extreme greed,-7.420677037407437,extreme fear,297.7393497003875,extreme greed,1.0412041284409803,extreme fear,20.37,extreme fear,16.4908,extreme fear,1.688,extreme fear,0.7481722354970829,extreme fear
2023-10-24,33.48571428571429,fear,4247.68,extreme greed,4358.08768,extreme greed,-7.307264368510888,extreme fear,275.3361271288231,extreme greed,1.0055038944360053,extreme fear,18.97,extreme fear,16.5738,extreme fear,1.7100999999999997,extreme fear,0.8508303633351852,extreme fear
2023-10-25,25.214285714285715,fear,4186.77,extreme greed,4358.49904,extreme greed,-7.567384087437698,extreme fear,236.88042725703826,extreme greed,0.9749670447897959,extreme fear,20.19,extreme fear,16.6484,extreme fear,1.7232000000000005,extreme fear,-0.0007498290827568505,extreme fear
2023-10-26,22.71428571428572,extreme fear,4137.23,extreme greed,4358.24104,extreme greed,-7.737580180770637,extreme fear,210.35508436486685,extreme greed,0.9547303283246246,extreme fear,20.68,extreme fear,16.726399999999998,extreme fear,1.7231999999999996,extreme fear,-1.686838300778796,extreme fear
2023-10-27,21.614285714285717,extreme fear,4117.37,extreme greed,4357.83704,extreme greed,-8.258949614648461,extreme fear,160.61536723333964,extreme greed,0.951545444225169,extreme fear,21.27,extreme fear,16.794,extreme fear,1.6996999999999998,extreme fear,-3.3122988562673,extreme fear
2023-10-30,29.2,fear,4166.82,extreme greed,4358.21496,extreme greed,-8.211612175807634,extreme fear,142.0105131754883,extreme greed,0.9642826530899805,extreme fear,19.75,extreme fear,16.843000000000004,extreme fear,1.7361,extreme fear,-1.3535073299087117,extreme fear
2023-10-31,30.142857142857142,fear,4193.8,extreme greed,4359.03936,extreme greed,-7.643452527625026,extreme fear,150.34667198707328,extreme greed,0.9965749867267351,extreme fear,18.14,extreme fear,16.863200000000003,extreme fear,1.729,extreme fear,-0.6230552095062333,extreme fear
2023-11-01,32.17142857142857,fear,4237.86,extreme greed,4360.45248,extreme greed,-7.377338088986056,extreme fear,169.04090555313445,extreme greed,1.016022601406512,extreme fear,16.87,extreme fear,16.8612,extreme fear,1.7152,extreme fear,-0.17535161344238126,extreme fear
2023-11-02,37.68571428571429,fear,4317.78,extreme greed,4361.9047199999995,extreme greed,-6.988790031726343,extreme fear,228.47884784863405,extreme greed,1.002472513085887,extreme fear,15.66,extreme fear,16.8548,extreme fear,1.6149000000000004,extreme fear,-0.6441747240561901,extreme fear
2023-11-03,36.114285714285714,fear,4358.34,extreme greed,4363.66648,extreme greed,-6.320525385355666,extreme fear,314.1650144172977,extreme greed,0.9488494550618187,extreme fear,14.91,extreme fear,16.808999999999997,extreme fear,1.8224000000000005,extreme fear,0.09865903941424035,extreme fear
2023-11-06,38.91428571428572,fear,4365.98,extreme greed,4365.64096,extreme greed,-6.158267671776898,extreme fear,363.0143309997129,extreme greed,0.9337339413852932,extreme fear,14.89,extreme fear,16.7932,extreme fear,1.7940000000000005,extreme fear,0.19985736668230586,extreme fear
2023-11-07,39.628571428571426,fear,4378.38,extreme greed,4367.56688,extreme greed,-6.207835695574689,extreme fear,394.01516659680817,extreme greed,0.9227175285570166,extreme fear,14.81,extreme fear,16.7878,extreme fear,1.7940000000000005,extreme fear,0.019831660816093083,extreme fear
2023-11-08,39.771428571428565,fear,4382.78,extreme greed,4369.584159999999,extreme greed,-6.225100869114238,extreme fear,405.54907590348466,extreme greed,0.8988565566461986,extreme fear,14.45,extreme fear,16.7878,extreme fear,1.7940000000000005,extreme fear,-0.6728952362753624,extreme fear
2023-11-09,41.0,fear,4347.35,extreme greed,4371.37032,extreme greed,-6.090379136664908,extreme fear,391.0727981861694,extreme greed,0.9071149219492165,extreme fear,15.29,extreme fear,16.816000000000003,extreme fear,1.7940000000000005,extreme fear,0.7383390028694944,extreme fear
2023-11-10,41.45714285714286,fear,4415.24,extreme greed,4373.602,extreme greed,-5.94294898702484,extreme fear,402.5948143433834,extreme greed,0.9450743068204787,extreme fear,14.17,extreme fear,16.828,extreme fear,1.7940000000000005,extreme fear,0.5554558000756464,extreme fear
2023-11-13,39.88571428571429,fear,4411.55,extreme greed,4376.0152,extreme greed,-5.868456063371479,extreme fear,408.8155627605551,extreme greed,0.9409189668157886,extreme fear,14.76,extreme fear,16.8614,extreme fear,1.7940000000000005,extreme fear,-0.5315204550905284,extreme fear
2023-11-14,46.6,neutral,4495.7,extreme greed,4378.71064,extreme greed,-5.538179372077838,extreme fear,457.7209538132602,extreme greed,0.9105818582866029,extreme fear,14.16,extreme fear,16.8644,extreme fear,1.7940000000000005,extreme fear,0.8048265282738748,extreme fear
2023-11-15,52.542857142857144,neutral,4502.88,extreme greed,4381.1492800000005,extreme greed,-4.977928216129961,extreme fear,518.723277084431,extreme greed,0.859134220377151,extreme fear,14.18,extreme fear,16.859,extreme fear,1.8025,extreme fear,2.2690780955993577,extreme fear
2023-11-16,55.057142857142864,greed,4508.24,extreme greed,4383.67936,extreme greed,-4.33801556114688,extreme fear,551.1370876118051,extreme greed,0.8529343131276856,extreme fear,14.32,extreme fear,16.8574,extreme fear,1.8045,extreme fear,3.5375333130091673,extreme fear
2023-11-17,58.85714285714287,greed,4514.02,extreme greed,4386.250480000001,extreme greed,-3.52921873308798,extreme fear,605.2176373880677,extreme greed,0.8174645389874744,extreme fear,13.8,extreme fear,16.8566,extreme fear,1.7929,extreme fear,4.260387572942119,extreme fear
2023-11-20,61.28571428571429,greed,4547.38,extreme greed,4389.4648799999995,extreme greed,-2.6305725403661153,extreme fear,669.4137282363681,extreme greed,0.7900589580273868,extreme fear,13.41,extreme fear,16.848799999999997,extreme fear,1.8255,extreme fear,4.353231609534429,extreme fear
2023-11-21,61.17142857142858,greed,4538.19,extreme greed,4392.848480000001,extreme greed,-2.2031444774483724,extreme fear,707.3354958893582,extreme greed,0.8049059857833122,extreme fear,13.35,extreme fear,16.831200000000003,extreme fear,1.8341999999999996,extreme fear,4.60453224578404,extreme fear
2023-11-22,65.05714285714286,greed,4556.62,extreme greed,4396.0912,extreme greed,-1.3580341691657944,extreme fear,756.7179957668329,extreme greed,0.8121205936275822,extreme fear,12.85,extreme fear,16.8186,extreme fear,1.8321999999999998,extreme fear,7.166441680547725,extreme fear
2023-11-24,66.85714285714286,greed,4559.34,extreme greed,4398.92232,extreme greed,-0.7000363056519905,extreme fear,824.3375013873293,extreme greed,0.7964982871840561,extreme fear,12.46,extreme fear,16.8114,extreme fear,1.836,extreme fear,8.449933029270577,extreme fear
2023-11-27,65.31428571428572,greed,4550.43,extreme greed,4401.681600000001,extreme greed,0.06418673555974583,extreme fear,867.6643430682058,extreme greed,0.8153500468999679,extreme fear,12.69,extreme fear,16.7894,extreme fear,1.836,extreme fear,5.822843297416629,extreme fear
2023-11-28,65.08571428571429,greed,4554.89,extreme greed,4404.6820800000005,extreme greed,0.5287300991600008,extreme fear,910.1781940624287,extreme greed,0.8127168118020199,extreme fear,12.69,extreme fear,16.763199999999998,extreme fear,1.8208999999999995,extreme fear,4.589924807770112,extreme fear
2023-11-29,63.28571428571429,greed,4550.58,extreme greed,4407.31856,extreme greed,0.8579456149156613,extreme fear,960.2480348905108,extreme greed,0.7963794503903514,extreme fear,12.98,extreme fear,16.7406,extreme fear,1.8427,extreme fear,3.721314041501733,extreme fear
2023-11-30,64.37142857142858,greed,4567.8,extreme greed,4409.602,extreme greed,1.239310272708723,extreme fear,1023.644583576562,extreme greed,0.7965926115648769,extreme fear,12.92,extreme fear,16.6962,extreme fear,1.8379,extreme fear,3.2142510159965525,extreme fear
2023-12-01,64.51428571428572,greed,4594.63,extreme greed,4412.168720000001,extreme greed,1.5244356591738553,extreme fear,1114.056814893771,extreme greed,0.775852620255196,extreme fear,12.63,extreme fear,16.598000000000003,extreme fear,1.8750999999999998,extreme fear,2.9906912259853367,extreme fear
2023-12-04,63.714285714285715,greed,4569.78,extreme greed,4414.456159999999,extreme greed,1.656458671745799,extreme fear,1191.1127407672914,extreme greed,0.7501768391266971,extreme fear,13.08,extreme fear,16.5156,extreme fear,1.8750999999999998,extreme fear,2.0473272921490544,extreme fear
2023-12-05,65.14285714285714,greed,4567.18,extreme greed,4416.853440000001,extreme greed,1.752513054686099,extreme fear,1225.3953337034304,extreme greed,0.7497946882218514,extreme fear,12.85,extreme fear,16.4346,extreme fear,1.8401,extreme fear,1.610450262538562,extreme fear
2023-12-06,63.97142857142857,greed,4549.34,extreme greed,4418.89672,extreme greed,1.9740249881254759,extreme fear,1248.91054437114,extreme greed,0.7591194824498024,extreme fear,12.97,extreme fear,16.3152,extreme fear,1.8260000000000005,extreme fear,1.082172251463741,extreme fear
2023-12-07,66.14285714285715,greed,4585.59,extreme greed,4421.190560000001,extreme greed,2.0873740491515576,extreme fear,1282.6790423497175,extreme greed,0.767778790188169,extreme fear,13.06,extreme fear,16.212,extreme fear,1.8421,extreme fear,1.8026774571457307,extreme fear
2023-12-08,65.94285714285715,greed,4604.37,extreme greed,4423.31408,extreme greed,2.3289359349970624,extreme fear,1327.4231230493954,extreme greed,0.7792688136320788,extreme fear,12.35,extreme fear,16.1122,extreme fear,1.8421,extreme fear,1.4078027373157758,extreme fear
2023-12-11,67.28571428571429,greed,4622.44,extreme greed,4425.34152,extreme greed,2.5924196589683692,extreme fear,1369.8817074945234,extreme greed,0.7891692568715215,extreme fear,12.63,extreme fear,16.014400000000002,extreme fear,1.8421,extreme fear,1.8678590805417463,extreme fear
2023-12-12,67.88571428571429,greed,4643.7,extreme greed,4427.510399999999,extreme greed,2.823067133865733,extreme fear,1394.2793415873289,extreme greed,0.7870154223670276,extreme fear,12.07,extreme fear,15.9036,extreme fear,1.838,extreme fear,1.6701260318056057,extreme fear
2023-12-13,67.54285714285714,greed,4707.09,extreme greed,4429.7604,extreme greed,3.563879099677699,extreme fear,1452.860747447709,extreme greed,0.7682835057079455,extreme fear,12.19,extreme fear,15.751799999999998,extreme fear,1.8436,extreme fear,0.5522840074189496,extreme fear
2023-12-14,70.54285714285716,greed,4719.55,extreme greed,4432.2400800000005,extreme greed,4.0784857819909295,extreme fear,1530.8606252754503,extreme greed,0.709738050281973,extreme fear,12.48,extreme fear,15.6298,extreme fear,1.8519,extreme fear,0.9752956071034623,extreme fear
2023-12-15,69.45714285714287,greed,4719.19,extreme greed,4434.88392,extreme greed,4.370481659696185,extreme fear,1565.709320313612,extreme greed,0.6903206434763322,extreme fear,12.28,extreme fear,15.5056,extreme fear,1.8705,extreme fear,0.8412632299211735,extreme fear
2023-12-18,70.48571428571428,greed,4740.56,extreme greed,4437.88288,extreme greed,4.507502917090914,extreme fear,1594.410978149879,extreme greed,0.668162479617867,extreme fear,12.56,extreme fear,15.4078,extreme fear,1.8705,extreme fear,0.955624168888853,extreme fear
2023-12-19,82.97142857142858,extreme greed,4768.37,extreme greed,4440.97472,extreme greed,4.784301750944291,extreme fear,1651.5243324622934,extreme greed,0.6352155016029584,extreme fear,12.53,extreme fear,15.304400000000001,extreme fear,1.6472,extreme fear,1.7397638355934406,extreme fear
2023-12-20,75.57142857142857,extreme greed,4698.35,extreme greed,4443.774880000001,extreme greed,5.054466760053232,extreme fear,1654.4555451322667,extreme greed,0.6749073268298831,extreme fear,13.67,extreme fear,15.2372,extreme fear,1.6341999999999994,extreme fear,-1.1148875395747753,extreme fear
2023-12-21,77.0,extreme greed,4746.75,extreme greed,4447.1183200000005,extreme greed,5.080143991409134,extreme fear,1693.0747333832496,extreme greed,0.7256997345600154,extreme fear,13.65,extreme fear,15.188400000000001,extreme fear,1.6218000000000004,extreme fear,-0.5268611614112253,extreme fear
2023-12-22,79.74285714285715,extreme greed,4754.63,extreme greed,4450.12808,extreme greed,5.251058956610577,extreme fear,1738.8970054448807,extreme greed,0.7419857132917619,extreme fear,13.03,extreme fear,15.1152,extreme fear,1.6186,extreme fear,0.7481731275123173,extreme fear
2023-12-26,81.94285714285716,extreme greed,4774.75,extreme greed,4453.3112,extreme greed,5.514147673323048,extreme fear,1803.0236510183834,extreme greed,0.7546926371973822,extreme fear,12.99,extreme fear,14.988600000000002,extreme fear,1.6042,extreme fear,1.4978527629703382,extreme fear
2023-12-27,81.17142857142858,extreme greed,4781.58,extreme greed,4456.39232,extreme greed,5.853536539944132,extreme fear,1858.7058184306115,extreme greed,0.7940577930609838,extreme fear,12.43,extreme fear,14.892999999999999,extreme fear,1.5953000000000002,extreme fear,1.484219048637312,extreme fear
2023-12-28,81.25714285714287,extreme greed,4783.35,extreme greed,4459.05608,extreme greed,5.956731837076375,extreme fear,1906.820853702894,extreme greed,0.7657566598642822,extreme fear,12.47,extreme fear,14.7848,extreme fear,1.5943,extreme fear,1.04216452874974,extreme fear
2023-12-29,80.71428571428571,extreme greed,4769.83,extreme greed,4461.57,extreme greed,5.943701645562451,extreme fear,1914.6927814290755,extreme greed,0.7530063894522003,extreme fear,12.45,extreme fear,14.6494,extreme fear,1.6139,extreme fear,1.0792300547958638,extreme fear
2024-01-02,79.71428571428571,extreme greed,4742.83,extreme greed,4463.93808,extreme greed,5.743204929218217,extreme fear,1914.3708377791445,extreme greed,0.7515881194202368,extreme fear,13.2,extreme fear,14.4854,extreme fear,1.6076,extreme fear,0.954318291841395,extreme fear
2024-01-03,76.71428571428571,extreme greed,4704.81,extreme greed,4466.28384,extreme greed,5.562497931348171,extreme fear,1882.4297533282345,extreme greed,0.7840573144028027,extreme fear,14.04,extreme fear,14.331999999999999,extreme fear,1.5996999999999997,extreme fear,0.604830322170748,extreme fear
2024-01-04,78.68571428571428,extreme greed,4688.68,extreme greed,4468.60168,extreme greed,5.532580464255961,extreme fear,1852.864910604606,extreme greed,0.7883895891237939,extreme fear,14.13,extreme fear,14.2072,extreme fear,1.6038999999999999,extreme fear,1.7472478945684045,extreme fear
2024-01-05,75.77142857142859,extreme greed,4697.24,extreme greed,4470.90336,extreme greed,5.423569524089922,extreme fear,1836.930247498864,extreme greed,0.8171477994315517,extreme fear,13.35,extreme fear,14.0948,extreme fear,1.6291,extreme fear,1.3057821371018568,extreme fear
2024-01-08,76.17142857142856,extreme greed,4763.54,extreme greed,4473.497600000001,extreme greed,5.429032080452385,extreme fear,1837.9663167951055,extreme greed,0.8174333610842673,extreme fear,13.08,extreme fear,13.9526,extreme fear,1.6291,extreme fear,1.2704446871798627,extreme fear
2024-01-09,75.68571428571428,extreme greed,4756.5,extreme greed,4475.77232,extreme greed,5.313406894095892,extreme fear,1807.6687524670078,extreme greed,0.8178669875934421,extreme fear,12.76,extreme fear,13.7942,extreme fear,1.5978,extreme fear,0.8271502213153022,extreme fear
2024-01-10,76.37142857142858,extreme greed,4783.45,extreme greed,4477.959599999999,extreme greed,5.234473311294869,extreme fear,1775.2856138071475,extreme greed,0.8230302963480266,extreme fear,12.69,extreme fear,13.622600000000002,extreme fear,1.6015999999999997,extreme fear,1.2691729765661681,extreme fear
2024-01-11,74.65714285714286,greed,4780.24,extreme greed,4480.15816,extreme greed,5.125953116186612,extreme fear,1723.7873497168534,extreme greed,0.8196504632985651,extreme fear,12.44,extreme fear,13.476400000000002,extreme fear,1.5983999999999998,extreme fear,0.7785468383929516,extreme fear
2024-01-12,73.08571428571429,greed,4783.83,extreme greed,4482.24648,extreme greed,4.347439674610888,extreme fear,1672.6505972094199,extreme greed,0.817068181141915,extreme fear,12.7,extreme fear,13.3676,extreme fear,1.5983999999999998,extreme fear,0.8116973092457548,extreme fear
2024-01-16,72.28571428571429,greed,4765.98,extreme greed,4483.934480000001,extreme greed,3.6805545281020944,extreme fear,1590.395284475515,extreme greed,0.8412909096978328,extreme fear,13.84,extreme fear,13.306999999999999,extreme fear,1.6,extreme fear,1.3608353357892735,extreme fear
2024-01-17,57.21428571428572,greed,4739.21,extreme greed,4485.3224,extreme greed,3.2918382870030447,extreme fear,1480.8147006414817,extreme greed,0.9351969214112288,extreme fear,14.79,extreme fear,13.2896,extreme fear,1.6,extreme fear,0.34687064082218344,extreme fear
2024-01-18,66.45714285714286,greed,4780.94,extreme greed,4487.29096,extreme greed,3.0776876918807465,extreme fear,1385.0093008198946,extreme greed,0.9165953731122378,extreme fear,14.13,extreme fear,13.274000000000001,extreme fear,1.6,extreme fear,1.029513410917796,extreme fear
2024-01-19,72.82857142857144,greed,4839.81,extreme greed,4489.71872,extreme greed,2.8058939173356716,extreme fear,1321.975537427564,extreme greed,0.9055746037132252,extreme fear,13.3,extreme fear,13.2422,extreme fear,1.6,extreme fear,4.637858086634544,extreme fear
2024-01-22,72.85714285714286,greed,4850.43,extreme greed,4492.08504,extreme greed,2.719326362314425,extreme fear,1278.7580078983651,extreme greed,0.8635077841223557,extreme fear,13.19,extreme fear,13.2098,extreme fear,1.6,extreme fear,3.3688955929873865,extreme fear
2024-01-23,70.25714285714287,greed,4864.6,extreme greed,4494.46216,extreme greed,2.7418878592147524,extreme fear,1248.209382457829,extreme greed,0.8290743161675904,extreme fear,12.55,extreme fear,13.171800000000001,extreme fear,1.7226,extreme fear,3.6475981806932456,extreme fear
2024-01-24,72.48571428571428,greed,4868.55,extreme greed,4496.87656,extreme greed,2.650227374398174,extreme fear,1207.89207666517,extreme greed,0.7342126067468339,extreme fear,13.14,extreme fear,13.128799999999998,extreme fear,1.7226,extreme fear,3.627821618605726,extreme fear
2024-01-25,73.22857142857143,greed,4894.16,extreme greed,4499.73056,extreme greed,2.4490651227679185,extreme fear,1196.7381648900684,extreme greed,0.7198988803268873,extreme fear,13.45,extreme fear,13.1144,extreme fear,1.7226,extreme fear,4.340216521114885,extreme fear
2024-01-26,73.79999999999998,greed,4890.97,extreme greed,4502.2004799999995,extreme greed,2.290163171135724,extreme fear,1198.361739879597,extreme greed,0.731020129903657,extreme fear,13.26,extreme fear,13.0844,extreme fear,1.6937999999999995,extreme fear,3.987114398226496,extreme fear
2024-01-29,74.11428571428573,greed,4927.93,extreme greed,4504.912240000001,extreme greed,2.320004501588372,extreme fear,1218.5410539532368,extreme greed,0.7454537031321602,extreme fear,13.6,extreme fear,13.073200000000002,extreme fear,1.6937999999999995,extreme fear,4.250456751592879,extreme fear
2024-01-30,74.22857142857143,greed,4924.97,extreme greed,4507.69816,extreme greed,2.496509074655171,extreme fear,1229.3780403479211,extreme greed,0.7524569349313117,extreme fear,13.31,extreme fear,13.0558,extreme fear,1.6937999999999995,extreme fear,4.261983494417798,extreme fear
2024-01-31,64.11428571428573,greed,4845.65,extreme greed,4510.35624,extreme greed,2.666117692669866,extreme fear,1204.0499149027103,extreme greed,0.764896140610652,extreme fear,14.35,extreme fear,13.056400000000002,extreme fear,1.6937999999999995,extreme fear,2.804904268895575,extreme fear
2024-02-01,72.34285714285714,greed,4906.19,extreme greed,4513.590639999999,extreme greed,2.7970964115215655,extreme fear,1201.687775019054,extreme greed,0.7773732492157509,extreme fear,13.88,extreme fear,13.058,extreme fear,1.6937999999999995,extreme fear,3.5108028978099863,extreme fear
2024-02-02,74.60000000000001,greed,4958.61,extreme greed,4517.43528,extreme greed,2.9167740833075255,extreme fear,1184.3414902953864,extreme greed,0.7733312047118404,extreme fear,13.85,extreme fear,13.0668,extreme fear,1.6937999999999995,extreme fear,5.414735545535058,extreme fear
2024-02-05,73.31428571428572,greed,4942.81,extreme greed,4520.83024,extreme greed,2.8107915293288332,extreme fear,1132.5433896859283,extreme greed,0.7709030879055206,extreme fear,13.67,extreme fear,13.0732,extreme fear,1.6937999999999995,extreme fear,4.939738131584253,extreme fear
2024-02-06,73.20000000000002,greed,4954.23,extreme greed,4524.46904,extreme greed,2.819679317536522,extreme fear,1110.7985130361558,extreme greed,0.7553158089144398,extreme fear,13.06,extreme fear,13.0774,extreme fear,1.6937999999999995,extreme fear,4.744531191407638,extreme fear
2024-02-07,73.77142857142857,greed,4995.06,extreme greed,4528.68784,extreme greed,3.0173790103205667,extreme fear,1091.0778302878387,extreme greed,0.7540966685960121,extreme fear,12.83,extreme fear,13.0848,extreme fear,1.6937999999999995,extreme fear,5.026576489719367,extreme fear
2024-02-08,74.60000000000001,greed,4997.91,extreme greed,4532.92048,extreme greed,3.153194019277976,extreme fear,1080.864375832598,extreme greed,0.7237175086336815,extreme fear,12.79,extreme fear,13.0868,extreme fear,1.6937999999999995,extreme fear,6.004023586106771,extreme fear
2024-02-09,75.42857142857143,extreme greed,5026.61,extreme greed,4537.420960000001,extreme greed,3.393163338729931,extreme fear,1075.9237073376578,extreme greed,0.6994489776704685,extreme fear,12.93,extreme fear,13.091600000000001,extreme fear,1.6937999999999995,extreme fear,6.963086922146144,extreme fear
2024-02-12,75.82857142857144,extreme greed,5021.84,extreme greed,4541.67792,extreme greed,3.717945625528874,extreme fear,1101.7152305732802,extreme greed,0.6831430569340802,extreme fear,13.93,extreme fear,13.1106,extreme fear,1.6937999999999995,extreme fear,6.37554069473862,extreme fear
2024-02-13,66.74285714285715,greed,4953.17,extreme greed,4545.800399999999,extreme greed,3.795909569293411,extreme fear,1079.6364177499343,extreme greed,0.7200572185687062,extreme fear,15.85,extreme fear,13.169199999999998,extreme fear,1.6937999999999995,extreme fear,6.317019361259776,extreme fear
2024-02-14,67.51428571428572,greed,5000.62,extreme greed,4550.57072,extreme greed,3.9797094146841223,extreme fear,1090.0527892804275,extreme greed,0.718136208160114,extreme fear,14.38,extreme fear,13.204199999999998,extreme fear,1.6937999999999995,extreme fear,5.76662557835733,extreme fear
2024-02-15,73.85714285714286,greed,5029.73,extreme greed,4555.84568,extreme greed,4.303297948866071,extreme fear,1130.7973799846059,extreme greed,0.7197146852326044,extreme fear,14.01,extreme fear,13.2228,extreme fear,1.6937999999999995,extreme fear,4.890452262896552,extreme fear
2024-02-16,73.48571428571428,greed,5005.57,extreme greed,4560.932559999999,extreme greed,4.507052844051511,extreme fear,1150.7237850786332,extreme greed,0.7297145887676504,extreme fear,14.24,extreme fear,13.250599999999999,extreme fear,1.6937999999999995,extreme fear,4.903936722213263,extreme fear
2024-02-20,63.74285714285715,greed,4975.51,extreme greed,4565.53848,extreme greed,4.404098371789199,extreme fear,1149.7607267438264,extreme greed,0.7460357573869846,extreme fear,15.42,extreme fear,13.2996,extreme fear,1.6937999999999995,extreme fear,3.593922178768994,extreme fear
2024-02-21,63.7,greed,4981.8,extreme greed,4570.29248,extreme greed,4.366245410417759,extreme fear,1152.704756408482,extreme greed,0.740533665989161,extreme fear,15.34,extreme fear,13.3452,extreme fear,1.6937999999999995,extreme fear,3.643415595205965,extreme fear
2024-02-22,73.94285714285715,greed,5087.03,extreme greed,4575.500639999999,extreme greed,4.474874821143817,extreme fear,1162.4444346117627,extreme greed,0.7328099154343184,extreme fear,14.54,extreme fear,13.389000000000001,extreme fear,1.6937999999999995,extreme fear,5.619594767705995,extreme fear
2024-02-23,73.34285714285714,greed,5088.8,extreme greed,4581.200559999999,extreme greed,4.691442293146162,extreme fear,1179.9587462686893,extreme greed,0.7412773445464571,extreme fear,13.75,extreme fear,13.4114,extreme fear,1.6937999999999995,extreme fear,5.15812300700044,extreme fear
2024-02-26,71.91428571428573,greed,5069.53,extreme greed,4586.51112,extreme greed,4.745466720926703,extreme fear,1182.5714695836766,extreme greed,0.7463876696811548,extreme fear,13.74,extreme fear,13.4448,extreme fear,1.6937999999999995,extreme fear,4.694096157171836,extreme fear
2024-02-27,75.77142857142859,extreme greed,5078.18,extreme greed,4591.67008,extreme greed,4.762134244902789,extreme fear,1202.5006171044492,extreme greed,0.734592698140289,extreme fear,13.43,extreme fear,13.4696,extreme fear,1.6442,extreme fear,5.306893684169879,extreme fear
2024-02-28,76.77142857142859,extreme greed,5069.76,extreme greed,4596.24712,extreme greed,4.669023901863289,extreme fear,1211.4093912277738,extreme greed,0.7175109008459085,extreme fear,13.84,extreme fear,13.4968,extreme fear,1.6442,extreme fear,7.35842048414961,extreme fear
2024-02-29,77.45714285714287,extreme greed,5096.27,extreme greed,4600.89832,extreme greed,4.789006987948071,extreme fear,1237.331151940323,extreme greed,0.7024281713376326,extreme fear,13.4,extreme fear,13.519200000000001,extreme fear,1.6324000000000005,extreme fear,6.511365801539475,extreme fear
2024-03-01,76.82857142857142,extreme greed,5137.08,extreme greed,4605.93368,extreme greed,5.021727348519156,extreme fear,1273.0865805989401,extreme greed,0.7021174251366012,extreme fear,13.11,extreme fear,13.5302,extreme fear,1.6247000000000005,extreme fear,4.974642734795623,extreme fear
2024-03-04,79.22857142857143,extreme greed,5130.95,extreme greed,4610.85512,extreme greed,5.26861139132936,extreme fear,1300.2339724160643,extreme greed,0.6868569966869854,extreme fear,13.49,extreme fear,13.5494,extreme fear,1.3938,extreme fear,4.450424840497689,extreme fear
2024-03-05,76.11428571428571,extreme greed,5078.65,extreme greed,4615.509680000001,extreme greed,5.500711431348058,extreme fear,1316.8549823307526,extreme greed,0.7070051922485103,extreme fear,14.46,extreme fear,13.565199999999999,extreme fear,1.3919,extreme fear,3.046085442380644,extreme fear
2024-03-06,72.54285714285714,greed,5104.76,extreme greed,4620.623920000001,extreme greed,5.745760924456339,extreme fear,1350.8630622435367,extreme greed,0.7102944203411267,extreme fear,14.5,extreme fear,13.582199999999998,extreme fear,1.6202999999999994,extreme fear,2.3504101979208496,extreme fear
2024-03-07,73.85714285714286,greed,5157.36,extreme greed,4626.27368,extreme greed,6.003576659371311,extreme fear,1395.5125151655789,extreme greed,0.7178171559278212,extreme fear,14.44,extreme fear,13.6104,extreme fear,1.6128999999999998,extreme fear,2.8027972830528034,extreme fear
2024-03-08,70.02857142857144,greed,5123.69,extreme greed,4631.60328,extreme greed,6.284237615543586,extreme fear,1431.6483235731032,extreme greed,0.7183369715680763,extreme fear,14.74,extreme fear,13.6454,extreme fear,1.6311,extreme fear,1.3294265230312405,extreme fear
2024-03-11,62.771428571428565,greed,5117.94,extreme greed,4636.6471200000005,extreme greed,6.177013951821319,extreme fear,1467.8539925708865,extreme greed,0.7424634336392553,extreme fear,15.22,extreme fear,13.701200000000002,extreme fear,1.6359,extreme fear,1.5573122813905647,extreme fear
2024-03-12,72.2,greed,5175.27,extreme greed,4642.354079999999,extreme greed,6.01780170285159,extreme fear,1498.7034229905469,extreme greed,0.7533921858461977,extreme fear,13.84,extreme fear,13.728599999999998,extreme fear,1.6313,extreme fear,3.325515765600478,extreme fear
2024-03-13,71.77142857142857,greed,5165.31,extreme greed,4647.93704,extreme greed,6.419171926200387,extreme fear,1534.8128962566254,extreme greed,0.7548986918907399,extreme fear,13.75,extreme fear,13.754599999999998,extreme fear,1.6299,extreme fear,2.836309805431602,extreme fear
2024-03-14,70.4,greed,5150.48,extreme greed,4653.10008,extreme greed,6.458926143534194,extreme fear,1530.5722793096902,extreme greed,0.7693832105871697,extreme fear,14.4,extreme fear,13.7786,extreme fear,1.6338,extreme fear,2.956545710312853,extreme fear
2024-03-15,68.62857142857143,greed,5117.09,extreme greed,4658.43424,extreme greed,6.220486070707572,extreme fear,1526.4220454805393,extreme greed,0.7772087514931599,extreme fear,14.41,extreme fear,13.786000000000001,extreme fear,1.6202,extreme fear,2.343246021548598,extreme fear
2024-03-18,70.74285714285715,greed,5149.42,extreme greed,4664.00136,extreme greed,6.075408350500319,extreme fear,1524.9838579098569,extreme greed,0.7762938926955434,extreme fear,14.33,extreme fear,13.79,extreme fear,1.6103,extreme fear,3.927340423924973,extreme fear
2024-03-19,70.85714285714286,greed,5178.51,extreme greed,4669.87784,extreme greed,6.172526544225998,extreme fear,1534.184476105126,extreme greed,0.7840252324692691,extreme fear,13.82,extreme fear,13.7994,extreme fear,1.5975999999999997,extreme fear,3.824799369148957,extreme fear
2024-03-20,69.62857142857145,greed,5224.62,extreme greed,4676.4572,extreme greed,6.524834770536307,extreme fear,1571.1697049833779,extreme greed,0.7897311902957106,extreme fear,13.04,extreme fear,13.798599999999999,extreme fear,1.6029999999999995,extreme fear,2.417715634578419,extreme fear
2024-03-21,71.37142857142858,greed,5241.53,extreme greed,4683.7494400000005,extreme greed,6.928114787512898,extreme fear,1616.2391179043134,extreme greed,0.7808663285464281,extreme fear,12.92,extreme fear,13.8018,extreme fear,1.5962000000000005,extreme fear,2.798134576948707,extreme fear
2024-03-22,69.51428571428572,greed,5234.18,extreme greed,4691.0624,extreme greed,6.886621144333963,extreme fear,1624.3832470542663,extreme greed,0.7985730441273455,extreme fear,13.06,extreme fear,13.809199999999999,extreme fear,1.5887000000000004,extreme fear,2.409682920450283,extreme fear
2024-03-25,67.42857142857143,greed,5218.19,extreme greed,4698.1084,extreme greed,6.857086464563053,extreme fear,1627.8659755376661,extreme greed,0.7960838186802164,extreme fear,13.19,extreme fear,13.824200000000001,extreme fear,1.5889,extreme fear,1.946853358069889,extreme fear
2024-03-26,67.91428571428573,greed,5203.58,extreme greed,4705.5488,extreme greed,6.779428015291229,extreme fear,1620.214074588129,extreme greed,0.7684939645666359,extreme fear,13.24,extreme fear,13.835,extreme fear,1.5903,extreme fear,2.074484032595597,extreme fear
2024-03-27,69.77142857142859,greed,5248.49,extreme greed,4713.340639999999,extreme greed,6.935018722465872,extreme fear,1646.1304023304797,extreme greed,0.7552329774842951,extreme fear,12.78,extreme fear,13.8138,extreme fear,1.5903,extreme fear,2.4289648407298357,extreme fear
2024-03-28,68.77142857142857,greed,5254.35,extreme greed,4720.97784,extreme greed,7.186230276372656,extreme fear,1684.4480728843419,extreme greed,0.7507292070792853,extreme fear,13.01,extreme fear,13.7782,extreme fear,1.5903,extreme fear,1.7308239671060512,extreme fear
2024-04-01,71.25714285714287,greed,5243.77,extreme greed,4728.6236,extreme greed,7.050782103541306,extreme fear,1698.157102969669,extreme greed,0.7240453272656616,extreme fear,13.65,extreme fear,13.7686,extreme fear,1.5903,extreme fear,2.662714513993428,extreme fear
2024-04-02,71.14285714285715,greed,5205.81,extreme greed,4735.96296,extreme greed,6.694712618790027,extreme fear,1684.1249396353942,extreme greed,0.7289855634095529,extreme fear,14.61,extreme fear,13.7948,extreme fear,1.5903,extreme fear,3.8488374706436734,extreme fear
2024-04-03,69.4,greed,5211.49,extreme greed,4743.819280000001,extreme greed,6.724814260180395,extreme fear,1677.6148670890302,extreme greed,0.7355974459118355,extreme fear,14.33,extreme fear,13.8176,extreme fear,1.5903,extreme fear,3.533427432030119,extreme fear
2024-04-04,53.800000000000004,neutral,5147.21,extreme greed,4750.88696,extreme greed,6.7627710606082,extreme fear,1640.5617017722948,extreme greed,0.760894805392115,extreme fear,16.35,extreme fear,13.893600000000001,extreme fear,1.5903,extreme fear,1.1194679898421598,extreme fear
2024-04-05,58.10000000000001,greed,5204.34,extreme greed,4758.456159999999,extreme greed,6.41909532688011,extreme fear,1620.0838996338607,extreme greed,0.7987224358484639,extreme fear,16.03,extreme fear,13.951400000000001,extreme fear,1.5903,extreme fear,3.497453469743389,extreme fear
2024-04-08,64.02857142857144,greed,5202.39,extreme greed,4765.607279999999,extreme greed,6.131344043849916,extreme fear,1607.0340926366878,extreme greed,0.8042313158388907,extreme fear,15.19,extreme fear,13.986199999999998,extreme fear,1.5903,extreme fear,3.671352947147575,extreme fear
2024-04-09,59.62857142857144,greed,5209.91,extreme greed,4772.60128,extreme greed,6.112175661372321,extreme fear,1607.944059238916,extreme greed,0.8036295199762764,extreme fear,14.98,extreme fear,14.0206,extreme fear,1.5903,extreme fear,1.9573764296641663,extreme fear
2024-04-10,49.67142857142858,neutral,5160.64,extreme greed,4779.02048,extreme greed,5.7890723980957945,extreme fear,1571.859313767817,extreme greed,0.8509143856044827,extreme fear,15.8,extreme fear,14.0646,extreme fear,1.5903,extreme fear,2.2355679791206566,extreme fear
2024-04-11,56.65714285714286,greed,5199.06,extreme greed,4785.59736,extreme greed,5.347894516939015,extreme fear,1534.0759674039814,extreme greed,0.8563428075415714,extreme fear,14.91,extreme fear,14.0966,extreme fear,1.5903,extreme fear,2.612816974625408,extreme fear
2024-04-12,45.01428571428572,neutral,5123.41,extreme greed,4791.78776,extreme greed,5.181393679244606,extreme fear,1455.7172422159085,extreme greed,0.8331434849246321,extreme fear,17.31,extreme fear,14.1558,extreme fear,1.5903,extreme fear,1.4464471368944414,extreme fear
2024-04-15,38.4,fear,5061.82,extreme greed,4797.66008,extreme greed,4.948369382437956,extreme fear,1355.3454938313803,extreme greed,0.8640476752636888,extreme fear,19.23,extreme fear,14.2628,extreme fear,1.5882,extreme fear,0.03024232602270062,extreme fear
2024-04-16,35.11428571428572,fear,5051.41,extreme greed,4803.0823199999995,extreme greed,4.56338674981327,extreme fear,1241.8200160613678,extreme greed,0.8985470773092331,extreme fear,18.4,extreme fear,14.3538,extreme fear,1.5871999999999997,extreme fear,-0.05454311641288206,extreme fear
2024-04-17,31.157142857142862,fear,5022.21,extreme greed,4808.2744,extreme greed,4.209286184468452,extreme fear,1142.738420511098,extreme greed,0.9382921299055258,extreme fear,18.21,extreme fear,14.444600000000001,extreme fear,1.6024000000000005,extreme fear,-1.8998964585186584,extreme fear
2024-04-18,30.400000000000006,fear,5011.12,extreme greed,4813.846560000001,extreme greed,3.645086007683135,extreme fear,1061.2358048162341,extreme greed,0.952718884576193,extreme fear,18.0,extreme fear,14.543399999999998,extreme fear,1.5862,extreme fear,-1.761192938808347,extreme fear
2024-04-19,27.671428571428574,fear,4967.23,extreme greed,4819.3604000000005,extreme greed,2.8483248320866044,extreme fear,1008.4495093521541,extreme greed,0.9868833184625657,extreme fear,18.71,extreme fear,14.661000000000001,extreme fear,1.586,extreme fear,-2.116393633342778,extreme fear
2024-04-22,34.17142857142857,fear,5010.6,extreme greed,4825.65192,extreme greed,2.439005078252088,extreme fear,987.4989130672054,extreme greed,0.9734161571085795,extreme fear,16.94,extreme fear,14.743999999999998,extreme fear,1.6069,extreme fear,-1.207478574355366,extreme fear
2024-04-23,36.57142857142857,fear,5070.55,extreme greed,4832.48,extreme greed,2.259644614541143,extreme fear,997.9243149867899,extreme greed,0.955143018329134,extreme fear,15.69,extreme fear,14.7992,extreme fear,1.5971,extreme fear,0.17351585015335616,extreme fear
2024-04-24,37.48571428571429,fear,5071.63,extreme greed,4839.0716,extreme greed,2.0921165154353925,extreme fear,1005.5375336205706,extreme greed,0.8971282652336757,extreme fear,15.97,extreme fear,14.84,extreme fear,1.5925999999999996,extreme fear,-0.04122964821508049,extreme fear
2024-04-25,39.08571428571429,fear,5048.42,extreme greed,4845.9648,extreme greed,1.6845759090518797,extreme fear,1002.8419866362448,extreme greed,0.8756555425342573,extreme fear,15.37,extreme fear,14.8304,extreme fear,1.5638,extreme fear,-0.17418457099819817,extreme fear
2024-04-26,40.51428571428572,fear,5099.96,extreme greed,4853.66664,extreme greed,1.1639291712844824,extreme fear,1013.3624160205018,extreme greed,0.8324173361042625,extreme fear,15.03,extreme fear,14.8434,extreme fear,1.5552000000000004,extreme fear,-0.5071151432445208,extreme fear
2024-04-29,42.42857142857143,fear,5116.17,extreme greed,4861.65704,extreme greed,1.0027449201216174,extreme fear,1042.113663121232,extreme greed,0.8125267458040021,extreme fear,14.67,extreme fear,14.8566,extreme fear,1.5552000000000004,extreme fear,-0.1240520038161063,extreme fear
2024-04-30,40.542857142857144,fear,5035.69,extreme greed,4868.608,extreme greed,0.9511076710099535,extreme fear,1027.0145029677644,extreme greed,0.7967065812012354,extreme fear,15.65,extreme fear,14.8848,extreme fear,1.5524000000000002,extreme fear,-1.2184251354498916,extreme fear
2024-05-01,40.51428571428572,fear,5018.39,extreme greed,4875.204720000001,extreme greed,0.7412677219015317,extreme fear,1016.4798324766983,extreme greed,0.7973979650012888,extreme fear,15.39,extreme fear,14.884199999999998,extreme fear,1.5524000000000002,extreme fear,-0.08372071041072814,extreme fear
2024-05-02,42.228571428571435,fear,5064.2,extreme greed,4881.81544,extreme greed,0.4735772129707936,extreme fear,1032.6550239488554,extreme greed,0.7744658770223325,extreme fear,14.68,extreme fear,14.871000000000002,extreme fear,1.4817999999999998,extreme fear,-1.3193322751930514,extreme fear
2024-05-03,43.25714285714286,fear,5127.79,extreme greed,4888.295520000001,extreme greed,0.5087398655538554,extreme fear,1065.3741199007616,extreme greed,0.7794814174607508,extreme fear,13.49,extreme fear,14.85,extreme fear,1.4768999999999997,extreme fear,-0.893126174717495,extreme fear
2024-05-06,39.0,fear,5180.74,extreme greed,4894.874720000001,extreme greed,0.5650973619353926,extreme fear,1119.9445280281623,extreme greed,0.8012120289845173,extreme fear,13.49,extreme fear,14.8448,extreme fear,1.6246000000000003,extreme fear,0.3181988507720581,extreme fear
2024-05-07,37.17142857142858,fear,5187.7,extreme greed,4901.448479999999,extreme greed,0.7275558983692032,extreme fear,1165.9763643196145,extreme greed,0.817304722196589,extreme fear,13.23,extreme fear,14.834599999999998,extreme fear,1.6268000000000005,extreme fear,-0.17441942401976387,extreme fear
2024-05-08,38.17142857142857,fear,5187.67,extreme greed,4907.922799999999,extreme greed,0.9473487058137758,extreme fear,1202.3585297874872,extreme greed,0.797630565256937,extreme fear,13.0,extreme fear,14.825999999999999,extreme fear,1.6254000000000004,extreme fear,-0.7916226689108765,extreme fear
2024-05-09,42.228571428571435,fear,5214.08,extreme greed,4914.5732,extreme greed,1.2536601503498168,extreme fear,1257.5540046361903,extreme greed,0.7910381743374534,extreme fear,12.69,extreme fear,14.802999999999999,extreme fear,1.6350000000000002,extreme fear,1.2906913045680646,extreme fear
2024-05-10,46.028571428571425,neutral,5222.68,extreme greed,4921.5758399999995,extreme greed,1.612273257276078,extreme fear,1294.911927770545,extreme greed,0.7883399733092824,extreme fear,12.55,extreme fear,14.786,extreme fear,1.6350000000000002,extreme fear,2.392509060818683,extreme fear
2024-05-13,48.114285714285714,neutral,5221.42,extreme greed,4928.025279999999,extreme greed,1.9852161552699938,extreme fear,1332.935459949511,extreme greed,0.7499890668295753,extreme fear,13.6,extreme fear,14.7958,extreme fear,1.6346,extreme fear,2.108208332718971,extreme fear
2024-05-14,55.285714285714285,greed,5246.68,extreme greed,4934.70632,extreme greed,2.453587058399866,extreme fear,1389.2521428840816,extreme greed,0.710001049722063,extreme fear,13.42,extreme fear,14.794400000000001,extreme fear,1.6314000000000002,extreme fear,3.533891793021342,extreme fear
2024-05-15,59.371428571428574,greed,5308.15,extreme greed,4941.20592,extreme greed,3.03819603934607,extreme fear,1444.4428814801518,extreme greed,0.6974378390590735,extreme fear,12.45,extreme fear,14.7542,extreme fear,1.6326999999999994,extreme fear,3.957804096457623,extreme fear
2024-05-16,62.314285714285724,greed,5297.1,extreme greed,4947.559679999999,extreme greed,3.4640206423887694,extreme fear,1483.8221815719103,extreme greed,0.6959836149117267,extreme fear,12.42,extreme fear,14.712600000000002,extreme fear,1.6326999999999994,extreme fear,4.963999375138601,extreme fear
2024-05-17,62.800000000000004,greed,5303.27,extreme greed,4953.91992,extreme greed,3.801359979029782,extreme fear,1522.1745141985418,extreme greed,0.6861768779014967,extreme fear,11.99,extreme fear,14.663599999999999,extreme fear,1.6326999999999994,extreme fear,4.494370137646351,extreme fear
2024-05-20,60.42857142857143,greed,5308.13,extreme greed,4960.2728,extreme greed,4.188783573217643,extreme fear,1547.5733268124004,extreme greed,0.7077719527173434,extreme fear,12.15,extreme fear,14.6118,extreme fear,1.6326999999999994,extreme fear,3.639619934960688,extreme fear
2024-05-21,59.42857142857143,greed,5321.41,extreme greed,4966.46504,extreme greed,4.38299206978216,extreme fear,1561.415395251211,extreme greed,0.7164063355545327,extreme fear,11.86,extreme fear,14.5446,extreme fear,1.6485,extreme fear,3.3654094190615957,extreme fear
2024-05-22,58.51428571428572,greed,5307.01,extreme greed,4972.615599999999,extreme greed,4.47038004437845,extreme fear,1551.6913551441721,extreme greed,0.7223217974045534,extreme fear,12.29,extreme fear,14.513600000000002,extreme fear,1.6433999999999997,extreme fear,3.252915112370815,extreme fear
2024-05-23,52.37142857142857,neutral,5267.84,extreme greed,4978.30536,extreme greed,4.484358727314418,extreme fear,1503.1279970056296,extreme greed,0.7425503074341752,extreme fear,12.77,extreme fear,14.494000000000002,extreme fear,1.6315000000000004,extreme fear,2.1105094590212796,extreme fear
2024-05-24,51.74285714285714,neutral,5304.72,extreme greed,4984.2684,extreme greed,4.484873642254761,extreme fear,1479.2345759825505,extreme greed,0.7706322524794924,extreme fear,11.93,extreme fear,14.444599999999998,extreme fear,1.6439999999999997,extreme fear,2.7055298848667815,extreme fear
2024-05-28,54.685714285714276,neutral,5306.04,extreme greed,4990.31328,extreme greed,4.467079678524159,extreme fear,1447.6704795252901,extreme greed,0.7589463565793787,extreme fear,12.92,extreme fear,14.4148,extreme fear,1.6496999999999997,extreme fear,4.557326847037223,extreme fear
2024-05-29,49.971428571428575,neutral,5266.95,extreme greed,4996.00976,extreme greed,4.334251561492967,extreme fear,1383.6644666942593,extreme greed,0.7966176852502114,extreme fear,14.28,extreme fear,14.413800000000002,extreme fear,1.6496999999999997,extreme fear,4.722413928691517,extreme fear
2024-05-30,45.08571428571429,neutral,5235.48,extreme greed,5001.48896,extreme greed,4.353546721237565,extreme fear,1347.3802627296645,extreme greed,0.7958763008182661,extreme fear,14.47,extreme fear,14.4268,extreme fear,1.6496999999999997,extreme fear,3.062719237138513,extreme fear
2024-05-31,48.42857142857144,neutral,5277.51,extreme greed,5007.1666399999995,extreme greed,4.417943569607845,extreme fear,1340.6694973325782,extreme greed,0.7716042321411993,extreme fear,12.92,extreme fear,14.4244,extreme fear,1.6288000000000005,extreme fear,2.769436734852227,extreme fear
2024-06-03,45.48571428571429,neutral,5283.4,extreme greed,5012.6768,extreme greed,4.39994104374946,extreme fear,1322.6382522577976,extreme greed,0.7472342575347384,extreme fear,13.11,extreme fear,14.428199999999999,extreme fear,1.6253999999999997,extreme fear,1.5003835108097303,extreme fear
2024-06-04,47.628571428571426,neutral,5291.34,extreme greed,5018.44928,extreme greed,4.156221798459117,extreme fear,1286.802597529328,extreme greed,0.7781199475763376,extreme fear,13.16,extreme fear,14.4302,extreme fear,1.511,extreme fear,1.229425880466756,extreme fear
2024-06-05,51.142857142857146,neutral,5354.03,extreme greed,5024.74408,extreme greed,3.905654682302195,extreme fear,1271.6005421965715,extreme greed,0.754639251514001,extreme fear,12.63,extreme fear,14.418999999999999,extreme fear,1.5135000000000003,extreme fear,1.8116629015725045,extreme fear
2024-06-06,45.31428571428571,neutral,5352.96,extreme greed,5031.17304,extreme greed,3.815164988023742,extreme fear,1256.1298683174234,extreme greed,0.7392463644230791,extreme fear,12.58,extreme fear,14.4058,extreme fear,1.6227000000000005,extreme fear,1.5936540468716387,extreme fear
2024-06-07,43.4,fear,5346.99,extreme greed,5037.2642399999995,extreme greed,3.482768373209304,extreme fear,1218.1904156700189,extreme greed,0.7593319258790571,extreme fear,12.22,extreme fear,14.3946,extreme fear,1.634,extreme fear,2.062282118186896,extreme fear
2024-06-10,44.74285714285715,fear,5360.79,extreme greed,5043.3156,extreme greed,3.1503131934452413,extreme fear,1186.5449266124378,extreme greed,0.7486604967707792,extreme fear,12.74,extreme fear,14.3892,extreme fear,1.6316999999999997,extreme fear,2.667935702950803,extreme fear
2024-06-11,44.4,fear,5375.32,extreme greed,5049.33864,extreme greed,2.893926327016322,extreme fear,1140.518833669456,extreme greed,0.7202233839931507,extreme fear,12.85,extreme fear,14.373199999999999,extreme fear,1.6293999999999995,extreme fear,1.9110569908048387,extreme fear
2024-06-12,46.57142857142857,neutral,5421.03,extreme greed,5055.55728,extreme greed,2.852488233409472,extreme fear,1106.0519457875293,extreme greed,0.6966322646795053,extreme fear,12.04,extreme fear,14.321800000000001,extreme fear,1.6100999999999996,extreme fear,1.695046039253728,extreme fear
2024-06-13,44.57142857142858,fear,5433.74,extreme greed,5061.37048,extreme greed,2.36925960009337,extreme fear,1057.3216974800334,extreme greed,0.7061035440311834,extreme fear,11.94,extreme fear,14.274,extreme fear,1.6026,extreme fear,1.2924846829351346,extreme fear
2024-06-14,41.11428571428572,fear,5431.6,extreme greed,5067.06688,extreme greed,1.934036244503755,extreme fear,986.6098544276035,extreme greed,0.7088457232211078,extreme fear,12.66,extreme fear,14.2002,extreme fear,1.6138,extreme fear,0.6040908018026252,extreme fear
2024-06-17,43.285714285714285,fear,5473.23,extreme greed,5073.099200000001,extreme greed,1.640339110342073,extreme fear,938.408300682102,extreme greed,0.7206074841614796,extreme fear,12.75,extreme fear,14.1346,extreme fear,1.6048,extreme fear,1.6407117194725298,extreme fear
2024-06-18,41.28571428571429,fear,5487.03,extreme greed,5079.07096,extreme greed,1.333200849497942,extreme fear,905.2709214763275,extreme greed,0.7060194876457111,extreme fear,12.3,extreme fear,14.0768,extreme fear,1.6314999999999995,extreme fear,1.4601314067421196,extreme fear
2024-06-20,38.714285714285715,fear,5473.17,extreme greed,5084.709360000001,extreme greed,1.0499956038925573,extreme fear,884.8567566500333,extreme greed,0.730595782194972,extreme fear,13.28,extreme fear,14.0428,extreme fear,1.6333999999999993,extreme fear,1.5616894281203992,extreme fear
2024-06-21,39.05714285714286,fear,5464.62,extreme greed,5090.8395199999995,extreme greed,0.9015022379039644,extreme fear,864.589308209726,extreme greed,0.7259520527909049,extreme fear,13.2,extreme fear,13.9908,extreme fear,1.6364999999999998,extreme fear,1.760853694921532,extreme fear
2024-06-24,37.77142857142858,fear,5447.87,extreme greed,5096.448479999999,extreme greed,0.9975504456840971,extreme fear,870.1504503558588,extreme greed,0.7101534738745635,extreme fear,13.33,extreme fear,13.9592,extreme fear,1.6364999999999998,extreme fear,0.8605420392128055,extreme fear
2024-06-25,37.285714285714285,fear,5469.3,extreme greed,5102.16584,extreme greed,0.8870055851392366,extreme fear,851.9248819459278,extreme greed,0.7089135282654958,extreme fear,12.84,extreme fear,13.8698,extreme fear,1.6364999999999998,extreme fear,0.5112691661896273,extreme fear
2024-06-26,40.88571428571429,fear,5477.9,extreme greed,5107.791039999999,extreme greed,0.7192594885877824,extreme fear,828.3031932307592,extreme greed,0.7066269421015218,extreme fear,12.55,extreme fear,13.736200000000002,extreme fear,1.6216999999999995,extreme fear,1.5303246854963684,extreme fear
2024-06-27,45.51428571428571,neutral,5482.87,extreme greed,5113.401360000001,extreme greed,0.8590123883030721,extreme fear,815.6263791463235,extreme greed,0.6895054214967449,extreme fear,12.24,extreme fear,13.613,extreme fear,1.6216999999999995,extreme fear,2.6416112878724483,extreme fear
2024-06-28,44.31428571428571,fear,5460.48,extreme greed,5118.8184,extreme greed,0.9665176994282928,extreme fear,814.2481793064743,extreme greed,0.6866344647833583,extreme fear,12.44,extreme fear,13.4976,extreme fear,1.6216999999999995,extreme fear,2.3427882325536475,extreme fear
2024-07-01,47.94285714285714,neutral,5475.09,extreme greed,5124.460480000001,extreme greed,0.8106980263334514,extreme fear,795.4763523686165,extreme greed,0.6877044577584677,extreme fear,12.22,extreme fear,13.382,extreme fear,1.6216999999999995,extreme fear,3.91093145788226,extreme fear
2024-07-02,49.74285714285714,neutral,5509.01,extreme greed,5130.58992,extreme greed,0.6487027404142058,extreme fear,790.2072026108185,extreme greed,0.6894002791000828,extreme fear,12.03,extreme fear,13.248399999999998,extreme fear,1.6216999999999995,extreme fear,4.586263334135719,extreme fear
2024-07-03,48.371428571428574,neutral,5537.02,extreme greed,5137.247600000001,extreme greed,0.7878781750960684,extreme fear,801.6591869313495,extreme greed,0.6864330960514026,extreme fear,12.09,extreme fear,13.1514,extreme fear,1.6216999999999995,extreme fear,3.5063746771743087,extreme fear
2024-07-05,49.714285714285715,neutral,5567.19,extreme greed,5144.27568,extreme greed,0.798542186210048,extreme fear,801.915307472187,extreme greed,0.6739957680153388,extreme fear,12.48,extreme fear,13.087200000000001,extreme fear,1.6216999999999995,extreme fear,3.552488522995218,extreme fear
2024-07-08,51.057142857142864,neutral,5572.85,extreme greed,5151.280559999999,extreme greed,0.8346315857921242,extreme fear,810.2296728792516,extreme greed,0.6511051541124205,extreme fear,12.37,extreme fear,13.015200000000002,extreme fear,1.5939,extreme fear,2.7052243033634586,extreme fear
2024-07-09,50.57142857142856,neutral,5576.98,extreme greed,5157.78808,extreme greed,0.857153019116688,extreme fear,809.604103355744,extreme greed,0.6272564039481701,extreme fear,12.51,extreme fear,12.958000000000002,extreme fear,1.5939,extreme fear,2.414250159585557,extreme fear
2024-07-10,54.60000000000001,neutral,5633.91,extreme greed,5164.80736,extreme greed,1.0098836951792294,extreme fear,835.4360537383931,extreme greed,0.6097927300075516,extreme fear,12.85,extreme fear,12.914399999999999,extreme fear,1.6073000000000004,extreme fear,3.8934599500532006,extreme fear
2024-07-11,49.4,neutral,5584.54,extreme greed,5171.21608,extreme greed,1.4893374522441019,extreme fear,890.0878943715735,extreme greed,0.6191604118787237,extreme fear,12.92,extreme fear,12.8794,extreme fear,1.6041,extreme fear,2.0646773893820485,extreme fear
2024-07-12,54.371428571428574,neutral,5615.35,extreme greed,5177.89696,extreme greed,1.775350706516861,extreme fear,959.3724493820018,extreme greed,0.6215772648536194,extreme fear,12.46,extreme fear,12.8156,extreme fear,1.5932,extreme fear,2.958881523000459,extreme fear
2024-07-15,57.74285714285715,greed,5631.22,extreme greed,5184.67608,extreme greed,2.2932892313214235,extreme fear,1025.828538447614,extreme greed,0.6277397267985361,extreme fear,13.12,extreme fear,12.770199999999999,extreme fear,1.589,extreme fear,3.7624659965267337,extreme fear
2024-07-16,57.02857142857143,greed,5667.2,extreme greed,5191.88584,extreme greed,3.1225785386673985,extreme fear,1117.1636504964954,extreme greed,0.6322756969324217,extreme fear,13.19,extreme fear,12.7404,extreme fear,1.5923000000000007,extreme fear,2.6172990237229805,extreme fear
2024-07-17,46.114285714285714,neutral,5588.27,extreme greed,5198.67832,extreme greed,3.6753611819145897,extreme fear,1188.9603389318129,extreme greed,0.6361248124213825,extreme fear,14.48,extreme fear,12.7602,extreme fear,1.5964,extreme fear,1.2770258990865595,extreme fear
2024-07-18,45.94285714285714,neutral,5544.59,extreme greed,5204.787520000001,extreme greed,4.033496044209993,extreme fear,1220.3146915215614,extreme greed,0.661204395346307,extreme fear,15.93,extreme fear,12.809,extreme fear,1.5739999999999996,extreme fear,0.8149038085850125,extreme fear
2024-07-19,43.0,fear,5505.0,extreme greed,5210.10904,extreme greed,4.098836998629532,extreme fear,1238.641015878396,extreme greed,0.683592882141339,extreme fear,16.52,extreme fear,12.8748,extreme fear,1.5736999999999994,extreme fear,0.6648025266461112,extreme fear
2024-07-22,48.42857142857144,neutral,5564.41,extreme greed,5215.82088,extreme greed,4.272836817157215,extreme fear,1272.6754399090516,extreme greed,0.6954894322687415,extreme fear,14.91,extreme fear,12.913000000000002,extreme fear,1.5792,extreme fear,2.1541621589522117,extreme fear
2024-07-23,46.857142857142854,neutral,5555.74,extreme greed,5221.35,extreme greed,4.523687324842809,extreme fear,1297.1688412644075,extreme greed,0.7177549924649625,extreme fear,14.72,extreme fear,12.9536,extreme fear,1.559,extreme fear,1.6086497376739728,extreme fear
2024-07-24,38.614285714285714,fear,5427.13,extreme greed,5225.81864,extreme greed,4.68199330457736,extreme fear,1289.606075314885,extreme greed,0.7441469525958635,extreme fear,18.04,extreme fear,13.063400000000001,extreme fear,1.5451,extreme fear,-1.2221995445704297,extreme fear
2024-07-25,39.07142857142857,fear,5399.22,extreme greed,5229.85912,extreme greed,4.991845965371017,extreme fear,1289.6308646017083,extreme greed,0.7431807775143122,extreme fear,18.46,extreme fear,13.160599999999999,extreme fear,1.5337999999999996,extreme fear,-1.8881804681104495,extreme fear
2024-07-26,42.542857142857144,fear,5459.1,extreme greed,5234.40416,extreme greed,5.274872770785595,extreme fear,1319.668295441158,extreme greed,0.7503889507814813,extreme fear,16.39,extreme fear,13.22,extreme fear,1.5210000000000001,extreme fear,-1.4229775336307955,extreme fear
2024-07-29,42.07142857142857,fear,5463.54,extreme greed,5238.68904,extreme greed,5.403001280199855,extreme fear,1332.4651751330948,extreme greed,0.764352057151621,extreme fear,16.6,extreme fear,13.302999999999999,extreme fear,1.5210000000000001,extreme fear,-2.8144456938126177,extreme fear
2024-07-30,40.800000000000004,fear,5436.44,extreme greed,5242.7807999999995,extreme greed,5.737675429216802,extreme fear,1350.4817932528374,extreme greed,0.7757623875869472,extreme fear,17.69,extreme fear,13.408400000000002,extreme fear,1.5419999999999996,extreme fear,-3.810968162200977,extreme fear
2024-07-31,46.885714285714286,neutral,5522.3,extreme greed,5248.194,extreme greed,6.346027816455006,extreme fear,1370.7200337599184,extreme greed,0.7553027106604219,extreme fear,16.36,extreme fear,13.495800000000001,extreme fear,1.5531999999999997,extreme fear,-2.7772467901011404,extreme fear
2024-08-01,42.68571428571429,fear,5446.68,extreme greed,5252.51792,extreme greed,6.443828969584135,extreme fear,1359.240378451614,extreme greed,0.7662203802465741,extreme fear,18.59,extreme fear,13.624599999999997,extreme fear,1.557,extreme fear,-4.255374148615346,extreme fear
2024-08-02,41.385714285714286,fear,5346.56,extreme greed,5255.621520000001,extreme greed,6.399946552211346,extreme fear,1313.535138914392,extreme greed,0.7955843735432071,extreme fear,23.39,extreme fear,13.8552,extreme fear,1.4519000000000004,extreme fear,-7.759645222494352,extreme fear
2024-08-05,33.05714285714286,fear,5186.33,extreme greed,5257.56968,extreme greed,5.928900196159419,extreme fear,1228.1281448563705,extreme greed,0.8572216573014719,extreme fear,38.57,fear,14.380799999999999,extreme fear,1.4519000000000004,extreme fear,-10.887812018360968,extreme fear
2024-08-06,19.014285714285712,extreme fear,5240.03,extreme greed,5259.8560800000005,extreme greed,5.901126672260911,extreme fear,1178.896953593904,extreme greed,0.8759552829769683,extreme fear,27.71,fear,14.6796,extreme fear,1.7135000000000005,extreme fear,-9.866361595047064,extreme fear
2024-08-07,16.557142857142857,extreme fear,5199.5,extreme greed,5261.491599999999,extreme greed,5.792354742436349,extreme fear,1121.2514650208136,extreme greed,0.9234082547482266,extreme fear,27.85,fear,14.998000000000001,extreme fear,1.7359999999999993,extreme fear,-8.69719189263451,extreme fear
2024-08-08,17.65714285714286,extreme fear,5319.31,extreme greed,5264.062800000001,extreme greed,5.300534271609888,extreme fear,1107.7519424675356,extreme greed,0.9289358205115127,extreme fear,23.79,extreme fear,15.215399999999999,extreme fear,1.6742,extreme fear,-6.624291759426462,extreme fear
2024-08-09,24.085714285714285,extreme fear,5344.16,extreme greed,5266.6032,extreme greed,4.77374812622078,extreme fear,1100.4516473557974,extreme greed,0.9107579382206066,extreme fear,20.37,extreme fear,15.337200000000001,extreme fear,1.6460000000000001,extreme fear,-7.217394860528234,extreme fear
2024-08-12,23.8,extreme fear,5344.39,extreme greed,5269.183599999999,extreme greed,4.21025088127436,extreme fear,1082.1475257860182,extreme greed,0.8716644560245754,extreme fear,20.71,extreme fear,15.462,extreme fear,1.6460000000000001,extreme fear,-7.564242420727028,extreme fear
2024-08-13,25.514285714285712,fear,5434.43,extreme greed,5273.0336800000005,extreme greed,3.5594521726862505,extreme fear,1095.98640760479,extreme greed,0.8606920133403841,extreme fear,18.12,extreme fear,15.566,extreme fear,1.6356999999999997,extreme fear,-5.001076391176357,extreme fear
2024-08-14,26.428571428571434,fear,5455.21,extreme greed,5276.6704,extreme greed,3.160964589000491,extreme fear,1114.0238773027384,extreme greed,0.8228588124506955,extreme fear,16.19,extreme fear,15.6276,extreme fear,1.6565000000000003,extreme fear,-4.332916604445688,extreme fear
2024-08-15,32.37142857142857,fear,5543.22,extreme greed,5280.778319999999,extreme greed,2.981777399154161,extreme fear,1162.6712980165003,extreme greed,0.8031469629332909,extreme fear,15.23,extreme fear,15.669,extreme fear,1.6596,extreme fear,-1.6727182898979316,extreme fear
2024-08-16,33.74285714285715,fear,5554.25,extreme greed,5285.167759999999,extreme greed,3.099319834917906,extreme fear,1214.6264157512999,extreme greed,0.7753337603016419,extreme fear,14.8,extreme fear,15.7124,extreme fear,1.6743,extreme fear,-2.7806529702514813,extreme fear
2024-08-19,39.88571428571429,fear,5608.25,extreme greed,5290.2296799999995,extreme greed,3.1967576688332646,extreme fear,1290.8515276929375,extreme greed,0.7339114719013712,extreme fear,14.65,extreme fear,15.753800000000002,extreme fear,1.6836000000000004,extreme fear,-1.7447859638169585,extreme fear
2024-08-20,44.68571428571429,fear,5597.12,extreme greed,5295.152239999999,extreme greed,3.063456625921356,extreme fear,1332.741358884473,extreme greed,0.7108822113522538,extreme fear,15.88,extreme fear,15.827,extreme fear,1.6643,extreme fear,-0.20732668047666325,extreme fear
2024-08-21,50.228571428571435,neutral,5620.85,extreme greed,5299.422800000001,extreme greed,3.177877918914077,extreme fear,1389.8205970554948,extreme greed,0.6964572128561626,extreme fear,16.27,extreme fear,15.8976,extreme fear,1.6624,extreme fear,0.7626993259878923,extreme fear
2024-08-22,46.77142857142858,neutral,5570.64,extreme greed,5303.27752,extreme greed,3.165973236405624,extreme fear,1416.7558927337914,extreme greed,0.6923015780512716,extreme fear,17.55,extreme fear,15.9916,extreme fear,1.6589,extreme fear,-0.2966891873119777,extreme fear
2024-08-23,51.57142857142857,neutral,5634.61,extreme greed,5307.79816,extreme greed,3.3461882502100213,extreme fear,1478.9410064957863,extreme greed,0.6887816647036649,extreme fear,15.86,extreme fear,16.067999999999998,extreme fear,1.6661999999999997,extreme fear,0.4345008208882957,extreme fear
2024-08-26,52.94285714285714,neutral,5616.84,extreme greed,5312.107440000001,extreme greed,3.66775590070106,extreme fear,1534.7478442170714,extreme greed,0.7017636474636709,extreme fear,16.15,extreme fear,16.1522,extreme fear,1.6694,extreme fear,1.0408565763377016,extreme fear
2024-08-27,52.28571428571429,neutral,5625.8,extreme greed,5316.55576,extreme greed,3.5887833214956095,extreme fear,1570.1883731439307,extreme greed,0.7112238483507058,extreme fear,15.43,extreme fear,16.2076,extreme fear,1.6517999999999997,extreme fear,0.4256310071021965,extreme fear
2024-08-28,51.08571428571429,neutral,5592.18,extreme greed,5320.52304,extreme greed,3.26919291792411,extreme fear,1577.5099048782683,extreme greed,0.7269050919708415,extreme fear,17.11,extreme fear,16.2948,extreme fear,1.6521,extreme fear,1.358715889605118,extreme fear
2024-08-29,56.057142857142864,greed,5591.96,extreme greed,5324.16208,extreme greed,3.409682963677314,extreme fear,1596.5115296237473,extreme greed,0.7237001089031356,extreme fear,15.65,extreme fear,16.361800000000002,extreme fear,1.6453000000000002,extreme fear,5.069514293854985,extreme fear
2024-08-30,60.314285714285724,greed,5648.4,extreme greed,5328.30168,extreme greed,3.799658221158806,extreme fear,1638.7038939100003,extreme greed,0.7302979243748335,extreme fear,15.0,extreme fear,16.3962,extreme fear,1.6434000000000004,extreme fear,9.6787900904482,extreme fear
2024-09-03,56.34285714285714,greed,5528.93,extreme greed,5331.90392,extreme greed,4.3750055000692525,extreme fear,1643.4896304520323,extreme greed,0.7373449266296278,extreme fear,20.72,extreme fear,16.546599999999998,extreme fear,1.6277999999999995,extreme fear,5.213378983408774,extreme fear
2024-09-04,56.62857142857143,greed,5520.07,extreme greed,5335.2264,extreme greed,4.697571423139456,extreme fear,1637.0427620936857,extreme greed,0.757064744557789,extreme fear,21.32,extreme fear,16.706400000000002,extreme fear,1.6106999999999996,extreme fear,4.772291429679639,extreme fear
2024-09-05,50.62857142857143,neutral,5503.41,extreme greed,5337.9947999999995,extreme greed,4.906531850894237,extreme fear,1614.900234285309,extreme greed,0.7869776559299992,extreme fear,19.9,extreme fear,16.8476,extreme fear,1.6106999999999996,extreme fear,1.533492541665604,extreme fear
2024-09-06,39.34285714285715,fear,5408.42,extreme greed,5340.272640000001,extreme greed,5.021138364479358,extreme fear,1561.8260303208322,extreme greed,0.8129612215384323,extreme fear,22.38,extreme fear,17.0442,extreme fear,1.6683000000000003,extreme fear,-0.35536417125111786,extreme fear
2024-09-09,41.971428571428575,fear,5471.05,extreme greed,5343.097519999999,extreme greed,5.183274023907562,extreme fear,1532.4934967704523,extreme greed,0.8353609892678545,extreme fear,19.45,extreme fear,17.1884,extreme fear,1.6789,extreme fear,0.8723003150517786,extreme fear
2024-09-10,39.6857142857143,fear,5495.52,extreme greed,5345.65952,extreme greed,5.422503373375075,extreme fear,1494.5611587428612,extreme greed,0.8577642079387994,extreme fear,19.08,extreme fear,17.321199999999997,extreme fear,1.6760999999999997,extreme fear,-0.4152101206583988,extreme fear
2024-09-11,43.08571428571429,fear,5554.13,extreme greed,5348.77008,extreme greed,5.511046348610186,extreme fear,1466.6796184590796,extreme greed,0.849860135229768,extreme fear,17.69,extreme fear,17.4306,extreme fear,1.6825999999999994,extreme fear,0.5508164026256195,extreme fear
2024-09-12,42.97142857142857,fear,5595.76,extreme greed,5352.33232,extreme greed,5.816346368167911,extreme fear,1462.0841382851254,extreme greed,0.8335951187202746,extreme fear,17.07,extreme fear,17.5314,extreme fear,1.6838,extreme fear,-0.7894838292333428,extreme fear
2024-09-13,48.62857142857143,neutral,5626.02,extreme greed,5356.403760000001,extreme greed,6.235947400502233,extreme fear,1490.3028950455796,extreme greed,0.7942491196796369,extreme fear,16.56,extreme fear,17.6208,extreme fear,1.6994000000000002,extreme fear,-0.4976459862253146,extreme fear
2024-09-16,50.31428571428571,neutral,5633.09,extreme greed,5360.27312,extreme greed,6.793794435147626,extreme fear,1534.9545086159605,extreme greed,0.7735793354187134,extreme fear,17.14,extreme fear,17.714,extreme fear,1.6989999999999998,extreme fear,-1.3951133689594697,extreme fear
2024-09-17,54.62857142857143,neutral,5634.58,extreme greed,5363.9216799999995,extreme greed,7.245878768194189,extreme fear,1579.9827228441488,extreme greed,0.7418353790020418,extreme fear,17.61,extreme fear,17.8188,extreme fear,1.686,extreme fear,-0.6152534040725,extreme fear
2024-09-18,55.17142857142858,greed,5618.26,extreme greed,5367.0707999999995,extreme greed,7.692309188303098,extreme fear,1610.0765723894237,extreme greed,0.7283361488463059,extreme fear,18.23,extreme fear,17.9332,extreme fear,1.6866,extreme fear,-0.6591989442311686,extreme fear
2024-09-19,63.80000000000001,greed,5713.64,extreme greed,5370.84768,extreme greed,8.181819677813587,extreme fear,1655.3906883727734,extreme greed,0.7245085185731401,extreme fear,16.33,extreme fear,18.0028,extreme fear,1.6901,extreme fear,1.5421185490079685,extreme fear
2024-09-20,61.2,greed,5702.55,extreme greed,5374.59464,extreme greed,8.348172959036878,extreme fear,1680.6842357416297,extreme greed,0.73560359419682,extreme fear,16.15,extreme fear,18.0674,extreme fear,1.6786999999999996,extreme fear,0.7286547987490468,extreme fear
2024-09-23,63.85714285714287,greed,5718.57,extreme greed,5378.59768,extreme greed,8.294646951733368,extreme fear,1708.6548164866847,extreme greed,0.7330790938561227,extreme fear,15.89,extreme fear,18.136000000000003,extreme fear,1.6561,extreme fear,1.236303339557345,extreme fear
2024-09-24,66.42857142857143,greed,5732.93,extreme greed,5382.83248,extreme greed,8.158700320562337,extreme fear,1738.4627877045991,extreme greed,0.7118406783025695,extreme fear,15.39,extreme fear,18.1814,extreme fear,1.6415,extreme fear,1.192171330870685,extreme fear
2024-09-25,65.74285714285715,greed,5722.26,extreme greed,5386.6226400000005,extreme greed,8.252644197303347,extreme fear,1735.4263166788148,extreme greed,0.7092302651096926,extreme fear,15.41,extreme fear,18.2258,extreme fear,1.65663121635619,extreme fear,1.5108164247148064,extreme fear
2024-09-26,70.74285714285713,greed,5745.37,extreme greed,5390.550800000001,extreme greed,8.401201240298938,extreme fear,1745.8296084122676,extreme greed,0.6660300600263638,extreme fear,15.37,extreme fear,18.2436,extreme fear,1.63207136883865,extreme fear,1.8272987172468966,extreme fear
2024-09-27,67.31428571428572,greed,5738.17,extreme greed,5394.506,extreme greed,8.448232815499527,extreme fear,1769.4428860388277,extreme greed,0.6545322086950474,extreme fear,16.96,extreme fear,18.264200000000002,extreme fear,1.63315558180896,extreme fear,-0.0682686435543322,extreme fear
2024-09-30,73.6857142857143,greed,5762.48,extreme greed,5398.95936,extreme greed,8.327167416415618,extreme fear,1786.104811474537,extreme greed,0.6451011439871915,extreme fear,16.73,extreme fear,18.2684,extreme fear,1.63315558180896,extreme fear,3.1643273967182766,extreme fear
2024-10-01,70.31428571428572,greed,5708.75,extreme greed,5402.93744,extreme greed,8.392120820450344,extreme fear,1787.186667356414,extreme greed,0.6607655651027972,extreme fear,19.26,extreme fear,18.3554,extreme fear,1.63315558180896,extreme fear,2.912663467293385,extreme fear
2024-10-02,70.57142857142857,greed,5709.54,extreme greed,5407.43608,extreme greed,8.28856693228557,extreme fear,1785.481665200637,extreme greed,0.6498494867771197,extreme fear,18.9,extreme fear,18.439,extreme fear,1.6466673954509805,extreme fear,3.7613976442468484,extreme fear
2024-10-03,69.42857142857143,greed,5699.94,extreme greed,5411.400880000001,extreme greed,8.195704306152596,extreme fear,1764.8953023084373,extreme greed,0.6853556045042459,extreme fear,20.49,extreme fear,18.488,extreme fear,1.6430287303904203,extreme fear,5.960594727452222,extreme fear
2024-10-04,71.4,greed,5751.07,extreme greed,5415.79032,extreme greed,8.383276288702401,extreme fear,1767.53166968175,extreme greed,0.7008456628740827,extreme fear,19.21,extreme fear,18.503,extreme fear,1.62688750207831,extreme fear,6.83278478134768,extreme fear
2024-10-07,70.82857142857144,greed,5695.94,extreme greed,5419.67856,extreme greed,8.40182347922618,extreme fear,1745.5312626688785,extreme greed,0.7030912244889402,extreme fear,22.64,extreme fear,18.628,extreme fear,1.6024007128173903,extreme fear,6.281159459607084,extreme fear
2024-10-08,71.17142857142856,greed,5751.13,extreme greed,5424.402480000001,extreme greed,8.334738833517893,extreme fear,1715.7570650031464,extreme greed,0.7038549218303716,extreme fear,21.42,extreme fear,18.7244,extreme fear,1.6057388644882598,extreme fear,5.997718946828334,extreme fear
2024-10-09,71.14285714285715,greed,5792.04,extreme greed,5429.146320000001,extreme greed,8.403648413663554,extreme fear,1699.0633106923128,extreme greed,0.7167928261656323,extreme fear,20.86,extreme fear,18.7878,extreme fear,1.6075578261163403,extreme fear,6.032786732659592,extreme fear
2024-10-10,70.28571428571429,greed,5780.05,extreme greed,5434.39944,extreme greed,8.04491867257875,extreme fear,1672.1446433938122,extreme greed,0.7154348927491949,extreme fear,20.93,extreme fear,18.879199999999997,extreme fear,1.59760521374063,extreme fear,5.523269162536536,extreme fear
2024-10-11,71.65714285714286,greed,5815.03,extreme greed,5440.42512,extreme greed,7.740797145386037,extreme fear,1675.1047213638149,extreme greed,0.7049117029793426,extreme fear,20.46,extreme fear,18.916600000000003,extreme fear,1.60222662261744,extreme fear,6.19896312620771,extreme fear
2024-10-14,74.22857142857143,greed,5859.85,extreme greed,5446.892640000001,extreme greed,7.425769797693513,extreme fear,1684.4948202616533,extreme greed,0.6962628005299527,extreme fear,19.7,extreme fear,18.8428,extreme fear,1.59260683368213,extreme fear,7.004471369783707,extreme fear
2024-10-15,71.14285714285715,greed,5815.26,extreme greed,5453.23704,extreme greed,7.211353043532655,extreme fear,1684.4594499949756,extreme greed,0.6971616540182628,extreme fear,20.64,extreme fear,18.4842,extreme fear,1.59100040792833,extreme fear,5.570123539813399,extreme fear
2024-10-16,69.02857142857142,greed,5842.47,extreme greed,5459.887839999999,extreme greed,6.982316168087581,extreme fear,1706.1914453127358,extreme greed,0.6808766659041219,extreme fear,19.58,extreme fear,18.3216,extreme fear,1.6065833538927397,extreme fear,4.049962103083524,extreme fear
2024-10-17,68.57142857142857,greed,5841.47,extreme greed,5466.88176,extreme greed,6.654348584823387,extreme fear,1714.7052094943012,extreme greed,0.6772828977020431,extreme fear,19.11,extreme fear,18.1468,extreme fear,1.6049697677901196,extreme fear,4.771232344460868,extreme fear
2024-10-18,72.42857142857143,greed,5864.67,extreme greed,5473.71432,extreme greed,6.584796335070915,extreme fear,1724.5923166998768,extreme greed,0.6641573126785613,extreme fear,18.03,extreme fear,18.0316,extreme fear,1.5847176529515796,extreme fear,4.70198710556988,extreme fear
2024-10-21,69.8,greed,5853.98,extreme greed,5479.98176,extreme greed,6.30380732955737,extreme fear,1700.447285952483,extreme greed,0.6861345109246553,extreme fear,18.37,extreme fear,17.991600000000002,extreme fear,1.5756479064016804,extreme fear,5.11516845479877,extreme fear
2024-10-22,70.37142857142858,greed,5851.2,extreme greed,5486.218319999999,extreme greed,5.907503363272607,extreme fear,1673.3221803783003,extreme greed,0.6880158158480754,extreme fear,18.2,extreme fear,17.941399999999998,extreme fear,1.5426922971710395,extreme fear,5.370433318625199,extreme fear
2024-10-23,63.199999999999996,greed,5797.42,extreme greed,5492.21032,extreme greed,5.588004310244894,extreme fear,1628.6983609481372,extreme greed,0.7002889158773007,extreme fear,19.24,extreme fear,17.9638,extreme fear,1.55016182445179,extreme fear,4.161106535431189,extreme fear
2024-10-24,62.94285714285714,greed,5809.86,extreme greed,5497.88952,extreme greed,5.258948613746162,extreme fear,1590.0178218419328,extreme greed,0.6948221982404266,extreme fear,19.08,extreme fear,18.0216,extreme fear,1.5516368370233602,extreme fear,4.730426241147084,extreme fear
2024-10-25,58.74285714285715,greed,5808.12,extreme greed,5503.42512,extreme greed,4.955208710636394,extreme fear,1536.8002372231172,extreme greed,0.716286702887053,extreme fear,20.33,extreme fear,18.1236,extreme fear,1.5510954810642499,extreme fear,4.172578168114689,extreme fear
2024-10-28,60.85714285714287,greed,5823.52,extreme greed,5509.72776,extreme greed,4.746277436867589,extreme fear,1510.1250121336702,extreme greed,0.7105397858571002,extreme fear,19.8,extreme fear,18.2236,extreme fear,1.5435383490036703,extreme fear,5.734106739728368,extreme fear
2024-10-29,60.057142857142864,greed,5832.92,extreme greed,5516.244,extreme greed,4.476409818614649,extreme fear,1465.7013095050636,extreme greed,0.7086483125742864,extreme fear,19.34,extreme fear,18.3174,extreme fear,1.5320058258752705,extreme fear,5.5338779583569435,extreme fear
2024-10-30,57.2,greed,5813.67,extreme greed,5522.2397599999995,extreme greed,4.411558804906407,extreme fear,1425.5013432555738,extreme greed,0.7069194383673929,extreme fear,20.35,extreme fear,18.406799999999997,extreme fear,1.5390515784588603,extreme fear,5.046938022165362,extreme fear
2024-10-31,40.45714285714286,fear,5705.45,extreme greed,5526.86104,extreme greed,4.246408842681752,extreme fear,1365.5619333890597,extreme greed,0.7099041612476629,extreme fear,23.16,extreme fear,18.5446,extreme fear,1.53634566790384,extreme fear,1.2483683278174587,extreme fear
2024-11-01,50.48571428571429,neutral,5728.8,extreme greed,5531.2455199999995,extreme greed,3.949384771888018,extreme fear,1302.4376669187693,extreme greed,0.7210041855842042,extreme fear,21.88,extreme fear,18.6312,extreme fear,1.38472788448874,extreme fear,3.1080264425338724,extreme fear
2024-11-04,42.42857142857143,fear,5712.69,extreme greed,5535.44544,extreme greed,3.82152254415473,extreme fear,1250.6932755915825,extreme greed,0.7431290546422108,extreme fear,21.98,extreme fear,18.7536,extreme fear,1.5378185004800002,extreme fear,1.5250567146597986,extreme fear
2024-11-05,43.54285714285715,fear,5782.76,extreme greed,5540.20616,extreme greed,3.848946215165272,extreme fear,1236.6037386535581,extreme greed,0.7593615254494279,extreme fear,20.49,extreme fear,18.8404,extreme fear,1.5354633027,extreme fear,1.6282321733370995,extreme fear
2024-11-06,44.0,fear,5929.04,extreme greed,5545.92584,extreme greed,4.345609595926709,extreme fear,1240.296726254419,extreme greed,0.7478124174461406,extreme fear,16.27,extreme fear,18.8572,extreme fear,1.7589079770000002,extreme fear,5.292340117296882,extreme fear
2024-11-07,59.05714285714286,greed,5973.1,extreme greed,5551.9292000000005,extreme greed,4.699020911544451,extreme fear,1247.7184781364417,extreme greed,0.725740341674484,extreme fear,15.2,extreme fear,18.819,extreme fear,1.5140179309999995,extreme fear,4.715293157319173,extreme fear
2024-11-08,59.42857142857144,greed,5995.54,extreme greed,5558.12216,extreme greed,4.812823653872049,extreme fear,1253.245699320058,extreme greed,0.6995864862193619,extreme fear,14.94,extreme fear,18.8048,extreme fear,1.5324882617471898,extreme fear,3.9381044378639465,extreme fear
2024-11-11,66.6,greed,6001.35,extreme greed,5564.159519999999,extreme greed,5.107695817784931,extreme fear,1268.1514822034437,extreme greed,0.6460648035136287,extreme fear,14.97,extreme fear,18.804199999999998,extreme fear,1.53517758794183,extreme fear,5.607992770483944,extreme fear
2024-11-12,66.71428571428571,greed,5983.99,extreme greed,5569.56624,extreme greed,4.820706579341221,extreme fear,1252.1589350561396,extreme greed,0.6163035134141823,extreme fear,14.71,extreme fear,18.684,extreme fear,1.5280725005223297,extreme fear,5.600882070489739,extreme fear
2024-11-13,66.31428571428572,greed,5985.38,extreme greed,5575.07248,extreme greed,4.592675399242123,extreme fear,1232.6730513481396,extreme greed,0.6136072896617524,extreme fear,14.02,extreme fear,18.538,extreme fear,1.5048811142289695,extreme fear,5.204990879165694,extreme fear
2024-11-14,60.314285714285724,greed,5949.17,extreme greed,5580.23968,extreme greed,4.255620262036126,extreme fear,1202.0797820689672,extreme greed,0.6662529401620834,extreme fear,14.31,extreme fear,18.4262,extreme fear,1.4867906037256697,extreme fear,4.2654337866964624,extreme fear
2024-11-15,51.199999999999996,neutral,5870.62,extreme greed,5584.7396,extreme greed,3.894107620953591,extreme fear,1165.0695107832262,extreme greed,0.6876976823725888,extreme fear,16.14,extreme fear,18.3014,extreme fear,1.48275634933671,extreme fear,2.3276769409753353,extreme fear
2024-11-18,50.285714285714285,neutral,5893.62,extreme greed,5589.31728,extreme greed,3.790416935540587,extreme fear,1145.0700819926367,extreme greed,0.701729825779077,extreme fear,15.58,extreme fear,18.224,extreme fear,1.48275634933671,extreme fear,2.5108752248690887,extreme fear
2024-11-19,49.51428571428572,neutral,5916.98,extreme greed,5594.19704,extreme greed,3.7955185365801087,extreme fear,1125.7675250529414,extreme greed,0.714678042883754,extreme fear,16.35,extreme fear,18.1694,extreme fear,1.50492575096706,extreme fear,3.354047521453957,extreme fear
2024-11-20,49.51428571428572,neutral,5917.11,extreme greed,5599.391199999999,extreme greed,3.862140320068084,extreme fear,1112.1078197556851,extreme greed,0.7173539921417802,extreme fear,17.16,extreme fear,18.1588,extreme fear,1.5020333794430198,extreme fear,3.5481823624927284,extreme fear
2024-11-21,56.60000000000001,greed,5948.71,extreme greed,5604.54312,extreme greed,4.073985423710682,extreme fear,1129.7486211431242,extreme greed,0.6691392029532337,extreme fear,16.87,extreme fear,18.154799999999998,extreme fear,1.49103836497783,extreme fear,3.928285120472434,extreme fear
2024-11-22,60.71428571428572,greed,5969.34,extreme greed,5609.84952,extreme greed,4.405728261712448,extreme fear,1171.7966675531852,extreme greed,0.6385293196866668,extreme fear,15.24,extreme fear,18.1284,extreme fear,1.4827540837848903,extreme fear,3.666008191186326,extreme fear
2024-11-25,62.88571428571429,greed,5987.37,extreme greed,5615.61288,extreme greed,5.050629233911116,extreme fear,1225.622301395725,extreme greed,0.6226370980958025,extreme fear,14.6,extreme fear,18.0776,extreme fear,1.48240877054355,extreme fear,2.786280022803434,extreme fear
2024-11-26,65.91428571428573,greed,6021.63,extreme greed,5621.90208,extreme greed,5.25190726529018,extreme fear,1256.435541696287,extreme greed,0.6255058892899468,extreme fear,14.1,extreme fear,18.0074,extreme fear,1.48240877054355,extreme fear,3.788731356337675,extreme fear
2024-11-27,64.4,greed,5998.74,extreme greed,5627.67192,extreme greed,5.465423069758167,extreme fear,1289.2568029009235,extreme greed,0.6356477703665778,extreme fear,14.1,extreme fear,17.9248,extreme fear,1.5160583978123496,extreme fear,5.067612748093452,extreme fear
2024-11-29,65.0,greed,6032.38,extreme greed,5633.6637599999995,extreme greed,5.71995066271414,extreme fear,1323.6299043222798,extreme greed,0.6128330713889798,extreme fear,13.51,extreme fear,17.868399999999998,extreme fear,1.52429816421246,extreme fear,3.841619951863219,extreme fear
2024-12-02,65.31428571428572,greed,6047.15,extreme greed,5639.71024,extreme greed,5.916647338732131,extreme fear,1337.4490961977406,extreme greed,0.6196889257579751,extreme fear,13.34,extreme fear,17.8122,extreme fear,1.54459223880392,extreme fear,5.198015021700109,extreme fear
2024-12-03,59.57142857142858,greed,6049.88,extreme greed,5645.27704,extreme greed,6.047111477104842,extreme fear,1338.7937737960556,extreme greed,0.6432038699324057,extreme fear,13.3,extreme fear,17.7604,extreme fear,1.5889850801406398,extreme fear,4.315836842883155,extreme fear
2024-12-04,57.48571428571429,greed,6086.49,extreme greed,5651.145280000001,extreme greed,6.023864971585595,extreme fear,1329.4474479819492,extreme greed,0.6254969116183347,extreme fear,13.45,extreme fear,17.721600000000002,extreme fear,1.5726562914378197,extreme fear,0.9769941156724457,extreme fear
2024-12-05,54.91428571428572,neutral,6075.11,extreme greed,5656.970240000001,extreme greed,5.488290423132793,extreme fear,1314.077016449688,extreme greed,0.612329896037063,extreme fear,13.54,extreme fear,17.6842,extreme fear,1.58630382813991,extreme fear,0.8427405006119864,extreme fear
2024-12-06,52.142857142857146,neutral,6090.27,extreme greed,5662.80608,extreme greed,5.16070361515622,extreme fear,1295.3253443776412,extreme greed,0.6335027997313483,extreme fear,12.77,extreme fear,17.6322,extreme fear,1.58477593423898,extreme fear,0.47774656385818104,extreme fear
2024-12-09,49.25714285714287,neutral,6052.85,extreme greed,5668.226320000001,extreme greed,4.897937303426343,extreme fear,1279.0606078195633,extreme greed,0.629028829437517,extreme fear,14.19,extreme fear,17.576800000000002,extreme fear,1.5834499575763896,extreme fear,-0.05219190223193278,extreme fear
2024-12-10,46.971428571428575,neutral,6034.91,extreme greed,5673.137360000001,extreme greed,4.242479058204303,extreme fear,1244.6832050258643,extreme greed,0.6207151778476503,extreme fear,14.18,extreme fear,17.5258,extreme fear,1.57125309062073,extreme fear,-0.4923949521013238,extreme fear
2024-12-11,49.2,neutral,6084.19,extreme greed,5678.3409599999995,extreme greed,4.157189316951259,extreme fear,1211.8929905665161,extreme greed,0.6237283494000507,extreme fear,13.58,extreme fear,17.4122,extreme fear,1.56928357085995,extreme fear,0.4447781350190689,extreme fear
2024-12-12,47.114285714285714,neutral,6051.25,extreme greed,5683.29816,extreme greed,3.9402162451822895,extreme fear,1158.861891285045,extreme greed,0.6345515433022442,extreme fear,13.92,extreme fear,17.3126,extreme fear,1.5552280417161697,extreme fear,0.9538170857948591,extreme fear
2024-12-13,49.114285714285714,neutral,6051.09,extreme greed,5687.92104,extreme greed,3.7304126839496603,extreme fear,1095.840966619276,extreme greed,0.6425632009825153,extreme fear,13.81,extreme fear,17.179,extreme fear,1.5357068067955697,extreme fear,2.7598359239665413,extreme fear
2024-12-16,56.057142857142864,greed,6074.08,extreme greed,5692.61744,extreme greed,3.6341008095095,extreme fear,1027.9190335704907,extreme greed,0.6209350629909978,extreme fear,14.69,extreme fear,17.0886,extreme fear,1.4141693590846902,extreme fear,2.963779869639582,extreme fear
2024-12-17,51.4,neutral,6050.61,extreme greed,5697.23696,extreme greed,3.339297210242077,extreme fear,952.5112456994304,extreme greed,0.6291613768429342,extreme fear,15.87,extreme fear,16.9532,extreme fear,1.41710056432265,extreme fear,2.0134674658967504,extreme fear
2024-12-18,33.12857142857143,fear,5872.16,extreme greed,5700.4972800000005,extreme greed,2.9398435874377404,extreme fear,844.2677122030348,extreme greed,0.6421728749712847,extreme fear,27.62,fear,17.0772,extreme fear,1.4255244615792702,extreme fear,-0.07974461729685339,extreme fear
2024-12-19,19.514285714285716,extreme fear,5867.08,extreme greed,5703.85096,extreme greed,2.4123809419982294,extreme fear,741.7669769740063,extreme greed,0.6857381514548505,extreme fear,24.09,extreme fear,17.1418,extreme fear,1.5817740461370695,extreme fear,-0.26011663838011406,extreme fear
2024-12-20,27.600000000000005,fear,5930.85,extreme greed,5707.54336,extreme greed,1.8340337594248144,extreme fear,687.1429474844534,extreme greed,0.6910007238113167,extreme fear,18.36,extreme fear,17.0904,extreme fear,1.5805181027368393,extreme fear,0.2021488203500007,extreme fear
2024-12-23,30.142857142857146,fear,5974.07,extreme greed,5711.512720000001,extreme greed,1.1606144667369174,extreme fear,649.1343777325609,extreme greed,0.7167749406172035,extreme fear,16.78,extreme fear,17.0168,extreme fear,1.57810718758941,extreme fear,2.117457048682252,extreme fear
2024-12-24,34.51428571428571,fear,6040.04,extreme greed,5715.970079999999,extreme greed,0.2861983595009791,extreme fear,650.8012841469615,extreme greed,0.6991399074722175,extreme fear,14.27,extreme fear,16.9082,extreme fear,1.5657767302535104,extreme fear,2.387270467637,extreme fear
2024-12-26,34.17142857142857,fear,6037.59,extreme greed,5720.58696,extreme greed,0.007353048170750002,extreme fear,667.3443522117176,extreme greed,0.6946332960609889,extreme fear,14.73,extreme fear,16.79,extreme fear,1.5726483563215703,extreme fear,2.979626041258574,extreme fear
2024-12-27,33.82857142857143,fear,5970.84,extreme greed,5724.55296,extreme greed,-0.55050897545616,extreme fear,650.133716340102,extreme greed,0.6489460023693038,extreme fear,15.95,extreme fear,16.7174,extreme fear,1.5762067377674,extreme fear,2.0210131000879397,extreme fear
2024-12-30,28.6,fear,5906.94,extreme greed,5727.736400000001,extreme greed,-1.0774964480152478,extreme fear,611.2049111184399,extreme greed,0.6554812507947323,extreme fear,17.4,extreme fear,16.683200000000003,extreme fear,1.5604948358014703,extreme fear,-0.2004283014607016,extreme fear
2024-12-31,26.314285714285713,fear,5881.63,extreme greed,5730.49328,extreme greed,-1.3162846773098065,extreme fear,592.0703364128779,extreme greed,0.6521934051646687,extreme fear,17.35,extreme fear,16.6696,extreme fear,1.5808276376624095,extreme fear,-0.7183465292357246,extreme fear
2025-01-02,24.314285714285717,extreme fear,5868.55,extreme greed,5732.90416,extreme greed,-1.5294952945557563,extreme fear,580.7383670526568,extreme greed,0.679526165154671,extreme fear,17.93,extreme fear,16.6608,extreme fear,1.5630129175685397,extreme fear,-1.196030582981398,extreme fear
2025-01-03,28.885714285714283,fear,5942.47,extreme greed,5735.8611200000005,extreme greed,-1.6850023354356225,extreme fear,592.8896844667852,extreme greed,0.6746702037972139,extreme fear,16.13,extreme fear,16.6194,extreme fear,1.5538514775600296,extreme fear,0.2789797912353533,extreme fear
2025-01-06,33.77142857142857,fear,5975.38,extreme greed,5739.048319999999,extreme greed,-1.8276582001767288,extreme fear,609.4643183112473,extreme greed,0.6635341536169508,extreme fear,16.04,extreme fear,16.5554,extreme fear,1.5305228350160898,extreme fear,1.1081343493753337,extreme fear
2025-01-07,34.31428571428572,fear,5909.03,extreme greed,5741.24928,extreme greed,-1.9790548766098432,extreme fear,619.5702263899816,extreme greed,0.6522356641583885,extreme fear,17.82,extreme fear,16.5302,extreme fear,1.5075469989563501,extreme fear,0.6141537883242901,extreme fear
2025-01-08,31.914285714285718,fear,5918.25,extreme greed,5743.91896,extreme greed,-2.3592418743270955,extreme fear,619.1382643107646,extreme greed,0.688800907391571,extreme fear,17.7,extreme fear,16.4776,extreme fear,1.49241247836209,extreme fear,0.6568901794649841,extreme fear
2025-01-10,25.62857142857143,fear,5827.04,extreme greed,5745.612480000001,extreme greed,-2.7852982123552645,extreme fear,592.6701353300527,extreme greed,0.7065010732625057,extreme fear,19.54,extreme fear,16.4724,extreme fear,1.51106210989903,extreme fear,-1.120265068047707,extreme fear
2025-01-13,25.34285714285715,fear,5836.22,extreme greed,5747.25248,extreme greed,-3.3089778462043897,extreme fear,578.7140410826911,extreme greed,0.7373191804396508,extreme fear,19.19,extreme fear,16.4694,extreme fear,1.4985703332385003,extreme fear,-0.6703464555722211,extreme fear
2025-01-14,25.142857142857142,fear,5842.91,extreme greed,5748.65816,extreme greed,-3.317839595967416,extreme fear,591.0865262517761,extreme greed,0.7432596607606106,extreme fear,18.71,extreme fear,16.436600000000002,extreme fear,1.4985703332385003,extreme fear,-1.0064186946189324,extreme fear
2025-01-15,27.428571428571427,fear,5949.91,extreme greed,5751.55128,extreme greed,-3.0851653318583083,extreme fear,633.2733570706495,extreme greed,0.7460163611399171,extreme fear,16.12,extreme fear,16.2958,extreme fear,1.4985703332385003,extreme fear,-0.6639851331964836,extreme fear
2025-01-16,27.342857142857145,fear,5937.34,extreme greed,5754.69328,extreme greed,-2.887855296136298,extreme fear,685.3183347600415,extreme greed,0.7598206303070564,extreme fear,16.6,extreme fear,16.1902,extreme fear,1.50485035753131,extreme fear,-0.29403361090532787,extreme fear
2025-01-17,36.02857142857143,fear,5996.66,extreme greed,5758.62656,extreme greed,-2.5184182503040136,extreme fear,741.4944578840048,extreme greed,0.719982865946378,extreme fear,15.97,extreme fear,16.07,extreme fear,1.50485035753131,extreme fear,2.4725978734560816,extreme fear
2025-01-21,39.91428571428572,fear,6049.24,extreme greed,5762.5052,extreme greed,-1.9501833665232438,extreme fear,815.8854846799554,extreme greed,0.6880654172374139,extreme fear,15.06,extreme fear,15.961400000000001,extreme fear,1.50485035753131,extreme fear,2.684531846635793,extreme fear
2025-01-22,41.62857142857143,fear,6086.37,extreme greed,5766.75024,extreme greed,-1.3375719216735453,extreme fear,861.0499370172048,extreme greed,0.6824341644670624,extreme fear,15.1,extreme fear,15.938000000000002,extreme fear,1.50485035753131,extreme fear,2.788769884824415,extreme fear
2025-01-23,43.68571428571429,fear,6118.71,extreme greed,5772.28288,extreme greed,-0.949929001599217,extreme fear,916.608894893766,extreme greed,0.6773911666930919,extreme fear,15.02,extreme fear,15.9344,extreme fear,1.50222722622761,extreme fear,2.4331437566213197,extreme fear
2025-01-24,45.800000000000004,neutral,6101.24,extreme greed,5777.89904,extreme greed,-0.5677713613010893,extreme fear,970.3679042634914,extreme greed,0.6266956860938887,extreme fear,14.85,extreme fear,15.9326,extreme fear,1.4957963672759893,extreme fear,0.8419994471967984,extreme fear
2025-01-27,37.971428571428575,fear,6012.28,extreme greed,5782.32448,extreme greed,-0.3609396862760091,extreme fear,1018.766093530457,extreme greed,0.6506068948959041,extreme fear,17.9,extreme fear,15.991200000000001,extreme fear,1.4992873110444498,extreme fear,-1.093816019348139,extreme fear
2025-01-28,40.62857142857143,fear,6067.7,extreme greed,5787.15776,extreme greed,-0.17533673598465227,extreme fear,1053.522077782168,extreme greed,0.6435750951421962,extreme fear,16.41,extreme fear,16.025199999999998,extreme fear,1.5303936687570996,extreme fear,0.5808497515467116,extreme fear
2025-01-29,42.4,fear,6039.31,extreme greed,5791.9807200000005,extreme greed,0.1335881150013631,extreme fear,1076.9797093592529,extreme greed,0.6529059531813031,extreme fear,16.56,extreme fear,16.076,extreme fear,1.52183605848518,extreme fear,1.9792136180639845,extreme fear
2025-01-30,45.91428571428571,neutral,6071.17,extreme greed,5796.371679999999,extreme greed,0.6162990889374113,extreme fear,1117.9563129843407,extreme greed,0.6494450067177585,extreme fear,15.84,extreme fear,16.1066,extreme fear,1.5112612696232701,extreme fear,2.492927223708998,extreme fear
2025-01-31,43.771428571428565,fear,6040.53,extreme greed,5801.12248,extreme greed,0.7978039123247104,extreme fear,1123.2288175323868,extreme greed,0.6601487216793235,extreme fear,16.43,extreme fear,16.1124,extreme fear,1.51305666362508,extreme fear,2.367448868563848,extreme fear
2025-02-03,37.4,fear,5994.57,extreme greed,5806.30656,extreme greed,0.727459431647544,extreme fear,1107.2831875608538,extreme greed,0.6793667069460648,extreme fear,18.62,extreme fear,16.1732,extreme fear,1.5026914032367402,extreme fear,0.544388892868448,extreme fear
2025-02-04,37.142857142857146,fear,6037.88,extreme greed,5813.11896,extreme greed,0.791228961207088,extreme fear,1108.2493299803602,extreme greed,0.688960630477442,extreme fear,17.21,extreme fear,16.1904,extreme fear,1.4992869422375896,extreme fear,0.2442671317559132,extreme fear
2025-02-05,38.62857142857143,fear,6061.48,extreme greed,5819.690560000001,extreme greed,0.8640571725615784,extreme fear,1119.1182051591265,extreme greed,0.6821461743033105,extreme fear,15.77,extreme fear,16.1626,extreme fear,1.5057907712254606,extreme fear,0.7642282607216617,extreme fear
2025-02-06,39.68571428571429,fear,6083.57,extreme greed,5826.7631200000005,extreme greed,1.0139803947854986,extreme fear,1124.771940839465,extreme greed,0.6823219188856455,extreme fear,15.5,extreme fear,16.1352,extreme fear,1.5197487586136802,extreme fear,1.3300749172012052,extreme fear
2025-02-07,38.371428571428574,fear,6025.99,extreme greed,5832.41656,extreme greed,1.2174640103012646,extreme fear,1110.239061018086,extreme greed,0.6818364994472388,extreme fear,16.54,extreme fear,16.1612,extreme fear,1.5106319401466306,extreme fear,1.5273387553361124,extreme fear
2025-02-10,44.714285714285715,fear,6066.44,extreme greed,5838.194800000001,extreme greed,1.610090736124846,extreme fear,1109.4118055148147,extreme greed,0.6499564738734656,extreme fear,15.81,extreme fear,16.1854,extreme fear,1.5044906284019104,extreme fear,1.8958538598795447,extreme fear
2025-02-11,45.4,neutral,6068.5,extreme greed,5843.98768,extreme greed,2.035647046044196,extreme fear,1107.404164516019,extreme greed,0.6565555791473479,extreme fear,16.02,extreme fear,16.223799999999997,extreme fear,1.49576884459129,extreme fear,2.1306122191922405,extreme fear
2025-02-12,41.371428571428574,fear,6051.97,extreme greed,5848.928,extreme greed,2.0092777465905733,extreme fear,1094.0727765613071,extreme greed,0.6699769846002614,extreme fear,15.89,extreme fear,16.2596,extreme fear,1.49440255103913,extreme fear,1.689464947944948,extreme fear
2025-02-13,46.60000000000001,neutral,6115.07,extreme greed,5854.20688,extreme greed,2.001944688104216,extreme fear,1104.1089802605418,extreme greed,0.6749386362409382,extreme fear,15.1,extreme fear,16.2914,extreme fear,1.47870855467927,extreme fear,2.440185154772598,extreme fear
2025-02-14,43.68571428571429,fear,6114.63,extreme greed,5858.77816,extreme greed,2.0525728828445855,extreme fear,1109.9186162157632,extreme greed,0.6538467941573728,extreme fear,14.77,extreme fear,16.32,extreme fear,1.4997979083290696,extreme fear,1.1280541727393196,extreme fear
2025-02-18,46.800000000000004,neutral,6129.58,extreme greed,5863.380800000001,extreme greed,1.9921662735776773,extreme fear,1132.6250921883602,extreme greed,0.6384538486704345,extreme fear,15.35,extreme fear,16.361,extreme fear,1.5054264535192998,extreme fear,1.3848794366412651,extreme fear
2025-02-19,47.628571428571426,neutral,6144.15,extreme greed,5867.668,extreme greed,1.7653958640107166,extreme fear,1146.9411036578915,extreme greed,0.6316355299249768,extreme fear,15.27,extreme fear,16.397399999999998,extreme fear,1.4858158701513704,extreme fear,0.5886227801119054,extreme fear
2025-02-20,44.228571428571435,fear,6117.52,extreme greed,5871.8312000000005,extreme greed,1.590592782074866,extreme fear,1154.4869316995077,extreme greed,0.6235687124654975,extreme fear,15.66,extreme fear,16.4398,extreme fear,1.4952516531820301,extreme fear,-0.8295782897319519,extreme fear
2025-02-21,36.971428571428575,fear,6013.13,extreme greed,5874.96944,extreme greed,1.4065014816788655,extreme fear,1132.8803647451855,extreme greed,0.6418379559079375,extreme fear,18.21,extreme fear,16.5486,extreme fear,1.49647295410993,extreme fear,-2.6538140967530577,extreme fear
2025-02-24,29.542857142857144,fear,5983.25,extreme greed,5878.2703200000005,extreme greed,1.1463675398899449,extreme fear,1108.3215508971443,extreme greed,0.6856582356038532,extreme fear,18.98,extreme fear,16.644399999999997,extreme fear,1.5175614603981196,extreme fear,-1.2959923591381084,extreme fear
2025-02-25,24.199999999999996,extreme fear,5955.25,extreme greed,5880.83544,extreme greed,0.9805786625389014,extreme fear,1081.2433528457136,extreme greed,0.72781724480409,extreme fear,19.43,extreme fear,16.7494,extreme fear,1.5232633089841796,extreme fear,-3.4003295545890793,extreme fear
2025-02-26,21.25714285714286,extreme fear,5956.06,extreme greed,5883.5492,extreme greed,0.770022426696048,extreme fear,1058.0086209889116,extreme greed,0.7388598257739613,extreme fear,19.1,extreme fear,16.8598,extreme fear,1.5489205789681104,extreme fear,-3.348039295519611,extreme fear
2025-02-27,12.757142857142858,extreme fear,5861.57,extreme greed,5885.43536,extreme greed,0.4872796055449022,extreme fear,1020.6173494308582,extreme greed,0.7817447047644326,extreme fear,21.13,extreme fear,17.004,extreme fear,1.5419704345461298,extreme fear,-5.065606901287192,extreme fear
2025-02-28,20.657142857142855,extreme fear,5954.5,extreme greed,5888.33392,extreme greed,0.13373515834962557,extreme fear,1009.7869038329429,extreme greed,0.7969350185682341,extreme fear,19.63,extreme fear,17.120400000000004,extreme fear,1.52829796276414,extreme fear,-3.732798891271483,extreme fear
2025-03-03,12.342857142857143,extreme fear,5849.72,extreme greed,5890.396,extreme greed,-0.16048981356728262,extreme fear,971.4834645659938,extreme greed,0.8052953807619831,extreme fear,22.78,extreme fear,17.2822,extreme fear,1.52829796276414,extreme fear,-5.114405383852669,extreme fear
2025-03-04,11.042857142857143,extreme fear,5778.15,extreme greed,5891.434,extreme greed,-0.4915046197530399,extreme fear,911.0324074145939,extreme greed,0.820596348482686,extreme fear,23.51,extreme fear,17.435,extreme fear,1.52829796276414,extreme fear,-6.356370238755718,extreme fear
2025-03-05,11.514285714285714,extreme fear,5842.63,extreme greed,5893.9436,extreme greed,-0.6421987551760704,extreme fear,883.8066629212445,extreme greed,0.8254112591682631,extreme fear,21.93,extreme fear,17.321199999999997,extreme fear,1.52829796276414,extreme fear,-4.545618578240844,extreme fear
2025-03-06,17.2,extreme fear,5738.52,extreme greed,5895.6912,extreme greed,-0.8534544834024979,extreme fear,840.9457796184133,extreme greed,0.8152505048390426,extreme fear,24.87,extreme fear,17.336799999999997,extreme fear,1.4425213811741597,extreme fear,-6.69058128555959,extreme fear
2025-03-07,17.642857142857146,extreme fear,5770.2,extreme greed,5897.825519999999,extreme greed,-1.032394164680028,extreme fear,820.4786486268999,extreme greed,0.8089919385784402,extreme fear,23.37,extreme fear,17.437,extreme fear,1.4460223353700599,extreme fear,-5.530538711843097,extreme fear
2025-03-10,17.071428571428573,extreme fear,5614.56,extreme greed,5899.47464,extreme greed,-1.2185963341190562,extreme fear,775.8103263025498,extreme greed,0.8062948399797415,extreme fear,27.86,fear,17.6586,extreme fear,1.4357774002804295,extreme fear,-9.36342132195678,extreme fear
2025-03-11,15.114285714285716,extreme fear,5572.07,extreme greed,5900.2828,extreme greed,-1.49482623819001,extreme fear,730.6042448465779,extreme greed,0.8011982125974495,extreme fear,26.92,fear,17.9116,extreme fear,1.46686452593816,extreme fear,-10.123449980948237,extreme fear
2025-03-12,15.914285714285715,extreme fear,5599.3,extreme greed,5901.11304,extreme greed,-1.695765577250325,extreme fear,692.9053873838263,extreme greed,0.815799049750142,extreme fear,24.23,extreme fear,18.101599999999998,extreme fear,1.4555713145857296,extreme fear,-9.752872277564688,extreme fear
2025-03-13,15.185714285714287,extreme fear,5521.52,extreme greed,5900.85216,extreme greed,-1.970802608708235,extreme fear,638.7101014890096,extreme greed,0.834479850667624,extreme fear,24.66,extreme fear,18.2758,extreme fear,1.4555713145857296,extreme fear,-11.589352534380303,extreme fear
2025-03-14,22.057142857142857,extreme fear,5638.94,extreme greed,5901.1975999999995,extreme greed,-2.126284953267227,extreme fear,633.7606202733579,extreme greed,0.830013494777171,extreme fear,21.77,extreme fear,18.363200000000003,extreme fear,1.4555713145857296,extreme fear,-8.933835789951372,extreme fear
2025-03-17,22.571428571428573,extreme fear,5675.12,extreme greed,5901.590399999999,extreme greed,-2.196219968826175,extreme fear,667.6291269402608,extreme greed,0.8213212485920636,extreme fear,20.51,extreme fear,18.4264,extreme fear,1.4555713145857296,extreme fear,-9.176705092620617,extreme fear
2025-03-18,22.228571428571428,extreme fear,5614.66,extreme greed,5901.44296,extreme greed,-2.2699760041500183,extreme fear,689.0967363630081,extreme greed,0.7969285185833483,extreme fear,21.7,extreme fear,18.5018,extreme fear,1.4632580540749798,extreme fear,-10.583925587891898,extreme fear
2025-03-19,21.599999999999998,extreme fear,5675.29,extreme greed,5901.76864,extreme greed,-2.3018932054889625,extreme fear,732.9464654651762,extreme greed,0.7842597528177044,extreme fear,19.9,extreme fear,18.5772,extreme fear,1.4749229330667504,extreme fear,-9.340955734723726,extreme fear
2025-03-20,21.685714285714287,extreme fear,5662.89,extreme greed,5902.125680000001,extreme greed,-2.3231530713442283,extreme fear,758.2726971867213,extreme greed,0.7835923114026221,extreme fear,19.8,extreme fear,18.6524,extreme fear,1.4813222928899596,extreme fear,-7.476299690423467,extreme fear
2025-03-21,22.685714285714287,extreme fear,5667.56,extreme greed,5901.75704,extreme greed,-2.388044588290353,extreme fear,764.8415019005204,extreme greed,0.7756344261469111,extreme fear,19.28,extreme fear,18.6816,extreme fear,1.47512887488635,extreme fear,-6.751982749440946,extreme fear
2025-03-24,25.400000000000002,fear,5767.57,extreme greed,5902.2771999999995,extreme greed,-2.2817746227030136,extreme fear,800.223911276487,extreme greed,0.7601264034102257,extreme fear,17.48,extreme fear,18.6772,extreme fear,1.4703092348188298,extreme fear,-3.2197539913474267,extreme fear
2025-03-25,29.285714285714285,fear,5776.65,extreme greed,5902.74184,extreme greed,-2.189680353930299,extreme fear,824.7497987009664,extreme greed,0.7682710220910699,extreme fear,17.15,extreme fear,18.629399999999997,extreme fear,1.4316288407016196,extreme fear,-2.9396474780074784,extreme fear
2025-03-26,28.88571428571429,fear,5712.2,extreme greed,5902.576,extreme greed,-2.1560347777327644,extreme fear,836.923965649423,extreme greed,0.7824384827280644,extreme fear,18.33,extreme fear,18.6122,extreme fear,1.4383801324014303,extreme fear,-2.371961911177481,extreme fear
2025-03-27,28.342857142857145,fear,5693.31,extreme greed,5902.344399999999,extreme greed,-2.077791468519431,extreme fear,836.2990000193398,extreme greed,0.7627686017793082,extreme fear,18.69,extreme fear,18.611800000000002,extreme fear,1.4412762348300494,extreme fear,-3.554050310247858,extreme fear
2025-03-28,26.371428571428574,fear,5580.94,extreme greed,5901.02896,extreme greed,-2.128695790873735,extreme fear,799.770557696023,extreme greed,0.7937183280451258,extreme fear,21.65,extreme fear,18.7224,extreme fear,1.4449649565168503,extreme fear,-4.571406292676976,extreme fear
2025-03-31,21.114285714285717,extreme fear,5611.85,extreme greed,5900.0184,extreme greed,-2.379486682015503,extreme fear,780.0487601150899,extreme greed,0.8387906528940221,extreme fear,22.28,extreme fear,18.836,extreme fear,1.4891915310299202,extreme fear,-3.366683650062974,extreme fear
2025-04-01,19.571428571428573,extreme fear,5633.07,extreme greed,5898.98312,extreme greed,-2.1611179421950326,extreme fear,772.0392519526467,extreme greed,0.8543969552467123,extreme fear,21.77,extreme fear,18.952,extreme fear,1.49842750352474,extreme fear,-4.689983406352426,extreme fear
2025-04-02,22.599999999999998,extreme fear,5670.97,extreme greed,5898.680880000001,extreme greed,-2.177251686553511,extreme fear,788.9578073884818,extreme greed,0.8561092291278672,extreme fear,21.51,extreme fear,19.081,extreme fear,1.48989885615054,extreme fear,-2.2955451860757243,extreme fear
2025-04-03,12.142857142857142,extreme fear,5396.52,extreme greed,5896.1767199999995,extreme greed,-2.9901386280949036,extreme fear,765.3403982703558,extreme greed,0.9077382510446995,extreme fear,30.02,fear,19.379399999999997,extreme fear,1.4861958526591397,extreme fear,-8.65758119728722,extreme fear
2025-04-04,5.385714285714286,extreme fear,5074.08,extreme greed,5891.16984,extreme greed,-4.770530314492268,extreme fear,702.340017018422,extreme greed,0.9456791959499897,extreme fear,45.31,neutral,19.9852,extreme fear,1.54585364237034,extreme fear,-11.497412229064382,extreme fear
2025-04-07,4.0,extreme fear,5062.25,extreme greed,5885.65928,extreme greed,-6.672269822375933,extreme fear,632.0352913396154,extreme greed,0.9538410863885854,extreme fear,46.98,neutral,20.627799999999997,extreme fear,1.6056531884236196,extreme fear,-10.09396010732008,extreme fear
2025-04-08,2.9,extreme fear,4982.77,extreme greed,5879.95392,extreme greed,-7.562676140198463,extreme fear,535.155574094137,extreme greed,0.9929180890148233,extreme fear,52.33,neutral,21.316399999999998,extreme fear,1.6056531884236196,extreme fear,-11.692846738967834,extreme fear
2025-04-09,9.5,extreme fear,5456.9,extreme greed,5877.600079999999,extreme greed,-8.72975645978826,extreme fear,502.2314563435127,extreme greed,0.9969374855817273,extreme fear,33.62,fear,21.6606,extreme fear,1.5359898956242797,extreme fear,-1.2197412377480414,extreme fear
2025-04-10,5.614285714285715,extreme fear,5268.05,extreme greed,5873.40816,extreme greed,-8.62368351458733,extreme fear,439.45958932579674,extreme greed,0.9893272099261949,extreme fear,40.72,fear,22.143800000000002,extreme fear,1.52663429388874,extreme fear,-6.341705094555637,extreme fear
2025-04-11,8.385714285714286,extreme fear,5363.36,extreme greed,5870.07464,extreme greed,-8.982458656891541,extreme fear,419.09802311204146,extreme greed,0.916080533093006,extreme fear,37.56,fear,22.578200000000002,extreme fear,1.50447248865219,extreme fear,-4.618074799063249,extreme fear
2025-04-14,12.342857142857143,extreme fear,5405.97,extreme greed,5866.802159999999,extreme greed,-9.088985621458614,extreme fear,432.78396241778694,extreme greed,0.8915472178988917,extreme fear,30.89,fear,22.867399999999996,extreme fear,1.49142744842507,extreme fear,-3.199041655639682,extreme fear
2025-04-15,13.114285714285716,extreme fear,5396.63,extreme greed,5863.096399999999,extreme greed,-9.124519702946554,extreme fear,444.3228598827157,extreme greed,0.8643402218460643,extreme fear,30.12,fear,23.097400000000004,extreme fear,1.4870054782450897,extreme fear,-4.455509603896975,extreme fear
2025-04-16,11.142857142857142,extreme fear,5275.7,extreme greed,5858.77992,extreme greed,-9.178028050480004,extreme fear,434.43706882050805,extreme greed,0.9030865269059948,extreme fear,32.64,fear,23.406,extreme fear,1.4892718930044604,extreme fear,-6.653154590831031,extreme fear
2025-04-17,16.057142857142857,extreme fear,5282.7,extreme greed,5854.301759999999,extreme greed,-9.217289527783235,extreme fear,456.4506681969309,extreme greed,0.861317117020042,extreme fear,29.65,fear,23.683600000000002,extreme fear,1.5096437362025101,extreme fear,-6.333203926539614,extreme fear
2025-04-21,12.371428571428572,extreme fear,5158.2,extreme greed,5848.8356,extreme greed,-9.250387494133815,extreme fear,441.18242433091893,extreme greed,0.8955232150807276,extreme fear,33.82,fear,24.05,extreme fear,1.4782348485081802,extreme fear,-10.145055043709045,extreme fear
2025-04-22,13.600000000000003,extreme fear,5287.76,extreme greed,5844.220319999999,extreme greed,-9.255505851165843,extreme fear,470.68048238113835,extreme greed,0.879149863082698,extreme fear,30.57,fear,24.330600000000004,extreme fear,1.4782348485081802,extreme fear,-7.993294521668691,extreme fear
2025-04-23,21.542857142857144,extreme fear,5375.86,extreme greed,5840.39536,extreme greed,-9.266208615337122,extreme fear,518.1685845879055,extreme greed,0.8625682665700811,extreme fear,28.45,fear,24.583399999999997,extreme fear,1.4782348485081802,extreme fear,-5.80069343450913,extreme fear
2025-04-24,24.08571428571429,extreme fear,5484.77,extreme greed,5837.46392,extreme greed,-9.225242004573285,extreme fear,591.8639815669618,extreme greed,0.8217822319130758,extreme fear,26.47,fear,24.792399999999997,extreme fear,1.4782348485081802,extreme fear,-4.132591153173006,extreme fear
2025-04-25,34.51428571428572,fear,5525.21,extreme greed,5835.28624,extreme greed,-9.112820319395333,extreme fear,654.2839877209575,extreme greed,0.797365194334094,extreme fear,24.84,extreme fear,24.971400000000003,extreme fear,1.440512,extreme fear,-1.0095188181027026,extreme fear
2025-04-28,32.142857142857146,fear,5528.75,extreme greed,5833.03736,extreme greed,-8.891773101389987,extreme fear,728.9884517400877,extreme greed,0.7805606898220688,extreme fear,25.15,fear,25.172399999999996,fear,1.46314144939688,extreme fear,-1.7380661633077628,extreme fear
2025-04-29,32.74285714285714,fear,5560.83,extreme greed,5831.05904,extreme greed,-8.439914565632035,extreme fear,805.6777958045566,extreme greed,0.7900317358069155,extreme fear,24.17,extreme fear,25.3604,fear,1.4719048672699102,extreme fear,-1.756538840514441,extreme fear
2025-04-30,32.371428571428574,fear,5569.06,extreme greed,5829.02336,extreme greed,-8.2057206002933,extreme fear,862.196435158,extreme greed,0.8019647394224634,extreme fear,24.7,extreme fear,25.547400000000003,fear,1.47383098094871,extreme fear,-2.4264529715889527,extreme fear
2025-05-01,41.25714285714287,fear,5604.14,extreme greed,5827.193119999999,extreme greed,-8.061787970423168,extreme fear,912.2941247679187,extreme greed,0.7832351858310262,extreme fear,24.6,extreme fear,25.734,fear,1.4732866177619404,extreme fear,4.882394256508938,extreme fear
2025-05-02,38.28571428571429,fear,5686.67,extreme greed,5826.17712,extreme greed,-7.103913769089379,extreme fear,989.709435582639,extreme greed,0.7832231927851611,extreme fear,22.68,extreme fear,25.8744,fear,1.5616946878662004,extreme fear,14.0871743986925,extreme fear
2025-05-05,53.057142857142864,neutral,5650.38,extreme greed,5825.736559999999,extreme greed,-5.2128696212100465,extreme fear,1040.6071663584007,extreme greed,0.785756909188269,extreme fear,23.64,extreme fear,25.982999999999997,fear,1.4128866828126,extreme fear,12.729673547485648,extreme fear
2025-05-06,54.65714285714286,neutral,5606.91,extreme greed,5824.76144,extreme greed,-3.1461359138271106,extreme fear,1074.5998492949477,extreme greed,0.7874241348011635,extreme fear,24.76,extreme fear,26.098599999999998,fear,1.4128866828126,extreme fear,12.746732894224767,extreme fear
2025-05-07,54.142857142857146,neutral,5631.28,extreme greed,5824.11016,extreme greed,-1.9754732512618105,extreme fear,1107.2354312765897,extreme greed,0.7543741667857453,extreme fear,23.55,extreme fear,26.181000000000004,fear,1.41580488321889,extreme fear,2.7951911950941737,extreme fear
2025-05-08,57.65714285714286,greed,5663.94,extreme greed,5823.1596,extreme greed,-0.5592113741978375,extreme fear,1156.1993452340885,extreme greed,0.7404294691895684,extreme fear,22.48,extreme fear,26.248599999999996,fear,1.426155682447,extreme fear,7.385285789475161,extreme fear
2025-05-09,60.02857142857143,greed,5659.91,extreme greed,5821.006560000001,extreme greed,-0.297760541123389,extreme fear,1206.1197660390026,extreme greed,0.7301035443744706,extreme fear,21.9,extreme fear,26.264,fear,1.3942980486941503,extreme fear,4.671740205411912,extreme fear
2025-05-12,64.4857142857143,greed,5844.19,extreme greed,5819.97528,extreme greed,0.2567284238692413,extreme fear,1276.6375233231158,extreme greed,0.7039322461641095,extreme fear,18.39,extreme fear,26.2392,fear,1.3942980486941503,extreme fear,8.701420073294425,extreme fear
2025-05-13,68.2,greed,5886.55,extreme greed,5819.10336,extreme greed,0.3935538550992676,extreme fear,1347.0803481718744,extreme greed,0.6703171018066046,extreme fear,18.22,extreme fear,26.148000000000003,fear,1.34703167289257,extreme fear,10.119390370498296,extreme fear
2025-05-14,70.4,greed,5892.58,extreme greed,5818.233200000001,extreme greed,0.4648348903173527,extreme fear,1393.8779727574406,extreme greed,0.6504563368598266,extreme fear,18.62,extreme fear,26.0502,fear,1.3357354677576996,extreme fear,13.471980806467911,extreme fear
2025-05-15,69.14285714285714,greed,5916.93,extreme greed,5817.69672,extreme greed,0.6238020514748245,extreme fear,1438.3281434705516,extreme greed,0.6712259018371556,extreme fear,17.83,extreme fear,25.968199999999996,fear,1.32836396773385,extreme fear,12.983899086138873,extreme fear
2025-05-16,70.60000000000001,greed,5958.38,extreme greed,5817.4807200000005,extreme greed,0.8099989934271993,extreme fear,1499.3460548311336,extreme greed,0.6576008909751422,extreme fear,17.24,extreme fear,25.8156,fear,1.3630881609618,extreme fear,15.832661501614453,extreme fear
2025-05-19,69.74285714285715,greed,5963.6,extreme greed,5817.59616,extreme greed,1.073453494262032,extreme fear,1541.6724688794718,extreme greed,0.6685423659642298,extreme fear,18.14,extreme fear,25.711,fear,1.3630504407698696,extreme fear,13.262222822597789,extreme fear
2025-05-20,69.17142857142858,greed,5940.46,extreme greed,5818.15488,extreme greed,1.1880869949311321,extreme fear,1565.3658114594186,extreme greed,0.6690472470347607,extreme fear,18.09,extreme fear,25.5156,fear,1.3660398038083998,extreme fear,11.304014332143854,extreme fear
2025-05-21,66.22857142857143,greed,5844.61,extreme greed,5817.7627999999995,extreme greed,1.1631568734695272,extreme fear,1541.0877007061724,extreme greed,0.6980745846934985,extreme fear,20.87,extreme fear,25.3946,fear,1.35329908240552,extreme fear,8.428988390244388,extreme fear
2025-05-22,66.8,greed,5842.01,extreme greed,5817.16304,extreme greed,1.077468088851789,extreme fear,1513.7739340015687,extreme greed,0.6854375808766469,extreme fear,20.28,extreme fear,25.3156,fear,1.3280436361528196,extreme fear,7.68369952637174,extreme fear
2025-05-23,64.08571428571429,greed,5802.82,extreme greed,5816.2487200000005,extreme greed,1.0488403769138457,extreme fear,1483.3602237371924,extreme greed,0.7166165229867001,extreme fear,22.29,extreme fear,25.2682,fear,1.34745508535528,extreme fear,7.066316005400734,extreme fear
2025-05-27,65.74285714285715,greed,5921.54,extreme greed,5816.031359999999,extreme greed,1.1675329776697363,extreme fear,1489.0491930107985,extreme greed,0.7030673422329674,extreme fear,18.96,extreme fear,25.212000000000003,fear,1.34745508535528,extreme fear,8.47639214562275,extreme fear
2025-05-28,64.74285714285715,greed,5888.55,extreme greed,5815.38504,extreme greed,1.224557277825183,extreme fear,1467.7008691195963,extreme greed,0.7078855284172118,extreme fear,19.31,extreme fear,25.188000000000002,fear,1.34745508535528,extreme fear,8.07997546833811,extreme fear
2025-05-29,64.45714285714287,greed,5912.17,extreme greed,5814.78344,extreme greed,1.2889272606075208,extreme fear,1457.8699074905871,extreme greed,0.6988431214603749,extreme fear,19.18,extreme fear,25.137600000000003,fear,1.3570003665011403,extreme fear,6.745491178318108,extreme fear
2025-05-30,61.91428571428571,greed,5911.69,extreme greed,5813.90392,extreme greed,1.2906671547119908,extreme fear,1442.3931637391925,extreme greed,0.7059871385475441,extreme fear,18.57,extreme fear,25.111,fear,1.3650676313247594,extreme fear,4.143668974939731,extreme fear
2025-06-02,62.42857142857144,greed,5935.94,extreme greed,5813.40152,extreme greed,1.3037612981281839,extreme fear,1426.8803300217542,extreme greed,0.70440216658941,extreme fear,18.36,extreme fear,25.082199999999997,fear,1.37504129245443,extreme fear,5.820459611266338,extreme fear
2025-06-03,54.57142857142857,neutral,5970.37,extreme greed,5812.90544,extreme greed,1.3563421605904185,extreme fear,1430.9445255446553,extreme greed,0.7074352792207306,extreme fear,17.69,extreme fear,25.0504,fear,1.4778449588946503,extreme fear,7.629246249429633,extreme fear
2025-06-04,54.88571428571429,neutral,5970.81,extreme greed,5812.29472,extreme greed,1.4952348583066453,extreme fear,1424.408164465388,extreme greed,0.7069507422223209,extreme fear,17.61,extreme fear,25.053,fear,1.47163143280409,extreme fear,6.713362282956267,extreme fear
2025-06-05,57.97142857142858,greed,5939.3,extreme greed,5811.41008,extreme greed,1.588134088392308,extreme fear,1412.8842617403147,extreme greed,0.7181422582237935,extreme fear,18.48,extreme fear,25.0796,fear,1.4182122160084798,extreme fear,5.071184323270999,extreme fear
2025-06-06,61.77142857142858,greed,6000.36,extreme greed,5810.72104,extreme greed,1.6483181892858434,extreme fear,1428.4233242440303,extreme greed,0.709836201620738,extreme fear,16.77,extreme fear,25.0484,fear,1.4071096994704602,extreme fear,7.083743475158753,extreme fear
2025-06-09,63.42857142857143,greed,6005.88,extreme greed,5810.1672,extreme greed,1.7237486804092963,extreme fear,1449.00354548098,extreme greed,0.6864156164802809,extreme fear,17.16,extreme fear,25.017799999999998,fear,1.38387924680397,extreme fear,2.953224314649452,extreme fear
2025-06-10,64.0,greed,6038.81,extreme greed,5809.75552,extreme greed,1.643409058525499,extreme fear,1478.7738564211138,extreme greed,0.6752643845684091,extreme fear,16.95,extreme fear,24.9238,extreme fear,1.39483105239607,extreme fear,2.556601813376081,extreme fear
2025-06-11,64.2,greed,6022.24,extreme greed,5809.5106399999995,extreme greed,1.6254410667752561,extreme fear,1498.2048297511856,extreme greed,0.6606932442662765,extreme fear,17.26,extreme fear,24.823399999999996,extreme fear,1.3979341513410397,extreme fear,1.4125179564358772,extreme fear
2025-06-12,64.6,greed,6045.26,extreme greed,5809.59344,extreme greed,1.6590625138849533,extreme fear,1511.688401733377,extreme greed,0.6558747004139229,extreme fear,18.02,extreme fear,24.748399999999997,extreme fear,1.4017824935746805,extreme fear,1.5020534702725592,extreme fear
2025-06-13,59.54285714285715,greed,5976.97,extreme greed,5808.735680000001,extreme greed,1.551878064032127,extreme fear,1494.0563260988529,extreme greed,0.6418954773554765,extreme fear,20.82,extreme fear,24.7346,extreme fear,1.42651944776754,extreme fear,0.1200714415157835,extreme fear
2025-06-16,61.114285714285714,greed,6033.11,extreme greed,5808.590560000001,extreme greed,1.4845056928573834,extreme fear,1494.9456861277868,extreme greed,0.6637702125112643,extreme fear,19.11,extreme fear,24.516399999999997,extreme fear,1.41076055214137,extreme fear,0.892204871133387,extreme fear
2025-06-17,57.42857142857144,greed,5982.72,extreme greed,5808.0436,extreme greed,1.3559846257662735,extreme fear,1467.856701894898,extreme greed,0.7075828285127835,extreme fear,21.6,extreme fear,24.042199999999998,extreme fear,1.3914278031942902,extreme fear,-0.18932535755377963,extreme fear
2025-06-18,54.285714285714285,neutral,5980.87,extreme greed,5807.29792,extreme greed,1.251981486048848,extreme fear,1445.448581148672,extreme greed,0.7331401471371313,extreme fear,20.14,extreme fear,23.505399999999998,extreme fear,1.41455463642279,extreme fear,0.7189259391877402,extreme fear
2025-06-20,54.51428571428573,neutral,5967.84,extreme greed,5806.63576,extreme greed,1.2804235977177971,extreme fear,1423.2501146018597,extreme greed,0.7207366957048987,extreme fear,20.62,extreme fear,22.871199999999998,extreme fear,1.4120216380075004,extreme fear,0.6843597859794036,extreme fear
2025-06-23,56.60000000000001,greed,6025.17,extreme greed,5807.85984,extreme greed,1.378412984958719,extreme fear,1413.3688475021133,extreme greed,0.7494497719539563,extreme fear,19.83,extreme fear,22.595399999999998,extreme fear,1.4072902423483802,extreme fear,2.3591505060821647,extreme fear
2025-06-24,57.885714285714286,greed,6092.18,extreme greed,5809.660640000001,extreme greed,1.504522671155557,extreme fear,1422.5150231692555,extreme greed,0.746307660894624,extreme fear,17.48,extreme fear,22.130600000000005,extreme fear,1.40350435101632,extreme fear,1.4532526177948484,extreme fear
2025-06-25,59.25714285714286,greed,6092.16,extreme greed,5810.95112,extreme greed,1.4019358681558172,extreme fear,1400.470451817384,extreme greed,0.7037917531165265,extreme fear,16.76,extreme fear,21.7146,extreme fear,1.4078852533940305,extreme fear,1.8150612611493415,extreme fear
2025-06-26,63.00000000000001,greed,6141.02,extreme greed,5812.28672,extreme greed,1.4711765116356268,extreme fear,1408.5090293548244,extreme greed,0.6870532898119086,extreme fear,16.59,extreme fear,21.428600000000003,extreme fear,1.4002718070107,extreme fear,2.276199257934417,extreme fear
2025-06-27,64.8,greed,6173.07,extreme greed,5813.350960000001,extreme greed,1.5936049651006379,extreme fear,1415.5127510343143,extreme greed,0.6802651023044851,extreme fear,16.32,extreme fear,21.152599999999996,extreme fear,1.40082726304303,extreme fear,3.4071722497501367,extreme fear
2025-06-30,69.22857142857143,greed,6204.95,extreme greed,5814.68984,extreme greed,1.73134526901597,extreme fear,1429.3635249499162,extreme greed,0.6405769399932545,extreme fear,16.73,extreme fear,20.834400000000002,extreme fear,1.3894942206630596,extreme fear,2.3015157075500525,extreme fear
2025-07-01,67.54285714285714,greed,6198.01,extreme greed,5816.5072,extreme greed,1.8528060551555905,extreme fear,1459.0652582670257,extreme greed,0.6247510582248712,extreme fear,16.83,extreme fear,20.578000000000003,extreme fear,1.4035387072096999,extreme fear,2.0954431424728277,extreme fear
2025-07-02,63.714285714285715,greed,6227.42,extreme greed,5819.071039999999,extreme greed,1.961917839180464,extreme fear,1502.780645566275,extreme greed,0.6182428316359947,extreme fear,16.64,extreme fear,20.2344,extreme fear,1.5236899056487807,extreme fear,3.535008384846364,extreme fear
2025-07-03,77.62857142857145,extreme greed,6279.35,extreme greed,5822.252800000001,extreme greed,2.160876939641173,extreme fear,1556.7985030109705,extreme greed,0.6077723074389187,extreme fear,16.38,extreme fear,19.950599999999998,extreme fear,1.35456021187952,extreme fear,4.870740261470493,extreme fear
2025-07-07,75.08571428571429,extreme greed,6229.98,extreme greed,5825.1442400000005,extreme greed,2.2146594729369307,extreme fear,1575.0097097194941,extreme greed,0.6216016654358667,extreme fear,17.79,extreme fear,19.7374,extreme fear,1.34299181325983,extreme fear,2.6103117224835524,extreme fear
2025-07-08,74.62857142857142,greed,6225.52,extreme greed,5827.408640000001,extreme greed,2.223590997327067,extreme fear,1597.9295126410075,extreme greed,0.6317559693405992,extreme fear,16.81,extreme fear,19.5442,extreme fear,1.3262248060930397,extreme fear,2.762066104356577,extreme fear
2025-07-09,75.91428571428571,extreme greed,6263.26,extreme greed,5829.71168,extreme greed,2.2387472448622834,extreme fear,1617.006507605094,extreme greed,0.6268711548443602,extreme fear,15.94,extreme fear,19.366200000000003,extreme fear,1.3262248060930397,extreme fear,2.431500652036126,extreme fear
2025-07-10,76.97142857142856,extreme greed,6280.46,extreme greed,5832.68312,extreme greed,2.3813118705151046,extreme fear,1646.9046589726854,extreme greed,0.6281286107860468,extreme fear,15.78,extreme fear,19.178800000000003,extreme fear,1.3262248060930397,extreme fear,3.498376135557988,extreme fear
2025-07-11,75.25714285714285,extreme greed,6259.75,extreme greed,5835.41512,extreme greed,2.387135734151468,extreme fear,1649.7620659353292,extreme greed,0.6394962516582613,extreme fear,16.4,extreme fear,19.0234,extreme fear,1.3262248060930397,extreme fear,3.624136836094803,extreme fear
2025-07-14,76.11428571428573,extreme greed,6268.56,extreme greed,5838.947279999999,extreme greed,2.418663360552969,extreme fear,1654.0442615482004,extreme greed,0.6265250237353623,extreme fear,17.2,extreme fear,18.8734,extreme fear,1.3262248060930397,extreme fear,4.670569899379952,extreme fear
2025-07-15,73.4857142857143,greed,6243.76,extreme greed,5842.2076,extreme greed,2.5180850974392195,extreme fear,1625.0253785300183,extreme greed,0.6271387648702197,extreme fear,17.38,extreme fear,18.729,extreme fear,1.3262248060930397,extreme fear,3.633294250450142,extreme fear
2025-07-16,72.94285714285715,greed,6263.7,extreme greed,5845.57392,extreme greed,2.472258839286302,extreme fear,1608.6210937230924,extreme greed,0.6395417475045544,extreme fear,17.16,extreme fear,18.6186,extreme fear,1.3262248060930397,extreme fear,5.086278647901688,extreme fear
2025-07-17,74.17142857142858,greed,6297.36,extreme greed,5848.353520000001,extreme greed,2.655811927066489,extreme fear,1611.0234994194302,extreme greed,0.6444002176785947,extreme fear,16.52,extreme fear,18.4762,extreme fear,1.3262248060930397,extreme fear,5.820515385089532,extreme fear
2025-07-18,73.94285714285715,greed,6296.79,extreme greed,5851.22912,extreme greed,2.769876111871943,extreme fear,1605.903071242402,extreme greed,0.6382050478651922,extreme fear,16.41,extreme fear,18.309199999999997,extreme fear,1.3262248060930397,extreme fear,5.911480178348679,extreme fear
2025-07-21,73.28571428571429,greed,6305.6,extreme greed,5853.700640000001,extreme greed,2.8567328857146457,extreme fear,1594.221460486105,extreme greed,0.6363511069842467,extreme fear,16.65,extreme fear,18.171200000000002,extreme fear,1.3262248060930397,extreme fear,4.987355463907229,extreme fear
2025-07-22,73.88571428571429,greed,6309.62,extreme greed,5855.7836800000005,extreme greed,2.96191295057213,extreme fear,1608.417800806818,extreme greed,0.6348226845877122,extreme fear,16.5,extreme fear,18.0516,extreme fear,1.31185909588033,extreme fear,3.92012923113229,extreme fear
2025-07-23,76.3714285714286,extreme greed,6358.91,extreme greed,5857.964000000001,extreme greed,3.1006305901242555,extreme fear,1640.4918965393197,extreme greed,0.6269921097791871,extreme fear,15.37,extreme fear,17.921000000000003,extreme fear,1.31185909588033,extreme fear,5.15874297091506,extreme fear
2025-07-24,75.25714285714287,extreme greed,6363.35,extreme greed,5859.92112,extreme greed,3.2358247261216757,extreme fear,1647.0818420854412,extreme greed,0.6355161989103426,extreme fear,15.39,extreme fear,17.861,extreme fear,1.31185909588033,extreme fear,4.883075832635131,extreme fear
2025-07-25,74.65714285714286,greed,6388.64,extreme greed,5862.22032,extreme greed,3.243459624153512,extreme fear,1658.8021456594859,extreme greed,0.6500899931727159,extreme fear,14.93,extreme fear,17.7952,extreme fear,1.31185909588033,extreme fear,4.341569269505655,extreme fear
2025-07-28,73.8,greed,6389.77,extreme greed,5865.240239999999,extreme greed,3.168117866166557,extreme fear,1645.341955447668,extreme greed,0.6452995554508542,extreme fear,15.03,extreme fear,17.723399999999998,extreme fear,1.31185909588033,extreme fear,4.35806393333816,extreme fear
2025-07-29,70.62857142857143,greed,6370.86,extreme greed,5867.6655200000005,extreme greed,3.12129427624454,extreme fear,1621.402674906616,extreme greed,0.6532600931619177,extreme fear,15.98,extreme fear,17.6864,extreme fear,1.3148745353159097,extreme fear,3.003510387336754,extreme fear
2025-07-30,68.02857142857142,greed,6362.9,extreme greed,5870.254239999999,extreme greed,2.979092849200817,extreme fear,1574.3080707431495,extreme greed,0.6647293338092346,extreme fear,15.48,extreme fear,17.6512,extreme fear,1.3148745353159097,extreme fear,2.5440550961753545,extreme fear
2025-07-31,63.714285714285715,greed,6339.39,extreme greed,5872.4,extreme greed,2.795855582265179,extreme fear,1512.0928810567239,extreme greed,0.6754560239379339,extreme fear,16.72,extreme fear,17.622799999999998,extreme fear,1.3148745353159097,extreme fear,0.9236243683392859,extreme fear
2025-08-01,49.800000000000004,neutral,6238.01,extreme greed,5873.97984,extreme greed,2.342521227429215,extreme fear,1433.1912493147793,extreme greed,0.7050530083430913,extreme fear,20.38,extreme fear,17.6686,extreme fear,1.3148745353159097,extreme fear,-1.160105912636466,extreme fear
2025-08-04,56.885714285714286,greed,6329.94,extreme greed,5876.662800000001,extreme greed,2.2328850811631544,extreme fear,1393.4555594155995,extreme greed,0.7288202036148809,extreme fear,17.52,extreme fear,17.6016,extreme fear,1.3148745353159097,extreme fear,0.15931814932482885,extreme fear
2025-08-05,55.028571428571425,greed,6299.19,extreme greed,5878.75328,extreme greed,2.181455119801592,extreme fear,1361.0878188963723,extreme greed,0.7429813758644973,extreme fear,17.85,extreme fear,17.553,extreme fear,1.3148745353159097,extreme fear,-0.32862779674949555,extreme fear
2025-08-06,55.314285714285724,greed,6345.06,extreme greed,5881.02192,extreme greed,2.095756065836284,extreme fear,1325.772312114362,extreme greed,0.7418370602568222,extreme fear,16.77,extreme fear,17.4426,extreme fear,1.3148745353159097,extreme fear,0.14328100236439112,extreme fear
2025-08-07,54.71428571428572,neutral,6340.0,extreme greed,5883.07336,extreme greed,1.9817745893917642,extreme fear,1293.4201396215813,extreme greed,0.7312384648757299,extreme fear,16.57,extreme fear,17.394799999999996,extreme fear,1.3148745353159097,extreme fear,0.07960759343466559,extreme fear
2025-08-08,58.37142857142857,greed,6389.45,extreme greed,5885.98104,extreme greed,1.972846017963193,extreme fear,1263.84913991608,extreme greed,0.7000101550559621,extreme fear,15.15,extreme fear,17.311600000000002,extreme fear,1.3148745353159097,extreme fear,0.8261259093253595,extreme fear
2025-08-11,57.628571428571426,greed,6373.45,extreme greed,5888.43712,extreme greed,1.886033833598979,extreme fear,1225.232918662056,extreme greed,0.6834183057844634,extreme fear,16.25,extreme fear,17.253,extreme fear,1.3148745353159097,extreme fear,0.6411618292420217,extreme fear
2025-08-12,62.25714285714286,greed,6445.76,extreme greed,5891.455199999999,extreme greed,2.0193566674815138,extreme fear,1222.2567311743746,extreme greed,0.6678887896260539,extreme fear,14.73,extreme fear,17.1762,extreme fear,1.3148745353159097,extreme fear,1.6522586015395044,extreme fear
2025-08-13,63.34285714285714,greed,6466.58,extreme greed,5894.77208,extreme greed,2.366170066077595,extreme fear,1246.031747173559,extreme greed,0.6547693122036418,extreme fear,14.49,extreme fear,17.098799999999997,extreme fear,1.31364746304993,extreme fear,1.033990643997294,extreme fear
2025-08-14,63.25714285714287,greed,6468.54,extreme greed,5897.59984,extreme greed,2.3089870596576967,extreme fear,1242.6169518130803,extreme greed,0.6596223581585011,extreme fear,14.83,extreme fear,17.041600000000003,extreme fear,1.31364746304993,extreme fear,1.687975835760365,extreme fear
2025-08-15,63.54285714285715,greed,6449.8,extreme greed,5900.2812,extreme greed,2.237551535901957,extreme fear,1234.8787780229152,extreme greed,0.6427929680551843,extreme fear,15.09,extreme fear,16.991200000000003,extreme fear,1.31364746304993,extreme fear,1.8371184887110377,extreme fear
2025-08-18,64.2,greed,6449.15,extreme greed,5902.837759999999,extreme greed,2.2075760334748824,extreme fear,1230.9384949128357,extreme greed,0.6302281303151067,extreme fear,14.99,extreme fear,16.921400000000002,extreme fear,1.31364746304993,extreme fear,2.1684577099506277,extreme fear
2025-08-19,59.88571428571429,greed,6411.37,extreme greed,5904.975520000001,extreme greed,2.1680082332687847,extreme fear,1225.7968296183872,extreme greed,0.6322368473391294,extreme fear,15.57,extreme fear,16.8974,extreme fear,1.31364746304993,extreme fear,0.12118683026907731,extreme fear
2025-08-20,55.91428571428572,greed,6395.78,extreme greed,5907.2016,extreme greed,1.983319071047355,extreme fear,1221.478996221072,extreme greed,0.6672794825969757,extreme fear,15.69,extreme fear,16.868,extreme fear,1.31364746304993,extreme fear,-0.4854999683592554,extreme fear
2025-08-21,52.60000000000001,neutral,6370.17,extreme greed,5910.05792,extreme greed,1.839072454301628,extreme fear,1215.0472268243075,extreme greed,0.6931988973092815,extreme fear,16.6,extreme fear,16.861,extreme fear,1.31364746304993,extreme fear,-0.7402402657640705,extreme fear
2025-08-22,55.54285714285715,greed,6466.91,extreme greed,5913.9272,extreme greed,2.0295465332556644,extreme fear,1248.3713206123643,extreme greed,0.7038944678135091,extreme fear,14.22,extreme fear,16.8002,extreme fear,1.31364746304993,extreme fear,0.029039716392149917,extreme fear
2025-08-25,53.942857142857136,neutral,6439.32,extreme greed,5917.79976,extreme greed,2.0808307218790945,extreme fear,1258.0218959597746,extreme greed,0.7136282121216085,extreme fear,14.79,extreme fear,16.7356,extreme fear,1.31364746304993,extreme fear,0.6821671888602312,extreme fear
2025-08-26,55.4,greed,6465.94,extreme greed,5921.8787999999995,extreme greed,2.1983958325472197,extreme fear,1267.3702756012556,extreme greed,0.7040904508287693,extreme fear,14.62,extreme fear,16.6116,extreme fear,1.31364746304993,extreme fear,0.62107193567321,extreme fear
2025-08-27,59.11428571428572,greed,6481.4,extreme greed,5926.83744,extreme greed,2.3747297616264893,extreme fear,1290.9115927025348,extreme greed,0.6714456837332679,extreme fear,14.85,extreme fear,16.5264,extreme fear,1.31364746304993,extreme fear,1.1771740063111558,extreme fear
2025-08-28,64.42857142857143,greed,6501.86,extreme greed,5931.21632,extreme greed,2.5989669893162057,extreme fear,1309.1525095284735,extreme greed,0.6404745625072213,extreme fear,14.43,extreme fear,16.383,extreme fear,1.31364746304993,extreme fear,3.826031708191375,extreme fear
2025-08-29,61.542857142857144,greed,6460.26,extreme greed,5936.100640000001,extreme greed,2.898050258987711,extreme fear,1325.2910552054116,extreme greed,0.637424383934795,extreme fear,15.36,extreme fear,16.2874,extreme fear,1.31364746304993,extreme fear,1.87639389899061,extreme fear
2025-09-02,62.45714285714286,greed,6415.54,extreme greed,5941.1997599999995,extreme greed,2.92610750340642,extreme fear,1323.189077131235,extreme greed,0.6517672644316022,extreme fear,17.17,extreme fear,16.2184,extreme fear,1.27102237573829,extreme fear,2.1473703590948716,extreme fear
2025-09-03,61.371428571428574,greed,6448.26,extreme greed,5946.0448,extreme greed,2.9543912992975336,extreme fear,1313.7821568845693,extreme greed,0.6540984166272363,extreme fear,16.35,extreme fear,16.1488,extreme fear,1.27102237573829,extreme fear,1.5247820886444203,extreme fear
2025-09-04,61.17142857142858,greed,6502.08,extreme greed,5952.15328,extreme greed,3.0485771788174825,extreme fear,1319.902058386159,extreme greed,0.6704231678091407,extreme fear,15.3,extreme fear,16.1052,extreme fear,1.27102237573829,extreme fear,1.8964383786781964,extreme fear
2025-09-05,58.68571428571429,greed,6481.5,extreme greed,5957.843680000001,extreme greed,3.295522458513158,extreme fear,1330.736996433725,extreme greed,0.6694992779240574,extreme fear,15.18,extreme fear,16.073600000000003,extreme fear,1.27102237573829,extreme fear,0.12843850558021744,extreme fear
2025-09-08,58.228571428571435,greed,6495.15,extreme greed,5964.8884,extreme greed,3.4331097825994195,extreme fear,1334.8022480480386,extreme greed,0.6764486052807392,extreme fear,15.11,extreme fear,16.044,extreme fear,1.27102237573829,extreme fear,0.3060617561576003,extreme fear
2025-09-09,57.942857142857136,greed,6512.61,extreme greed,5972.41272,extreme greed,3.5771713961498723,extreme fear,1331.4367604139982,extreme greed,0.6653188344295694,extreme fear,15.04,extreme fear,16.0184,extreme fear,1.27102237573829,extreme fear,-0.31025337271104425,extreme fear
2025-09-10,57.94285714285714,greed,6532.04,extreme greed,5979.87464,extreme greed,3.5718409057447547,extreme fear,1321.2881341194707,extreme greed,0.6607004973744613,extreme fear,15.35,extreme fear,15.9908,extreme fear,1.27102237573829,extreme fear,-0.30285877987263016,extreme fear
2025-09-11,60.34285714285715,greed,6587.47,extreme greed,5988.402239999999,extreme greed,3.5998621493872,extreme fear,1340.3162145277881,extreme greed,0.6515780817664341,extreme fear,14.71,extreme fear,15.9484,extreme fear,1.27102237573829,extreme fear,0.04968132640067527,extreme fear
2025-09-12,61.34285714285714,greed,6584.29,extreme greed,5995.96504,extreme greed,3.6782908381361743,extreme fear,1338.4804678230557,extreme greed,0.629671288171654,extreme fear,14.76,extreme fear,15.910800000000002,extreme fear,1.27102237573829,extreme fear,0.3350130122682385,extreme fear
2025-09-15,64.45714285714287,greed,6615.28,extreme greed,6003.48632,extreme greed,3.8482050105970353,extreme fear,1339.851435207666,extreme greed,0.6013130252091373,extreme fear,15.69,extreme fear,15.897,extreme fear,1.27102237573829,extreme fear,0.6516754492998815,extreme fear
2025-09-16,64.37142857142858,greed,6606.76,extreme greed,6011.42312,extreme greed,3.9336091219241633,extreme fear,1332.7643068292275,extreme greed,0.5834162418198805,extreme fear,16.36,extreme fear,15.8684,extreme fear,1.27102237573829,extreme fear,0.9458753490505241,extreme fear
2025-09-17,63.77142857142858,greed,6600.35,extreme greed,6018.8236,extreme greed,4.077644998623205,extreme fear,1329.857657555072,extreme greed,0.5894734749532986,extreme fear,15.72,extreme fear,15.8466,extreme fear,1.27102237573829,extreme fear,1.4771337505643463,extreme fear
2025-09-18,66.54285714285714,greed,6631.96,extreme greed,6026.57616,extreme greed,4.242453588042015,extreme fear,1340.737232631773,extreme greed,0.5689265052221576,extreme fear,15.7,extreme fear,15.8418,extreme fear,1.27102237573829,extreme fear,2.4127307496123365,extreme fear
2025-09-19,66.22857142857144,greed,6664.36,extreme greed,6034.55056,extreme greed,4.391284734469823,extreme fear,1333.9548766409955,extreme greed,0.5687572423633256,extreme fear,15.45,extreme fear,15.8352,extreme fear,1.27102237573829,extreme fear,1.934706069838197,extreme fear
2025-09-22,66.51428571428572,greed,6693.75,extreme greed,6041.96,extreme greed,4.217150194164108,extreme fear,1326.6444890434175,extreme greed,0.5814757684648443,extreme fear,16.1,extreme fear,15.8292,extreme fear,1.27102237573829,extreme fear,2.8542340938537394,extreme fear
2025-09-23,56.771428571428565,greed,6656.92,extreme greed,6049.00216,extreme greed,4.32295891653482,extreme fear,1323.2029089762252,extreme greed,0.5901373750107128,extreme fear,16.64,extreme fear,15.818,extreme fear,1.3519134199000797,extreme fear,1.8640876198863077,extreme fear
2025-09-24,54.57142857142857,neutral,6637.97,extreme greed,6056.40832,extreme greed,4.149791718372333,extreme fear,1308.344523161745,extreme greed,0.5872358050775908,extreme fear,16.18,extreme fear,15.793999999999999,extreme fear,1.3519134199000797,extreme fear,1.7357677519549,extreme fear
2025-09-25,50.65714285714286,neutral,6604.72,extreme greed,6063.699600000001,extreme greed,3.870272358727199,extreme fear,1275.3516580880118,extreme greed,0.613539996426135,extreme fear,16.74,extreme fear,15.785599999999999,extreme fear,1.3490564817662003,extreme fear,1.3507719894247006,extreme fear
2025-09-26,51.28571428571428,neutral,6643.7,extreme greed,6072.20168,extreme greed,3.746213690087281,extreme fear,1270.1697314563958,extreme greed,0.6266994681678689,extreme fear,15.29,extreme fear,15.761,extreme fear,1.3490564817662003,extreme fear,2.4830337117729497,extreme fear
2025-09-29,50.97142857142857,neutral,6661.21,extreme greed,6080.59656,extreme greed,3.718660308966941,extreme fear,1265.4758471458397,extreme greed,0.6261504481198913,extreme fear,16.12,extreme fear,15.7552,extreme fear,1.3490564817662003,extreme fear,2.6332467457349256,extreme fear
2025-09-30,51.40000000000001,neutral,6688.46,extreme greed,6089.039680000001,extreme greed,3.778366505235985,extreme fear,1260.0211933732494,extreme greed,0.6314484196403737,extreme fear,16.28,extreme fear,15.7478,extreme fear,1.34473359607217,extreme fear,2.860944110305245,extreme fear
2025-10-01,52.48571428571428,neutral,6711.2,extreme greed,6097.3615199999995,extreme greed,3.8696164644253974,extreme fear,1260.6061296427797,extreme greed,0.619588269044134,extreme fear,16.29,extreme fear,15.743599999999999,extreme fear,1.34473359607217,extreme fear,2.822870312787842,extreme fear
2025-10-02,54.54285714285715,neutral,6715.35,extreme greed,6107.91216,extreme greed,3.872683877214506,extreme fear,1256.5629356299014,extreme greed,0.5967595582965914,extreme fear,16.63,extreme fear,15.768799999999999,extreme fear,1.34473359607217,extreme fear,3.5831034194604725,extreme fear
2025-10-03,52.57142857142857,neutral,6715.79,extreme greed,6121.04584,extreme greed,3.799259207251253,extreme fear,1265.1985836759432,extreme greed,0.5949516599898138,extreme fear,16.65,extreme fear,15.793999999999999,extreme fear,1.3711257750231804,extreme fear,3.813377236163279,extreme fear
2025-10-06,53.971428571428575,neutral,6740.28,extreme greed,6134.47008,extreme greed,3.866850895199837,extreme fear,1270.9936142759248,extreme greed,0.5871650429335893,extreme fear,16.37,extreme fear,15.822799999999999,extreme fear,1.3711257750231804,extreme fear,4.007927289876499,extreme fear
2025-10-07,51.857142857142854,neutral,6714.59,extreme greed,6148.32464,extreme greed,3.8196661838360213,extreme fear,1255.6187077655572,extreme greed,0.5832565489027094,extreme fear,17.24,extreme fear,15.867,extreme fear,1.3711257750231804,extreme fear,3.3551207023751264,extreme fear
2025-10-08,52.942857142857136,neutral,6753.72,extreme greed,6158.6992,extreme greed,3.7869775410826576,extreme fear,1245.3645861541722,extreme greed,0.5820169814019108,extreme fear,16.3,extreme fear,15.873400000000002,extreme fear,1.3711257750231804,extreme fear,3.245361672205911,extreme fear
2025-10-09,48.62857142857143,neutral,6735.11,extreme greed,6170.43568,extreme greed,3.489686479570249,extreme fear,1215.6159914458751,extreme greed,0.5913562079761394,extreme fear,16.43,extreme fear,15.8924,extreme fear,1.3711257750231804,extreme fear,2.7794946805063914,extreme fear
2025-10-10,30.14285714285714,fear,6552.51,extreme greed,6179.94888,extreme greed,3.200239967057682,extreme fear,1151.4808114806276,extreme greed,0.6159218153979593,extreme fear,21.66,extreme fear,15.9912,extreme fear,1.37257093349216,extreme fear,-0.9632223076905237,extreme fear
2025-10-13,29.74285714285714,fear,6654.72,extreme greed,6189.938880000001,extreme greed,2.969790123065839,extreme fear,1126.9508413903475,extreme greed,0.6284279488330975,extreme fear,19.03,extreme fear,15.964199999999998,extreme fear,1.41485344831436,extreme fear,0.9924148655939763,extreme fear
2025-10-14,28.285714285714285,fear,6644.31,extreme greed,6199.92032,extreme greed,2.848608312652115,extreme fear,1122.8562751993475,extreme greed,0.6267190946494268,extreme fear,20.81,extreme fear,16.03,extreme fear,1.41383063164807,extreme fear,0.5164699472375424,extreme fear
2025-10-15,27.41428571428571,fear,6671.06,extreme greed,6211.0832,extreme greed,2.8171761142797958,extreme fear,1124.9268120058434,extreme greed,0.6328537441054193,extreme fear,20.64,extreme fear,16.0858,extreme fear,1.41506012714116,extreme fear,0.245258567273791,extreme fear
2025-10-16,23.114285714285717,extreme fear,6629.07,extreme greed,6221.85416,extreme greed,2.6888908877497806,extreme fear,1101.1538219383415,extreme greed,0.6523645653466048,extreme fear,25.31,fear,16.256600000000002,extreme fear,1.3929671401137802,extreme fear,-1.3854530965385576,extreme fear
2025-10-17,22.32857142857143,extreme fear,6664.01,extreme greed,6233.90064,extreme greed,2.454938230871949,extreme fear,1084.5192102189715,extreme greed,0.6618500581806599,extreme fear,20.78,extreme fear,16.3408,extreme fear,1.41023610820614,extreme fear,-1.3103381816023485,extreme fear
2025-10-20,29.85714285714286,fear,6735.13,extreme greed,6245.479600000001,extreme greed,2.380394127258724,extreme fear,1099.6733017803613,extreme greed,0.6759797085147399,extreme fear,18.23,extreme fear,16.4024,extreme fear,1.4127122440265094,extreme fear,0.40751856353586374,extreme fear
2025-10-21,28.542857142857148,fear,6735.35,extreme greed,6256.355519999999,extreme greed,2.193169475684472,extreme fear,1109.2066712945325,extreme greed,0.6872702125482578,extreme fear,17.87,extreme fear,16.4348,extreme fear,1.4127122440265094,extreme fear,0.2665162280609069,extreme fear
2025-10-22,26.37142857142857,fear,6699.4,extreme greed,6266.0725600000005,extreme greed,2.1879452963762476,extreme fear,1105.8158387884366,extreme greed,0.7064869539682447,extreme fear,18.6,extreme fear,16.512199999999996,extreme fear,1.4129349925190597,extreme fear,-0.002898721507674576,extreme fear
2025-10-23,27.571428571428573,fear,6738.44,extreme greed,6275.778399999999,extreme greed,2.3599493519364154,extreme fear,1116.167024854356,extreme greed,0.6971357196199232,extreme fear,17.3,extreme fear,16.5684,extreme fear,1.4156655641176499,extreme fear,0.2896839803705633,extreme fear
2025-10-24,32.45714285714286,fear,6791.69,extreme greed,6285.88192,extreme greed,2.460391068133759,extreme fear,1136.9011203643338,extreme greed,0.6669328227994596,extreme fear,16.37,extreme fear,16.5992,extreme fear,1.4069460414505104,extreme fear,1.037804344697446,extreme fear
2025-10-27,37.34285714285715,fear,6875.16,extreme greed,6296.39656,extreme greed,2.5179335074194826,extreme fear,1164.1147089031037,extreme greed,0.6510586878565643,extreme fear,15.79,extreme fear,16.6132,extreme fear,1.4021313374805298,extreme fear,1.8158096171171034,extreme fear
2025-10-28,39.34285714285714,fear,6890.89,extreme greed,6306.971199999999,extreme greed,2.4705728789001062,extreme fear,1170.694582508391,extreme greed,0.6341681031579967,extreme fear,16.42,extreme fear,16.6418,extreme fear,1.3974503157308902,extreme fear,1.6239810760898747,extreme fear
2025-10-29,42.114285714285714,fear,6890.59,extreme greed,6317.2628,extreme greed,2.339731081542926,extreme fear,1158.2614048682453,extreme greed,0.6201564153585074,extreme fear,16.92,extreme fear,16.6688,extreme fear,1.3964910474193695,extreme fear,2.3350973012437946,extreme fear
2025-10-30,37.05714285714286,fear,6822.34,extreme greed,6326.3481600000005,extreme greed,2.119957091691234,extreme fear,1129.725338915902,extreme greed,0.6221159675201375,extreme fear,16.91,extreme fear,16.6932,extreme fear,1.3769004972281895,extreme fear,1.1823149826952035,extreme fear
2025-10-31,34.45714285714286,fear,6840.2,extreme greed,6335.86672,extreme greed,1.788484707065031,extreme fear,1114.3458144582055,extreme greed,0.6307069861425244,extreme fear,17.44,extreme fear,16.71,extreme fear,1.3697061604660505,extreme fear,0.7726341951553338,extreme fear
2025-11-03,32.6,fear,6851.97,extreme greed,6345.827200000001,extreme greed,1.4586186226134215,extreme fear,1092.7986119132313,extreme greed,0.6509003426033317,extreme fear,17.17,extreme fear,16.769000000000002,extreme fear,1.3573960923507704,extreme fear,1.9768970373472836,extreme fear
2025-11-04,20.94285714285714,extreme fear,6771.55,extreme greed,6354.94936,extreme greed,1.2078013813503203,extreme fear,1050.0112527376011,extreme greed,0.6794286033389159,extreme fear,19.0,extreme fear,16.8532,extreme fear,1.5160266472365693,extreme fear,0.1043164524995465,extreme fear
2025-11-05,23.057142857142857,extreme fear,6796.29,extreme greed,6364.00816,extreme greed,1.0432561983075186,extreme fear,1027.0747642107074,extreme greed,0.6872520554846557,extreme fear,18.01,extreme fear,16.921,extreme fear,1.3874246605093703,extreme fear,1.1030873976655546,extreme fear
2025-11-06,24.342857142857145,extreme fear,6720.32,extreme greed,6372.49144,extreme greed,0.8680530952709393,extreme fear,996.2344827709483,extreme greed,0.6950760264678086,extreme fear,19.5,extreme fear,17.014,extreme fear,1.36726306122035,extreme fear,2.9077293615007727,extreme fear
2025-11-07,20.428571428571427,extreme fear,6728.8,extreme greed,6379.56832,extreme greed,0.8746057698275012,extreme fear,990.8630865195436,extreme greed,0.7113477545082904,extreme fear,19.08,extreme fear,17.107,extreme fear,1.3880437039490698,extreme fear,1.4957626762856382,extreme fear
2025-11-10,29.942857142857143,fear,6832.43,extreme greed,6387.13536,extreme greed,0.9843553035672217,extreme fear,997.8143780667147,extreme greed,0.6955716363200629,extreme fear,17.6,extreme fear,17.1518,extreme fear,1.3827803980440299,extreme fear,3.5748284760369975,extreme fear
2025-11-11,30.457142857142856,fear,6846.61,extreme greed,6394.7676,extreme greed,1.1413116792752875,extreme fear,1020.1399841683774,extreme greed,0.6833008669165117,extreme fear,17.28,extreme fear,17.154,extreme fear,1.3686641733312799,extreme fear,2.922693097123082,extreme fear
2025-11-12,34.57142857142858,fear,6850.92,extreme greed,6402.239519999999,extreme greed,1.1401934434761318,extreme fear,1043.741376977759,extreme greed,0.6688946662662708,extreme fear,17.51,extreme fear,17.1772,extreme fear,1.3641503902809402,extreme fear,4.099580664254287,extreme fear
2025-11-13,24.542857142857144,extreme fear,6737.49,extreme greed,6408.4724,extreme greed,1.0324957033631375,extreme fear,1035.6433983750317,extreme greed,0.668952914073859,extreme fear,20.0,extreme fear,17.2712,extreme fear,1.37379580861315,extreme fear,1.9733875766331752,extreme fear
2025-11-14,22.057142857142853,extreme fear,6734.11,extreme greed,6414.636479999999,extreme greed,0.918752594083563,extreme fear,1016.5159724402882,extreme greed,0.6677471857108689,extreme fear,19.83,extreme fear,17.3642,extreme fear,1.3689544582716102,extreme fear,1.214196631524878,extreme fear
2025-11-17,11.642857142857142,extreme fear,6672.41,extreme greed,6420.49208,extreme greed,0.6098208549855576,extreme fear,966.5162023045333,extreme greed,0.70579485784975,extreme fear,22.38,extreme fear,17.5096,extreme fear,1.3637497484908099,extreme fear,0.3704656106659592,extreme fear
2025-11-18,8.9,extreme fear,6617.32,extreme greed,6426.673760000001,extreme greed,0.28205344682991085,extreme fear,934.3178961043075,extreme greed,0.7354020833018707,extreme fear,24.69,extreme fear,17.7026,extreme fear,1.37045533212364,extreme fear,-0.11519208671090989,extreme fear
2025-11-19,7.857142857142857,extreme fear,6642.16,extreme greed,6433.07496,extreme greed,0.023427273887606827,extreme fear,893.8930813174187,extreme greed,0.7658585610093449,extreme fear,23.66,extreme fear,17.8688,extreme fear,1.3775646344699202,extreme fear,-0.5560682155498564,extreme fear
2025-11-20,5.171428571428572,extreme fear,6538.76,extreme greed,6438.962479999999,extreme greed,-0.31614398755172624,extreme fear,827.3094921816335,extreme greed,0.8093616913680556,extreme fear,26.42,fear,18.103,extreme fear,1.3729458718200596,extreme fear,-3.0009620418004257,extreme fear
2025-11-21,5.6571428571428575,extreme fear,6602.99,extreme greed,6444.4140800000005,extreme greed,-0.6693925842353832,extreme fear,804.7311757011394,extreme greed,0.8230824241665813,extreme fear,23.43,extreme fear,18.2764,extreme fear,1.3793090409619901,extreme fear,-3.514524170385665,extreme fear
2025-11-24,13.685714285714285,extreme fear,6705.12,extreme greed,6450.94664,extreme greed,-0.8582979688430263,extreme fear,794.3647460212006,extreme greed,0.8004527957774998,extreme fear,20.52,extreme fear,18.373,extreme fear,1.3854182448115802,extreme fear,-2.4020185258764193,extreme fear
2025-11-25,15.028571428571428,extreme fear,6765.88,extreme greed,6457.776319999999,extreme greed,-0.8166084079673402,extreme fear,815.4736071951302,extreme greed,0.7934567567979536,extreme fear,18.56,extreme fear,18.417,extreme fear,1.3888516859991595,extreme fear,-2.4452537492178084,extreme fear
2025-11-26,17.657142857142862,extreme fear,6812.61,extreme greed,6464.983679999999,extreme greed,-0.6606313656056262,extreme fear,852.7529045673205,extreme greed,0.783085858113318,extreme fear,17.19,extreme fear,18.446399999999997,extreme fear,1.3921047496137804,extreme fear,-0.9132197930093493,extreme fear
2025-11-28,21.771428571428572,extreme fear,6849.09,extreme greed,6472.28888,extreme greed,-0.403878237968317,extreme fear,907.2490370578995,extreme greed,0.7068518819612702,extreme fear,16.35,extreme fear,18.459400000000002,extreme fear,1.3958340274874101,extreme fear,-0.4303458780851317,extreme fear
2025-12-01,22.085714285714285,extreme fear,6812.63,extreme greed,6479.02696,extreme greed,-0.20208639059184724,extreme fear,940.5575824338969,extreme greed,0.68460861506902,extreme fear,17.24,extreme fear,18.4952,extreme fear,1.3782090560360796,extreme fear,-0.6381383337972595,extreme fear
2025-12-02,23.257142857142856,extreme fear,6829.37,extreme greed,6485.89544,extreme greed,-0.048196895156406,extreme fear,957.1405761206598,extreme greed,0.6759783475571861,extreme fear,16.59,extreme fear,18.505,extreme fear,1.4661925544421306,extreme fear,0.7315987375242738,extreme fear
2025-12-03,24.771428571428572,extreme fear,6849.72,extreme greed,6493.1788,extreme greed,0.2704160353613079,extreme fear,990.9881252914041,extreme greed,0.6579663801841152,extreme fear,16.08,extreme fear,18.4938,extreme fear,1.4638214208836202,extreme fear,0.09022943408096111,extreme fear
2025-12-04,36.02857142857143,fear,6857.12,extreme greed,6500.03288,extreme greed,0.44714594509422484,extreme fear,1027.3810629314303,extreme greed,0.6464847937493468,extreme fear,15.78,extreme fear,18.4858,extreme fear,1.3588247313001198,extreme fear,2.106934761351711,extreme fear
2025-12-05,38.142857142857146,fear,6870.4,extreme greed,6506.94904,extreme greed,0.6882510314734717,extreme fear,1051.7175886619468,extreme greed,0.6627816304548079,extreme fear,15.41,extreme fear,18.4592,extreme fear,1.35230456093388,extreme fear,2.41782105035883,extreme fear
2025-12-08,40.77142857142858,fear,6846.51,extreme greed,6513.410640000001,extreme greed,0.853068354216164,extreme fear,1060.1333211690874,extreme greed,0.6500206636974285,extreme fear,16.66,extreme fear,18.4866,extreme fear,1.2508734705783404,extreme fear,0.6274246509469185,extreme fear
2025-12-09,40.94285714285714,fear,6840.51,extreme greed,6519.956800000001,extreme greed,0.8387539055695612,extreme fear,1068.9111694845556,extreme greed,0.6509654543036562,extreme fear,16.93,extreme fear,18.5028,extreme fear,1.2531814411954798,extreme fear,0.8046735947602884,extreme fear
2025-12-10,36.371428571428574,fear,6886.68,extreme greed,6526.68816,extreme greed,0.9335123500651951,extreme fear,1097.0331192069887,extreme greed,0.6451869754157035,extreme fear,15.77,extreme fear,18.4926,extreme fear,1.3419228747955598,extreme fear,1.077495285026095,extreme fear
2025-12-11,43.74285714285714,fear,6901.0,extreme greed,6534.0804,extreme greed,1.1273548277441297,extreme fear,1138.883966764582,extreme greed,0.6395785935249686,extreme fear,14.85,extreme fear,18.463800000000003,extreme fear,1.3598010731435801,extreme fear,2.6928470506664643,extreme fear
2025-12-12,39.285714285714285,fear,6827.41,extreme greed,6540.4348,extreme greed,1.3809908688934736,extreme fear,1161.5645562383545,extreme greed,0.6353857340667354,extreme fear,15.74,extreme fear,18.445999999999998,extreme fear,1.3473973985172403,extreme fear,1.7192987258640522,extreme fear
2025-12-15,49.314285714285724,neutral,6816.51,extreme greed,6547.10512,extreme greed,1.676200737044894,extreme fear,1173.3857756791963,extreme greed,0.5982659717540575,extreme fear,16.5,extreme fear,18.443,extreme fear,1.32995591636913,extreme fear,2.556107810990244,extreme fear
2025-12-16,46.4,neutral,6800.26,extreme greed,6553.66024,extreme greed,1.9198700061916738,extreme fear,1163.5698898999008,extreme greed,0.6205050890858912,extreme fear,16.48,extreme fear,18.4452,extreme fear,1.3281765933187897,extreme fear,2.646203044985183,extreme fear
2025-12-17,37.68571428571429,fear,6721.43,extreme greed,6559.68896,extreme greed,2.2088312567133994,extreme fear,1153.0372808485317,extreme greed,0.6214092040054429,extreme fear,17.62,extreme fear,18.4528,extreme fear,1.3413737670661903,extreme fear,1.0942149814361628,extreme fear
2025-12-18,42.371428571428574,fear,6774.76,extreme greed,6565.68568,extreme greed,2.527409770658753,extreme fear,1146.7629951525455,extreme greed,0.651709111202573,extreme fear,16.87,extreme fear,18.464199999999998,extreme fear,1.34090538701188,extreme fear,3.4168929366664234,extreme fear
2025-12-19,44.199999999999996,fear,6834.5,extreme greed,6571.62424,extreme greed,2.87238952562249,extreme fear,1143.1631402242865,extreme greed,0.6705722302584772,extreme fear,14.91,extreme fear,18.4338,extreme fear,1.3430742196393903,extreme fear,4.180039747452434,extreme fear
2025-12-22,54.88571428571429,neutral,6878.49,extreme greed,6577.91488,extreme greed,3.201545607047555,extreme fear,1162.1401126245075,extreme greed,0.7099270039125296,extreme fear,14.08,extreme fear,18.2822,extreme fear,1.2572652597432503,extreme fear,3.579308954560092,extreme fear
2025-12-23,58.57142857142857,greed,6909.79,extreme greed,6584.06504,extreme greed,3.3240942502302424,extreme fear,1169.1692450906767,extreme greed,0.7056973574731122,extreme fear,14.0,extreme fear,18.1816,extreme fear,1.25155924800487,extreme fear,3.382687756203446,extreme fear
2025-12-24,58.0,greed,6932.05,extreme greed,6590.136880000001,extreme greed,3.284003907717542,extreme fear,1190.9670142127118,extreme greed,0.7200238306680464,extreme fear,13.47,extreme fear,18.0348,extreme fear,1.25339518518717,extreme fear,2.863801952218769,extreme fear
2025-12-26,54.857142857142854,neutral,6929.94,extreme greed,6595.9367999999995,extreme greed,3.1836550218557567,extreme fear,1209.8607837801312,extreme greed,0.6989213682872242,extreme fear,13.6,extreme fear,17.894000000000002,extreme fear,1.2576744262608803,extreme fear,2.0174729882277056,extreme fear
2025-12-29,47.885714285714286,neutral,6905.74,extreme greed,6601.598639999999,extreme greed,3.015578277121695,extreme fear,1215.169112385949,extreme greed,0.6962000477986947,extreme fear,14.2,extreme fear,17.671799999999998,extreme fear,1.2638341460914804,extreme fear,1.174234296785184,extreme fear
2025-12-30,46.114285714285714,neutral,6896.24,extreme greed,6606.9492,extreme greed,2.925330339093667,extreme fear,1218.212613014245,extreme greed,0.6973404951921054,extreme fear,14.33,extreme fear,17.5428,extreme fear,1.2661168184002702,extreme fear,1.0429298024571152,extreme fear
2025-12-31,43.25714285714286,fear,6845.5,extreme greed,6611.478399999999,extreme greed,2.8087037962854313,extreme fear,1186.3459091810873,extreme greed,0.6866117033996622,extreme fear,14.95,extreme fear,17.4772,extreme fear,1.25739416306268,extreme fear,0.4977375007499336,extreme fear
2026-01-02,45.22857142857142,neutral,6858.47,extreme greed,6616.50632,extreme greed,2.675842030291589,extreme fear,1177.1894414343478,extreme greed,0.668618956131079,extreme fear,14.51,extreme fear,17.41,extreme fear,1.2428993075517196,extreme fear,0.3689920962512755,extreme fear
2026-01-05,47.60000000000001,neutral,6902.05,extreme greed,6621.918559999999,extreme greed,2.785139752968939,extreme fear,1182.8657960987161,extreme greed,0.6689216998091255,extreme fear,14.9,extreme fear,17.336000000000002,extreme fear,1.2342578210825301,extreme fear,0.34745188679714684,extreme fear
2026-01-06,52.857142857142854,neutral,6944.82,extreme greed,6627.37104,extreme greed,2.946668155679199,extreme fear,1205.153637683752,extreme greed,0.6796771901512638,extreme fear,14.75,extreme fear,17.285,extreme fear,1.2362872112958099,extreme fear,1.1084761036490867,extreme fear
2026-01-07,48.57142857142857,neutral,6920.93,extreme greed,6632.4947999999995,extreme greed,3.024973338996313,extreme fear,1200.4922007883788,extreme greed,0.6889520434667202,extreme fear,15.38,extreme fear,17.2652,extreme fear,1.23347026081813,extreme fear,0.5273752341499023,extreme fear
2026-01-08,48.371428571428574,neutral,6921.46,extreme greed,6637.788479999999,extreme greed,3.1692100987691054,extreme fear,1215.8863737086194,extreme greed,0.6973907456664067,extreme fear,15.45,extreme fear,17.2584,extreme fear,1.2372008462540205,extreme fear,0.49514586349837153,extreme fear
2026-01-09,54.114285714285714,neutral,6966.28,extreme greed,6643.37024,extreme greed,3.2265301513907927,extreme fear,1234.9299724582008,extreme greed,0.7032858875271348,extreme fear,14.49,extreme fear,17.2198,extreme fear,1.2239589492070602,extreme fear,0.803812192146344,extreme fear
2026-01-12,58.0,greed,6977.27,extreme greed,6649.23832,extreme greed,3.206261885543244,extreme fear,1251.0730991194255,extreme greed,0.7117731556597396,extreme fear,15.12,extreme fear,17.183799999999998,extreme fear,1.2316740625916103,extreme fear,1.916492388339048,extreme fear
2026-01-13,59.085714285714296,greed,6963.74,extreme greed,6654.83864,extreme greed,3.3336963867547658,extreme fear,1258.6034360133467,extreme greed,0.697994595217602,extreme fear,15.98,extreme fear,17.1652,extreme fear,1.2264776596979394,extreme fear,1.8280790385569445,extreme fear
2026-01-14,58.62857142857143,greed,6926.6,extreme greed,6659.87256,extreme greed,3.528325977288689,extreme fear,1277.130586382368,extreme greed,0.6919511717987331,extreme fear,16.75,extreme fear,17.1514,extreme fear,1.2305188737026704,extreme fear,2.049258973327207,extreme fear
2026-01-15,63.65714285714286,greed,6944.47,extreme greed,6665.054,extreme greed,3.926631134422545,extreme fear,1298.195384474821,extreme greed,0.7184908001499825,extreme fear,15.84,extreme fear,17.1248,extreme fear,1.2456490821089399,extreme fear,3.635079459745641,extreme fear
2026-01-16,63.77142857142858,greed,6940.01,extreme greed,6670.129279999999,extreme greed,4.145740804470735,extreme fear,1309.483856516819,extreme greed,0.725384103169638,extreme fear,15.86,extreme fear,17.062,extreme fear,1.2376961382200402,extreme fear,3.400878943376583,extreme fear
2026-01-20,50.85714285714287,neutral,6796.86,extreme greed,6674.0272,extreme greed,4.122498686546386,extreme fear,1293.7215627762573,extreme greed,0.7311603467618014,extreme fear,20.09,extreme fear,17.1036,extreme fear,1.2245723018644994,extreme fear,0.2941277182032114,extreme fear
2026-01-21,53.857142857142854,neutral,6875.62,extreme greed,6678.160879999999,extreme greed,4.397801226226365,extreme fear,1299.8096414771182,extreme greed,0.731404206363,extreme fear,16.9,extreme fear,17.0516,extreme fear,1.21150166465928,extreme fear,0.4248894585103047,extreme fear
2026-01-22,54.771428571428565,neutral,6913.35,extreme greed,6682.56088,extreme greed,4.706487822572132,extreme fear,1317.5184820824643,extreme greed,0.7328967593964435,extreme fear,15.64,extreme fear,16.9828,extreme fear,1.2202652866122905,extreme fear,0.4658574878606729,extreme fear
2026-01-23,54.885714285714286,neutral,6915.61,extreme greed,6686.77664,extreme greed,4.84828084811562,extreme fear,1324.1409712999694,extreme greed,0.7076848308546174,extreme fear,16.09,extreme fear,16.9526,extreme fear,1.2227964838363796,extreme fear,0.2493012582832962,extreme fear
2026-01-26,57.65714285714286,greed,6950.23,extreme greed,6691.26032,extreme greed,5.040586129139627,extreme fear,1327.3773574997124,extreme greed,0.7177674853987988,extreme fear,16.15,extreme fear,16.93,extreme fear,1.2247982247678701,extreme fear,0.7408390870723468,extreme fear
2026-01-27,64.97142857142858,greed,6978.6,extreme greed,6696.12224,extreme greed,5.190884038287576,extreme fear,1335.4372087927638,extreme greed,0.7094878413363217,extreme fear,16.35,extreme fear,16.9068,extreme fear,1.2288271008183596,extreme fear,1.741508318780262,extreme fear
2026-01-28,65.54285714285713,greed,6978.03,extreme greed,6701.04328,extreme greed,5.447385220320673,extreme fear,1328.6400292670492,extreme greed,0.7072630669548339,extreme fear,16.35,extreme fear,16.8338,extreme fear,1.2221907542045503,extreme fear,1.8737721796090776,extreme fear
2026-01-29,63.82857142857143,greed,6969.01,extreme greed,6706.08024,extreme greed,5.68766522196291,extreme fear,1325.2569764363684,extreme greed,0.7197256760379186,extreme fear,16.88,extreme fear,16.7748,extreme fear,1.2241961721352896,extreme fear,1.9402673549942753,extreme fear
2026-01-30,58.60000000000001,greed,6939.03,extreme greed,6711.6884,extreme greed,5.749690546998837,extreme fear,1307.787956061927,extreme greed,0.7246990310141388,extreme fear,17.44,extreme fear,16.676,extreme fear,1.2312174233810902,extreme fear,1.4339848340677044,extreme fear
2026-02-02,63.40000000000001,greed,6976.44,extreme greed,6716.8604,extreme greed,5.86111608643994,extreme fear,1294.1727407879837,extreme greed,0.7317484169248762,extreme fear,16.34,extreme fear,16.509,extreme fear,1.2271569293455402,extreme fear,2.0869345183068937,extreme fear
2026-02-03,43.34285714285714,fear,6917.81,extreme greed,6721.80936,extreme greed,5.835592139183046,extreme fear,1288.4743413612748,extreme greed,0.7504390378814427,extreme fear,18.0,extreme fear,16.3958,extreme fear,1.3542841561111998,extreme fear,0.4657188396522972,extreme fear
2026-02-04,47.228571428571435,neutral,6882.72,extreme greed,6726.11064,extreme greed,5.899471826994925,extreme fear,1294.394129653096,extreme greed,0.7705293045396713,extreme fear,18.64,extreme fear,16.2402,extreme fear,1.26723375407689,extreme fear,0.5231697738058897,extreme fear
2026-02-05,34.94285714285714,fear,6798.4,extreme greed,6729.77784,extreme greed,5.849699463748562,extreme fear,1276.7559629334642,extreme greed,0.8073263201646279,extreme fear,21.77,extreme fear,16.207,extreme fear,1.2616948946006,extreme fear,-1.6123056032859215,extreme fear
2026-02-06,45.371428571428574,neutral,6932.3,extreme greed,6734.12064,extreme greed,6.106340631963471,extreme fear,1291.985711775705,extreme greed,0.7996761850204337,extreme fear,17.76,extreme fear,16.1518,extreme fear,1.2874130262007102,extreme fear,-0.23456637183645307,extreme fear
2026-02-09,48.4857142857143,neutral,6964.82,extreme greed,6738.851600000001,extreme greed,6.177463045437133,extreme fear,1308.5557433161403,extreme greed,0.7818887647062859,extreme fear,17.36,extreme fear,16.1278,extreme fear,1.27364745171354,extreme fear,-0.06969543494744192,extreme fear
2026-02-10,47.228571428571435,neutral,6941.81,extreme greed,6742.82,extreme greed,6.264617620905796,extreme fear,1326.5358355743656,extreme greed,0.7781298816350997,extreme fear,17.79,extreme fear,16.1398,extreme fear,1.27364745171354,extreme fear,-0.4648864502141808,extreme fear
2026-02-11,49.91428571428571,neutral,6941.47,extreme greed,6746.61912,extreme greed,6.477129966245468,extreme fear,1341.2669372888001,extreme greed,0.7717293283868967,extreme fear,17.65,extreme fear,16.1658,extreme fear,1.2797262768349997,extreme fear,0.4943792219529086,extreme fear
2026-02-12,36.357142857142854,fear,6832.76,extreme greed,6749.532880000001,extreme greed,6.514974484340672,extreme fear,1328.457990624084,extreme greed,0.7879820127603372,extreme fear,20.82,extreme fear,16.2374,extreme fear,1.2752495472805097,extreme fear,-2.1309306684076663,extreme fear
2026-02-13,33.84285714285714,fear,6836.17,extreme greed,6752.62384,extreme greed,6.344263882309834,extreme fear,1331.6688611426785,extreme greed,0.7889562745460321,extreme fear,20.6,extreme fear,16.3176,extreme fear,1.3052657814868898,extreme fear,-2.7594638960561833,extreme fear
2026-02-17,33.31428571428572,fear,6843.22,extreme greed,6755.7764,extreme greed,6.287472674845687,extreme fear,1324.5150233000552,extreme greed,0.8295297923915967,extreme fear,20.29,extreme fear,16.4018,extreme fear,1.31286123699594,extreme fear,-0.9569356800791297,extreme fear
2026-02-18,34.157142857142865,fear,6881.31,extreme greed,6759.53592,extreme greed,6.441454495494174,extreme fear,1330.5532419625704,extreme greed,0.841047553136017,extreme fear,19.62,extreme fear,16.4786,extreme fear,1.31687988282514,extreme fear,-1.102969900876329,extreme fear
2026-02-19,34.400000000000006,fear,6861.89,extreme greed,6763.2648,extreme greed,6.222059110654336,extreme fear,1334.474986193837,extreme greed,0.8891923068993492,extreme fear,20.23,extreme fear,16.575,extreme fear,1.3005819079151193,extreme fear,-1.975668263526234,extreme fear
2026-02-20,42.34285714285715,fear,6909.51,extreme greed,6767.57952,extreme greed,5.928742408904243,extreme fear,1346.0044731780529,extreme greed,0.8473912456544653,extreme fear,19.09,extreme fear,16.6236,extreme fear,1.30450960982412,extreme fear,-1.1505595838677842,extreme fear
2026-02-23,32.542857142857144,fear,6837.75,extreme greed,6770.546240000001,extreme greed,5.749777688626899,extreme fear,1331.8465549121875,extreme greed,0.8556278441465708,extreme fear,21.01,extreme fear,16.7052,extreme fear,1.3038645446279502,extreme fear,-2.89942194697794,extreme fear
2026-02-24,40.25714285714286,fear,6890.07,extreme greed,6774.15224,extreme greed,5.597909462789523,extreme fear,1335.4017232585038,extreme greed,0.8332752903330084,extreme fear,19.55,extreme fear,16.7808,extreme fear,1.3116488332078797,extreme fear,-2.665416694510128,extreme fear
2026-02-25,43.142857142857146,fear,6946.13,extreme greed,6777.993759999999,extreme greed,5.593460131090616,extreme fear,1339.1261077933948,extreme greed,0.8146235598080199,extreme fear,17.93,extreme fear,16.8424,extreme fear,1.31369169599541,extreme fear,-1.8522153386902247,extreme fear
2026-02-26,42.91428571428571,fear,6908.86,extreme greed,6781.413439999999,extreme greed,5.583983703703741,extreme fear,1356.2871552263393,extreme greed,0.7844834051456087,extreme fear,18.63,extreme fear,16.9002,extreme fear,1.3093256563672704,extreme fear,-2.3380290445518783,extreme fear
2026-02-27,41.17142857142857,fear,6878.88,extreme greed,6784.4295999999995,extreme greed,5.543061774909959,extreme fear,1363.8472425353734,extreme greed,0.778714938870983,extreme fear,19.86,extreme fear,16.967399999999998,extreme fear,1.31432046702255,extreme fear,-2.9496666872031905,extreme fear
2026-03-02,34.285714285714285,fear,6881.62,extreme greed,6787.80048,extreme greed,5.754167253898122,extreme fear,1370.746916503751,extreme greed,0.7932711340127183,extreme fear,21.44,extreme fear,17.0666,extreme fear,1.3275715904524303,extreme fear,-3.0615537697582154,extreme fear
2026-03-03,31.628571428571426,fear,6816.63,extreme greed,6791.0092,extreme greed,5.561333155903721,extreme fear,1346.9036011693602,extreme greed,0.808729849772598,extreme fear,23.57,extreme fear,17.1856,extreme fear,1.3275715904524303,extreme fear,-2.8776371223706874,extreme fear
2026-03-04,33.07142857142857,fear,6869.5,extreme greed,6794.3791200000005,extreme greed,5.389342440526024,extreme fear,1338.4103289877914,extreme greed,0.8191505670975193,extreme fear,21.15,extreme fear,17.2712,extreme fear,1.3275715904524303,extreme fear,-1.5076416058313722,extreme fear
2026-03-05,31.62857142857143,fear,6830.71,extreme greed,6797.00816,extreme greed,5.043583093582625,extreme fear,1305.7468501228584,extreme greed,0.8182517284404586,extreme fear,23.75,extreme fear,17.448,extreme fear,1.3654153799245103,extreme fear,0.12096964823236668,extreme fear
2026-03-06,25.25714285714286,fear,6740.02,extreme greed,6799.076319999999,extreme greed,4.915978784139283,extreme fear,1252.5581108916622,extreme greed,0.8406389146558568,extreme fear,29.49,fear,17.7562,extreme fear,1.3585776499676503,extreme fear,-3.0447997221653713,extreme fear
2026-03-09,22.228571428571428,extreme fear,6795.99,extreme greed,6801.48304,extreme greed,4.281802870997817,extreme fear,1209.4979007605837,extreme greed,0.8400691960809684,extreme fear,25.5,fear,17.9862,extreme fear,1.3671156723455,extreme fear,-2.9448141553195244,extreme fear
2026-03-10,20.271428571428572,extreme fear,6781.48,extreme greed,6803.634,extreme greed,3.864594167048068,extreme fear,1162.0771619719571,extreme greed,0.841425788087169,extreme fear,24.93,extreme fear,18.2154,extreme fear,1.3848030403100196,extreme fear,-2.0895919388425335,extreme fear
2026-03-11,18.314285714285713,extreme fear,6775.8,extreme greed,6805.58408,extreme greed,3.327460532673293,extreme fear,1106.8139132027525,extreme greed,0.8463639212257956,extreme fear,24.23,extreme fear,18.428,extreme fear,1.3479382256907,extreme fear,-2.0036987597189326,extreme fear
2026-03-13,16.671428571428574,extreme fear,6632.19,extreme greed,6805.94184,extreme greed,2.614660563122224,extreme fear,1051.4523523904622,extreme greed,0.8476519130625831,extreme fear,27.19,fear,18.687800000000003,extreme fear,1.3266521579208004,extreme fear,-1.5148400940081332,extreme fear
2026-03-16,23.914285714285718,extreme fear,6699.38,extreme greed,6806.8625600000005,extreme greed,2.212891881936848,extreme fear,1026.0581555082354,extreme greed,0.8397786816679345,extreme fear,23.51,extreme fear,18.8714,extreme fear,1.3305466185797699,extreme fear,-0.6524159994688958,extreme fear
2026-03-17,22.88571428571429,extreme fear,6716.09,extreme greed,6807.66904,extreme greed,1.990800343224845,extreme fear,1023.2026394655325,extreme greed,0.8540576027622068,extreme fear,22.37,extreme fear,19.0198,extreme fear,1.3360300461200099,extreme fear,-0.9803267891970129,extreme fear
2026-03-18,13.614285714285714,extreme fear,6624.7,extreme greed,6807.812559999999,extreme greed,1.673901288693282,extreme fear,989.1385552247028,extreme greed,0.8596650806121217,extreme fear,25.09,fear,19.231399999999997,extreme fear,1.34213010232839,extreme fear,-2.555541265154161,extreme fear
2026-03-19,18.314285714285713,extreme fear,6606.49,extreme greed,6807.86168,extreme greed,1.2578538605805591,extreme fear,958.3112313692479,extreme greed,0.9034415676851475,extreme fear,24.06,extreme fear,19.4146,extreme fear,1.3404615639878796,extreme fear,-2.499428189298815,extreme fear
2026-03-20,8.4,extreme fear,6506.48,extreme greed,6806.857840000001,extreme greed,0.7640278773277068,extreme fear,900.8257351074102,extreme greed,0.9169216050519783,extreme fear,26.78,fear,19.6552,extreme fear,1.37020868336475,extreme fear,-3.673219942195133,extreme fear
2026-03-23,11.62857142857143,extreme fear,6581.0,extreme greed,6806.190960000001,extreme greed,0.484914892199908,extreme fear,881.6403845689405,extreme greed,0.9064249542388267,extreme fear,26.15,fear,19.8706,extreme fear,1.3379673277446498,extreme fear,-1.6412944430267615,extreme fear
2026-03-24,10.35714285714286,extreme fear,6556.37,extreme greed,6805.091920000001,extreme greed,0.31807073174552386,extreme fear,871.6200045327054,extreme greed,0.9038564025631196,extreme fear,26.95,fear,20.1006,extreme fear,1.34398984780523,extreme fear,-2.3366494015721857,extreme fear
2026-03-25,16.542857142857144,extreme fear,6591.9,extreme greed,6804.57176,extreme greed,0.12542117383139717,extreme fear,882.6883379995861,extreme greed,0.892295395764591,extreme fear,25.33,fear,20.3174,extreme fear,1.34692898199988,extreme fear,-3.209698851201377,extreme fear
2026-03-26,10.257142857142858,extreme fear,6477.16,extreme greed,6803.28528,extreme greed,-0.21057035195633317,extreme fear,875.4369861901164,extreme greed,0.865524383913494,extreme fear,27.44,fear,20.5638,extreme fear,1.34702787108831,extreme fear,-3.328369331777989,extreme fear
2026-03-27,8.171428571428573,extreme fear,6368.85,extreme greed,6801.398319999999,extreme greed,-0.7631645239534903,extreme fear,847.1804773766358,extreme greed,0.8771387560895574,extreme fear,31.05,fear,20.8652,extreme fear,1.3425404816744395,extreme fear,-4.140045545894005,extreme fear
2026-03-30,5.771428571428572,extreme fear,6343.72,extreme greed,6798.99848,extreme greed,-1.1968223567886627,extreme fear,820.8490869258826,extreme greed,0.9032541159284939,extreme fear,30.61,fear,21.142400000000002,extreme fear,1.3559995077549,extreme fear,-6.002892589334458,extreme fear
2026-03-31,14.885714285714284,extreme fear,6528.52,extreme greed,6797.93696,extreme greed,-1.5997917924964713,extreme fear,827.0724509494431,extreme greed,0.9026984748049038,extreme fear,25.25,fear,21.330600000000004,extreme fear,1.3707289879914895,extreme fear,-2.7950318621187846,extreme fear
2026-04-01,15.857142857142858,extreme fear,6575.32,extreme greed,6797.03184,extreme greed,-1.6194845477737614,extreme fear,836.6485247394502,extreme greed,0.9383703071721285,extreme fear,24.54,extreme fear,21.5042,extreme fear,1.3558708785094102,extreme fear,-2.562331445704727,extreme fear
2026-04-02,18.285714285714285,extreme fear,6582.69,extreme greed,6796.00376,extreme greed,-1.8006048332608846,extreme fear,854.5073022765544,extreme greed,0.9548374465134011,extreme fear,23.87,extreme fear,21.5798,extreme fear,1.32444796505052,extreme fear,-2.4303621090429357,extreme fear
2026-04-06,21.85714285714286,extreme fear,6611.83,extreme greed,6795.1756000000005,extreme greed,-1.8236235310487334,extreme fear,880.6736225257657,extreme greed,0.946881213923097,extreme fear,24.17,extreme fear,21.7252,extreme fear,1.34266062351181,extreme fear,-0.5117363778667391,extreme fear
2026-04-07,21.571428571428573,extreme fear,6616.85,extreme greed,6794.38408,extreme greed,-1.7721874740896706,extreme fear,893.9582310076104,extreme greed,0.9516237390877421,extreme fear,25.78,fear,21.928,extreme fear,1.3251262171242901,extreme fear,-1.2337908723163074,extreme fear
2026-04-08,29.171428571428574,fear,6782.81,extreme greed,6794.724319999999,extreme greed,-1.486316315306807,extreme fear,930.2472227826554,extreme greed,0.9547513390530165,extreme fear,21.04,extreme fear,22.026999999999997,extreme fear,1.3281951143082602,extreme fear,0.8500287101358915,extreme fear
2026-04-09,33.800000000000004,fear,6824.66,extreme greed,6795.60488,extreme greed,-1.3036977996992007,extreme fear,963.3114896462662,extreme greed,0.9202103858738265,extreme fear,19.49,extreme fear,22.0938,extreme fear,1.30739655778283,extreme fear,1.1265809218563647,extreme fear
2026-04-10,38.05714285714286,fear,6816.89,extreme greed,6796.11024,extreme greed,-1.1648110253532418,extreme fear,980.7632940627902,extreme greed,0.8831064773211409,extreme fear,19.23,extreme fear,22.1514,extreme fear,1.2982302530507,extreme fear,2.9535243253328693,extreme fear
2026-04-13,40.971428571428575,fear,6886.24,extreme greed,6797.319280000001,extreme greed,-0.9457365968550615,extreme fear,1017.8937695973784,extreme greed,0.8572511556801379,extreme fear,19.12,extreme fear,22.2068,extreme fear,1.2976986459323505,extreme fear,3.1862461519362784,extreme fear
2026-04-14,47.25714285714286,neutral,6967.38,extreme greed,6800.63824,extreme greed,-0.6856406228753047,extreme fear,1058.0007421421908,extreme greed,0.798443211960454,extreme fear,18.36,extreme fear,22.2364,extreme fear,1.3067755214153098,extreme fear,4.240305316327117,extreme fear
2026-04-15,56.2,greed,7022.95,extreme greed,6803.58408,extreme greed,-0.5857375377106943,extreme fear,1099.4185940204395,extreme greed,0.7303594375709042,extreme fear,18.17,extreme fear,22.251000000000005,extreme fear,1.3041098248039804,extreme fear,6.263387134162933,extreme fear
2026-04-16,61.48571428571429,greed,7041.28,extreme greed,6806.75984,extreme greed,-0.3554463582791137,extreme fear,1141.2064920330479,extreme greed,0.6854661060118243,extreme fear,17.94,extreme fear,22.282999999999998,extreme fear,1.3004779948127898,extreme fear,6.973222092293878,extreme fear
2026-04-17,68.57142857142858,greed,7126.06,extreme greed,6810.39984,extreme greed,0.175706281401843,extreme fear,1199.3083215576685,extreme greed,0.6484161309221563,extreme fear,17.48,extreme fear,22.272599999999997,extreme fear,1.2876732047997705,extreme fear,8.421973992085874,extreme fear
2026-04-20,69.97142857142858,greed,7109.14,extreme greed,6814.240400000001,extreme greed,0.735612400162747,extreme fear,1252.210298452575,extreme greed,0.6350970065859365,extreme fear,18.87,extreme fear,22.277200000000004,extreme fear,1.2928782177018296,extreme fear,7.47105129578203,extreme fear
2026-04-21,67.57142857142858,greed,7064.01,extreme greed,6817.4404,extreme greed,1.0720741750851521,extreme fear,1274.0441458517216,extreme greed,0.6619903777460883,extreme fear,19.5,extreme fear,22.231800000000003,extreme fear,1.29260983931127,extreme fear,7.181321757836832,extreme fear
2026-04-22,68.45714285714286,greed,7137.9,extreme greed,6820.66256,extreme greed,1.3018229188291925,extreme fear,1290.8800791618144,extreme greed,0.6830518116155846,extreme fear,18.92,extreme fear,22.255,extreme fear,1.28880367033744,extreme fear,8.141548745153411,extreme fear
2026-04-23,66.17142857142856,greed,7108.4,extreme greed,6823.64696,extreme greed,1.5243499303955317,extreme fear,1291.4876693408223,extreme greed,0.7105229441891188,extreme fear,19.31,extreme fear,22.294,extreme fear,1.29240469615544,extreme fear,9.01011329163677,extreme fear
2026-04-24,65.4,greed,7165.08,extreme greed,6827.372399999999,extreme greed,1.747449029082567,extreme fear,1287.5815345096637,extreme greed,0.7349005810465744,extreme fear,18.71,extreme fear,22.312400000000004,extreme fear,1.2920970569600696,extreme fear,11.58979432437048,extreme fear
2026-04-27,66.28571428571429,greed,7173.91,extreme greed,6830.85616,extreme greed,2.2346610390120687,extreme fear,1286.722983828684,extreme greed,0.73011827367787,extreme fear,18.02,extreme fear,22.3198,extreme fear,1.2897686382792601,extreme fear,13.08860547356155,extreme fear
2026-04-28,67.42857142857142,greed,7138.8,extreme greed,6833.63304,extreme greed,2.52854821922951,extreme fear,1280.4681890759446,extreme greed,0.7170373930861806,extreme fear,17.83,extreme fear,22.26,extreme fear,1.2761664096694296,extreme fear,9.652393121374557,extreme fear
2026-04-29,66.22857142857143,greed,7135.95,extreme greed,6835.719359999999,extreme greed,2.7419726382167684,extreme fear,1257.091307969841,extreme greed,0.7241207189486902,extreme fear,18.81,extreme fear,22.2242,extreme fear,1.2788241711995905,extreme fear,8.888515891676715,extreme fear
2026-04-30,69.51428571428572,greed,7209.01,extreme greed,6838.26432,extreme greed,2.987533341904551,extreme fear,1262.012788535343,extreme greed,0.705925022002482,extreme fear,16.89,extreme fear,22.1562,extreme fear,1.2707136616976298,extreme fear,9.871144972943709,extreme fear
2026-05-01,71.17142857142856,greed,7230.12,extreme greed,6840.98056,extreme greed,3.333413069775233,extreme fear,1260.3349023157496,extreme greed,0.692973366410457,extreme fear,16.99,extreme fear,22.1036,extreme fear,1.2633370356880897,extreme fear,9.674383978837918,extreme fear
2026-05-04,66.88571428571429,greed,7200.75,extreme greed,6844.00784,extreme greed,3.4377709730349886,extreme fear,1239.0443288221827,extreme greed,0.6957504795848632,extreme fear,18.29,extreme fear,22.0648,extreme fear,1.30351646943207,extreme fear,9.81167061686962,extreme fear
2026-05-05,67.25714285714287,greed,7259.22,extreme greed,6847.36,extreme greed,3.674333123090979,extreme fear,1235.305032054721,extreme greed,0.6951326536799451,extreme fear,17.38,extreme fear,22.0306,extreme fear,1.3048181856873695,extreme fear,8.042080822359457,extreme fear
2026-05-06,68.74285714285715,greed,7365.12,extreme greed,6851.4652,extreme greed,3.824680592798747,extreme fear,1240.144168975632,extreme greed,0.6762073617306246,extreme fear,17.39,extreme fear,21.9582,extreme fear,1.31123451902887,extreme fear,8.41533635064652,extreme fear
2026-05-07,67.28571428571429,greed,7337.11,extreme greed,6855.989680000001,extreme greed,3.793182929722137,extreme fear,1221.5672531868595,extreme greed,0.6744710628361691,extreme fear,17.08,extreme fear,21.908799999999996,extreme fear,1.3194831683571404,extreme fear,8.255319420090611,extreme fear
2026-05-08,67.28571428571429,greed,7398.93,extreme greed,6860.8108,extreme greed,3.823273662855032,extreme fear,1201.951802785055,extreme greed,0.6746102136054596,extreme fear,17.19,extreme fear,21.894000000000002,extreme fear,1.3104194397668703,extreme fear,8.003212259111725,extreme fear
2026-05-11,66.62857142857143,greed,7412.84,extreme greed,6866.35096,extreme greed,3.837295319766105,extreme fear,1177.0233282847023,extreme greed,0.6550064561116561,extreme fear,18.38,extreme fear,21.889,extreme fear,1.3204513087906398,extreme fear,7.658998615314808,extreme fear
2026-05-12,65.68571428571428,greed,7400.96,extreme greed,6871.72824,extreme greed,3.58960034578026,extreme fear,1148.420443770277,extreme greed,0.6495514765571345,extreme fear,17.99,extreme fear,21.851600000000005,extreme fear,1.3166831359140403,extreme fear,6.781940111553511,extreme fear
2026-05-13,64.97142857142858,greed,7444.25,extreme greed,6876.6228,extreme greed,3.45943807122805,extreme fear,1111.830044047121,extreme greed,0.6408178969215929,extreme fear,17.87,extreme fear,21.7802,extreme fear,1.31611931609558,extreme fear,6.960186289068213,extreme fear
2026-05-14,65.91428571428573,greed,7501.24,extreme greed,6881.85984,extreme greed,3.490412955301339,extreme fear,1089.2829116542644,extreme greed,0.6154294354770957,extreme fear,17.26,extreme fear,21.654,extreme fear,1.3130938211723002,extreme fear,7.095792707340366,extreme fear
2026-05-15,63.22857142857142,greed,7408.5,extreme greed,6886.32048,extreme greed,3.0137980056647633,extreme fear,1044.6080712923585,extreme greed,0.6275655671237373,extreme fear,18.43,extreme fear,21.5996,extreme fear,1.30795420365589,extreme fear,6.694641242873414,extreme fear
2026-05-18,62.08571428571429,greed,7403.05,extreme greed,6891.64496,extreme greed,2.821053941024986,extreme fear,1018.5017179724097,extreme greed,0.6414968581041928,extreme fear,17.82,extreme fear,21.480999999999998,extreme fear,1.29928683016401,extreme fear,6.947234867767674,extreme fear
2026-05-19,59.25714285714286,greed,7353.61,extreme greed,6896.600960000001,extreme greed,2.4315590204814166,extreme fear,980.1428132995486,extreme greed,0.6556757804557872,extreme fear,18.06,extreme fear,21.252399999999998,extreme fear,1.2950123497662898,extreme fear,5.690015703986432,extreme fear
2026-05-20,60.51428571428571,greed,7432.97,extreme greed,6902.68544,extreme greed,2.2727626184319285,extreme fear,968.4116879028045,extreme greed,0.6628285086990318,extreme fear,17.44,extreme fear,21.0912,extreme fear,1.28739888659049,extreme fear,6.352682461814305,extreme fear
2026-05-21,57.51428571428572,greed,7445.72,extreme greed,6909.31264,extreme greed,2.116047419946609,extreme fear,969.659388031309,extreme greed,0.6799197348854429,extreme fear,16.76,extreme fear,20.927799999999998,extreme fear,1.2963998886486798,extreme fear,5.870884772173603,extreme fear
2026-05-22,58.22857142857144,greed,7473.47,extreme greed,6915.96312,extreme greed,2.0368772631994,extreme fear,981.3197672459946,extreme greed,0.6600605070733264,extreme fear,16.7,extreme fear,20.777199999999997,extreme fear,1.3004861178361595,extreme fear,5.79580124840534,extreme fear
2026-05-26,59.82857142857143,greed,7519.12,extreme greed,6923.806,extreme greed,2.0652433856106165,extreme fear,1002.3985660443474,extreme greed,0.6415936863512017,extreme fear,17.01,extreme fear,20.573599999999995,extreme fear,1.30425491432642,extreme fear,6.483014081950722,extreme fear
2026-05-27,60.62857142857143,greed,7520.36,extreme greed,6931.14496,extreme greed,2.1255724199820905,extreme fear,1021.2871937379402,extreme greed,0.608514256840915,extreme fear,16.29,extreme fear,20.429199999999998,extreme fear,1.3062524193160798,extreme fear,6.000880723262551,extreme fear
2026-05-28,60.71428571428572,greed,7563.63,extreme greed,6938.01304,extreme greed,2.191982584305997,extreme fear,1041.996307063439,extreme greed,0.6085917653425245,extreme fear,15.74,extreme fear,20.296599999999998,extreme fear,1.3062524193160798,extreme fear,5.46277070464597,extreme fear
2026-05-29,60.45714285714287,greed,7580.06,extreme greed,6944.52648,extreme greed,2.1128229728351595,extreme fear,1050.7182875358012,extreme greed,0.5894301298953003,extreme fear,15.32,extreme fear,20.101200000000002,extreme fear,1.3062524193160798,extreme fear,5.072828631342213,extreme fear
2026-06-01,59.45714285714286,greed,7599.96,extreme greed,6950.82528,extreme greed,1.956999722412029,extreme fear,1058.1702132650223,extreme greed,0.5797327805391472,extreme fear,16.05,extreme fear,19.941,extreme fear,1.31808409215279,extreme fear,5.8652578523609,extreme fear
2026-06-02,56.97142857142858,greed,7609.78,extreme greed,6956.9108,extreme greed,1.9820636100140654,extreme fear,1065.879096287058,extreme greed,0.5754446372676684,extreme fear,15.77,extreme fear,19.7208,extreme fear,1.4674850232961194,extreme fear,5.269778522647915,extreme fear
2026-06-03,54.628571428571426,neutral,7553.68,extreme greed,6962.8392,extreme greed,1.6815922824414027,extreme fear,1045.7478852123445,extreme greed,0.5803903403763553,extreme fear,16.06,extreme fear,19.519000000000002,extreme fear,1.3574899478569304,extreme fear,3.743129402410575,extreme fear
2026-06-04,54.57142857142857,neutral,7584.31,extreme greed,6968.87872,extreme greed,1.4363727356991929,extreme fear,1045.4591871092525,extreme greed,0.5868824624461787,extreme fear,15.4,extreme fear,19.288,extreme fear,1.3576136212178298,extreme fear,4.142873732889572,extreme fear
2026-06-05,41.857142857142854,fear,7383.74,extreme greed,6973.15088,extreme greed,1.2228594757463047,extreme fear,1022.7959502179973,extreme greed,0.6485336794510145,extreme fear,21.51,extreme fear,19.2116,extreme fear,1.3571764063817797,extreme fear,1.4030229779519103,extreme fear
2026-06-08,39.37142857142857,fear,7405.73,extreme greed,6977.53976,extreme greed,1.096418132163417,extreme fear,997.9260878171483,extreme greed,0.6820135085843197,extreme fear,18.92,extreme fear,19.0412,extreme fear,1.3538781874874999,extreme fear,1.1713148203840285,extreme fear
2026-06-09,33.77142857142858,fear,7386.65,extreme greed,6981.66976,extreme greed,1.0323080585727038,extreme fear,985.4748790137222,extreme greed,0.7387782894939241,extreme fear,19.87,extreme fear,18.8176,extreme fear,1.3412388876289303,extreme fear,0.45655516762528525,extreme fear
2026-06-10,27.28571428571428,fear,7266.99,extreme greed,6985.0336,extreme greed,1.1068671990103764,extreme fear,957.9054025359947,extreme greed,0.7844236413853365,extreme fear,22.22,extreme fear,18.6498,extreme fear,1.35211356269467,extreme fear,-1.587538849161979,extreme fear
2026-06-11,29.685714285714283,fear,7394.3,extreme greed,6989.46392,extreme greed,1.2110251137856884,extreme fear,956.5060886031918,extreme greed,0.8147380253543585,extreme fear,19.44,extreme fear,18.5336,extreme fear,1.3493620591040805,extreme fear,-1.483296241801349,extreme fear
2026-06-12,33.51428571428572,fear,7431.46,extreme greed,6993.82216,extreme greed,1.3085677879958064,extreme fear,974.4228569255974,extreme greed,0.7724969271375507,extreme fear,17.68,extreme fear,18.3964,extreme fear,1.3670885233806704,extreme fear,-0.3541869484576373,extreme fear
2026-06-15,40.14285714285715,fear,7554.29,extreme greed,6999.04848,extreme greed,1.65993495481637,extreme fear,988.614640032925,extreme greed,0.762554511141939,extreme fear,16.2,extreme fear,18.243000000000002,extreme fear,1.35364777730385,extreme fear,1.0797395115704207,extreme fear
2026-06-16,39.51428571428571,fear,7511.35,extreme greed,7004.52,extreme greed,1.7211179760991415,extreme fear,996.0705770294036,extreme greed,0.7468084589137303,extreme fear,16.41,extreme fear,18.0878,extreme fear,1.3410831404686498,extreme fear,0.49599866831703443,extreme fear
2026-06-17,32.94285714285714,fear,7420.1,extreme greed,7009.34872,extreme greed,1.912452516139357,extreme fear,971.1057789780081,extreme greed,0.7453653876479129,extreme fear,18.44,extreme fear,17.941000000000003,extreme fear,1.3509168771743199,extreme fear,-0.5913984835351729,extreme fear
2026-06-18,37.34285714285715,fear,7500.58,extreme greed,7014.95128,extreme greed,1.9461900275046302,extreme fear,949.5701474161865,extreme greed,0.7394160028226716,extreme fear,16.4,extreme fear,17.848200000000002,extreme fear,1.3467878079687197,extreme fear,-0.07033235548382531,extreme fear
2026-06-22,33.94285714285714,fear,7472.79,extreme greed,7020.96216,extreme greed,1.946095849690136,extreme fear,928.4918917842937,extreme greed,0.7595926678630669,extreme fear,17.28,extreme fear,17.804000000000002,extreme fear,1.35592047329577,extreme fear,-0.3093642533709989,extreme fear
2026-06-23,28.457142857142863,fear,7365.46,extreme greed,7025.687760000001,extreme greed,1.791562678543092,extreme fear,910.8652383652791,extreme greed,0.7969828884895167,extreme fear,19.49,extreme fear,17.8092,extreme fear,1.3441707383634205,extreme fear,-2.070256672179553,extreme fear
2026-06-24,26.45714285714286,fear,7358.22,extreme greed,7029.877520000001,extreme greed,1.6168544540886853,extreme fear,894.6978300744963,extreme greed,0.8095882489725399,extreme fear,18.63,extreme fear,17.799400000000002,extreme fear,1.3560780586629495,extreme fear,-2.7564481094951025,extreme fear
2026-06-25,25.428571428571427,fear,7357.49,extreme greed,7033.70952,extreme greed,1.5380457167161654,extreme fear,887.0876570746619,extreme greed,0.8210982681433471,extreme fear,18.89,extreme fear,17.81,extreme fear,1.3755956324018999,extreme fear,-3.1226363624464306,extreme fear
2026-06-26,24.657142857142855,extreme fear,7354.02,extreme greed,7037.26336,extreme greed,1.510056628866963,extreme fear,900.0425878666578,extreme greed,0.8421088503182552,extreme fear,18.41,extreme fear,17.8148,extreme fear,1.37691433232405,extreme fear,-4.332799441524767,extreme fear
2026-06-29,26.857142857142858,fear,7440.43,extreme greed,7041.3304,extreme greed,1.5328053813949485,extreme fear,906.3479290650859,extreme greed,0.8487494651304711,extreme fear,17.65,extreme fear,17.809,extreme fear,1.3755956324018999,extreme fear,-3.284932888688726,extreme fear
2026-06-30,29.971428571428568,fear,7499.36,extreme greed,7045.88576,extreme greed,1.4950746546024316,extreme fear,898.4763626459464,extreme greed,0.8210804064292624,extreme fear,16.45,extreme fear,17.7884,extreme fear,1.38093238130855,extreme fear,-2.207166607845618,extreme fear
2026-07-01,31.62857142857143,fear,7483.23,extreme greed,7050.50568,extreme greed,1.5758237400827064,extreme fear,890.1143574905983,extreme greed,0.7903642086630519,extreme fear,16.59,extreme fear,17.7428,extreme fear,1.3515586677561495,extreme fear,-1.10817768661801,extreme fear
2026-07-02,32.542857142857144,fear,7483.24,extreme greed,7055.201680000001,extreme greed,1.8748987576373104,extreme fear,895.9205481487487,extreme greed,0.7469606672130871,extreme fear,16.15,extreme fear,17.6758,extreme fear,1.3597374579218398,extreme fear,-1.6297990352641314,extreme fear
2026-07-06,41.65714285714286,fear,7537.43,extreme greed,7060.73712,extreme greed,1.9833652288083425,extreme fear,901.4689137438208,extreme greed,0.709793880201686,extreme fear,15.57,extreme fear,17.608800000000002,extreme fear,1.3537322247675898,extreme fear,1.2711600739970081,extreme fear
2026-07-07,39.771428571428565,fear,7503.85,extreme greed,7065.900159999999,extreme greed,2.2241518100646807,extreme fear,902.128587292001,extreme greed,0.7128636547257743,extreme fear,16.13,extreme fear,17.5452,extreme fear,1.3517327597850597,extreme fear,0.9412902231055034,extreme fear
2026-07-08,38.62857142857143,fear,7482.71,extreme greed,7070.545440000001,extreme greed,2.1995467908240234,extreme fear,883.8982991780251,extreme greed,0.725033594869481,extreme fear,16.9,extreme fear,17.509,extreme fear,1.3517327597850597,extreme fear,1.409743846532041,extreme fear
2026-07-09,44.714285714285715,fear,7543.64,extreme greed,7075.336,extreme greed,2.194182834213034,extreme fear,879.8741403927953,extreme greed,0.7276923066919443,extreme fear,15.84,extreme fear,17.465400000000002,extreme fear,1.32480767540631,extreme fear,3.56340853331704,extreme fear
2026-07-10,46.82857142857143,neutral,7575.39,extreme greed,7080.57168,extreme greed,2.203167755417826,extreme fear,886.3660159770518,extreme greed,0.7209132583539135,extreme fear,15.03,extreme fear,17.4094,extreme fear,1.3192460539129203,extreme fear,3.054735846639249,extreme fear
2026-07-13,40.857142857142854,fear,7515.34,extreme greed,7085.322720000001,extreme greed,2.1326507713576226,extreme fear,889.3502126738092,extreme greed,0.7505765855855463,extreme fear,17.16,extreme fear,17.3764,extreme fear,1.3129533842417196,extreme fear,1.943469024361754,extreme fear
2026-07-14,41.057142857142864,fear,7543.59,extreme greed,7089.9412,extreme greed,1.9769064470924869,extreme fear,896.814096683463,extreme greed,0.7419822029960067,extreme fear,16.5,extreme fear,17.3686,extreme fear,1.3006000170701,extreme fear,0.6116662266547715,extreme fear
2026-07-15,44.42857142857144,fear,7572.4,extreme greed,7094.7022400000005,extreme greed,1.8744542412087468,extreme fear,907.4426373188024,extreme greed,0.7274997270174879,extreme fear,15.67,extreme fear,17.3422,extreme fear,1.3028300483601998,extreme fear,1.631296062790958,extreme fear
2026-07-16,41.857142857142854,fear,7533.77,extreme greed,7099.26248,extreme greed,1.985891213450276,extreme fear,922.2534749504516,extreme greed,0.7579930200613714,extreme fear,16.73,extreme fear,17.311,extreme fear,1.3082960572343205,extreme fear,1.9094178317085653,extreme fear
2026-07-17,37.0,fear,7457.69,extreme greed,7103.5112,extreme greed,2.0822201931087183,extreme fear,915.6343309086724,extreme greed,0.7970569756653646,extreme fear,18.77,extreme fear,17.3388,extreme fear,1.3085329476839798,extreme fear,0.09914725012296811,extreme fear
2026-07-20,36.00000000000001,fear,7443.28,extreme greed,7107.501679999999,extreme greed,2.052087819347064,extreme fear,897.0536331907589,extreme greed,0.7873255957879388,extreme fear,18.65,extreme fear,17.364,extreme fear,1.3135002505414204,extreme fear,0.16573710665840272,extreme fear
2026-07-21,42.771428571428565,fear,7509.2,extreme greed,7112.0552,extreme greed,2.0308657846302713,extreme fear,890.867999303897,extreme greed,0.8078729995238983,extreme fear,17.05,extreme fear,17.3634,extreme fear,1.2961386009076696,extreme fear,2.8697197993172074,extreme fear
2026-07-22,44.42857142857143,fear,7498.96,extreme greed,7117.672,extreme greed,2.1160893320552217,extreme fear,885.8945776594626,extreme greed,0.8146645114768102,extreme fear,16.64,extreme fear,17.3524,extreme fear,1.2862568934383298,extreme fear,3.657801429786827,extreme fear
2026-07-23,40.85714285714287,fear,7408.3,extreme greed,7121.93344,extreme greed,1.8901113898550512,extreme fear,860.657794356051,extreme greed,0.8183449104687677,extreme fear,18.7,extreme fear,17.358800000000002,extreme fear,1.28710996135964,extreme fear,2.741809296241886,extreme fear
2026-07-24,40.771428571428565,fear,7411.98,extreme greed,7125.922479999999,extreme greed,1.6849793886421827,extreme fear,848.0235957827468,extreme greed,0.8193690457083506,extreme fear,18.58,extreme fear,17.3706,extreme fear,1.29414598692585,extreme fear,3.774072779855167,extreme fear
2026-07-27,38.228571428571435,fear,7413.18,extreme greed,7129.90304,extreme greed,1.5611452588018988,extreme fear,856.276605484888,extreme greed,0.8220718578064938,extreme fear,18.67,extreme fear,17.3866,extreme fear,1.2910039158848399,extreme fear,1.652127748686724,extreme fear
2026-07-28,37.142857142857146,fear,7428.78,extreme greed,7133.7314400000005,extreme greed,1.6167310458456274,extreme fear,875.4761886702739,extreme greed,0.8154967294683001,extreme fear,18.21,extreme fear,17.4056,extreme fear,1.30004983990877,extreme fear,0.4444023843808763,extreme fear
2026-07-29,25.557142857142857,fear,7316.15,extreme greed,7136.43184,extreme greed,1.5836102129704488,extreme fear,876.83754354712,extreme greed,0.836889879314015,extreme fear,20.66,extreme fear,17.4502,extreme fear,1.3095145931442904,extreme fear,-1.218624815658477,extreme fear
2026-07-30,38.114285714285714,fear,7437.63,extreme greed,7140.1086399999995,extreme greed,1.3432262734961726,extreme fear,880.7747888631684,extreme greed,0.8247562826663408,extreme fear,17.09,extreme fear,17.4356,extreme fear,1.2922942760522,extreme fear,0.5352807420144495,extreme fear
2026-07-31,39.57142857142857,fear,7489.72,extreme greed,7144.27432,extreme greed,1.0440448740945667,extreme fear,878.8004657004948,extreme greed,0.815878451993752,extreme fear,15.99,extreme fear,17.394199999999998,extreme fear,1.2883052506673,extreme fear,0.7177432997170843,extreme fear
2026-08-03,46.142857142857146,neutral,7600.5,extreme greed,7149.5660800000005,extreme greed,0.9905083641184542,extreme fear,896.5500448076601,extreme greed,0.793823940991288,extreme fear,15.86,extreme fear,17.3626,extreme fear,1.2797989683450397,extreme fear,2.3025376364474264,extreme fear
2026-08-04,58.971428571428575,greed,7736.52,extreme greed,7155.646720000001,extreme greed,1.0054852793052769,extreme fear,930.3330774759522,extreme greed,0.7537693741851647,extreme fear,16.5,extreme fear,17.3574,extreme fear,1.19375633108202,extreme fear,3.713016960225205,extreme fear
2026-08-05,60.228571428571435,greed,7723.55,extreme greed,7162.09264,extreme greed,1.2026237120852414,extreme fear,953.1787570118074,extreme greed,0.7284415736465439,extreme fear,15.81,extreme fear,17.3396,extreme fear,1.20145161188746,extreme fear,2.8518537553750667,extreme fear
2026-08-06,59.6857142857143,greed,7709.96,extreme greed,7168.7105599999995,extreme greed,1.206193152374281,extreme fear,959.1413175290445,extreme greed,0.7146766065687179,extreme fear,15.15,extreme fear,17.3024,extreme fear,1.20530876113503,extreme fear,2.5755987982689437,extreme fear
2026-08-07,65.14285714285714,greed,7757.64,extreme greed,7176.38448,extreme greed,1.2029603561704385,extreme fear,979.5161800339355,extreme greed,0.6794147043775951,extreme fear,14.9,extreme fear,17.2746,extreme fear,1.1907458999978604,extreme fear,3.337592323739813,extreme fear
2026-08-10,64.37142857142858,greed,7753.11,extreme greed,7182.95096,extreme greed,1.1639508547762671,extreme fear,996.7118472233889,extreme greed,0.6863677183505921,extreme fear,15.46,extreme fear,17.269000000000002,extreme fear,1.2413194804817298,extreme fear,3.7075892921603084,extreme fear
2026-08-11,60.08571428571429,greed,7728.2,extreme greed,7189.058,extreme greed,1.0640267014434188,extreme fear,1013.2020041395825,extreme greed,0.7136066908801031,extreme fear,15.28,extreme fear,17.2682,extreme fear,1.2243126920884404,extreme fear,3.058991287654752,extreme fear
2026-08-12,61.68571428571429,greed,7748.5,extreme greed,7195.511520000001,extreme greed,0.9666796520917575,extreme fear,1023.9117417817617,extreme greed,0.7081145792580025,extreme fear,14.55,extreme fear,17.2382,extreme fear,1.2257556430237002,extreme fear,3.6965866704485233,extreme fear
2026-08-13,66.11428571428573,greed,7798.99,extreme greed,7202.371679999999,extreme greed,0.9203352253698203,extreme fear,1048.7370327990002,extreme greed,0.6927434725630441,extreme fear,14.63,extreme fear,17.2154,extreme fear,1.2237321881174996,extreme fear,5.229133021371698,extreme fear
2026-08-14,64.31428571428572,greed,7785.76,extreme greed,7209.99568,extreme greed,0.749858394083208,extreme fear,1075.9254083206781,extreme greed,0.7039685130644205,extreme fear,14.25,extreme fear,17.179199999999998,extreme fear,1.23232418098021,extreme fear,5.187315913358771,extreme fear
2026-08-17,59.142857142857146,greed,7745.06,extreme greed,7217.266799999999,extreme greed,0.6117111255551385,extreme fear,1077.6356667473165,extreme greed,0.7194592038498168,extreme fear,15.19,extreme fear,17.175,extreme fear,1.23232418098021,extreme fear,3.7406147011375843,extreme fear
2026-08-18,54.628571428571426,neutral,7691.76,extreme greed,7224.05512,extreme greed,0.3809061108379025,extreme fear,1065.8802877549315,extreme greed,0.7380781592989171,extreme fear,15.84,extreme fear,17.061600000000002,extreme fear,1.19972736614221,extreme fear,2.8526218609582865,extreme fear
2026-08-19,56.62857142857143,greed,7707.98,extreme greed,7230.668479999999,extreme greed,0.4409763285025924,extreme fear,1067.3137396298007,extreme greed,0.7274656981960639,extreme fear,14.89,extreme fear,16.981,extreme fear,1.21664337458317,extreme fear,3.625405948470344,extreme fear
2026-08-20,51.37142857142857,neutral,7641.16,extreme greed,7236.902639999999,extreme greed,0.5605018727020084,extreme fear,1054.1708806596098,extreme greed,0.7614424682048376,extreme fear,16.01,extreme fear,16.9038,extreme fear,1.23584994342055,extreme fear,3.2624863602502274,extreme fear
2026-08-21,54.65714285714286,neutral,7674.37,extreme greed,7243.021519999999,extreme greed,0.6446588549299542,extreme fear,1057.937357914575,extreme greed,0.7509385178759543,extreme fear,15.13,extreme fear,16.762,extreme fear,1.2251468836642,extreme fear,4.096936660594157,extreme fear
2026-08-24,54.97142857142858,neutral,7652.86,extreme greed,7249.542399999999,extreme greed,0.632240020454617,extreme fear,1061.1764510798248,extreme greed,0.7320912264564902,extreme fear,15.85,extreme fear,16.6902,extreme fear,1.2122787578396694,extreme fear,3.666248857419387,extreme fear
2026-08-25,59.60000000000001,greed,7677.28,extreme greed,7255.84008,extreme greed,0.4356619821960192,extreme fear,1069.591307664612,extreme greed,0.6877627378337106,extreme fear,15.45,extreme fear,16.645599999999998,extreme fear,1.2201076839764797,extreme fear,4.613796750630242,extreme fear
2026-08-26,53.94285714285714,neutral,7675.7,extreme greed,7261.67664,extreme greed,0.4092018430333095,extreme fear,1071.3339164535319,extreme greed,0.7030302587892244,extreme fear,15.21,extreme fear,16.625799999999998,extreme fear,1.2387017549237995,extreme fear,3.162985300969648,extreme fear
2026-08-27,57.314285714285724,greed,7730.99,extreme greed,7268.253680000001,extreme greed,0.4411822615575713,extreme fear,1062.8201857489007,extreme greed,0.6674867308369201,extreme fear,14.51,extreme fear,16.5878,extreme fear,1.23505341741535,extreme fear,2.9547069061901623,extreme fear
2026-08-28,53.74285714285714,neutral,7711.76,extreme greed,7274.91672,extreme greed,0.4857271207719222,extreme fear,1048.841972955676,extreme greed,0.6840159644630919,extreme fear,14.43,extreme fear,16.5076,extreme fear,1.2281388650358203,extreme fear,1.5018568606609113,extreme fear
2026-08-31,49.2,neutral,7686.14,extreme greed,7281.3528799999995,extreme greed,0.18981943584774824,extreme fear,1022.2471879276162,extreme greed,0.6959533077272659,extreme fear,14.92,extreme fear,16.477999999999998,extreme fear,1.2184011693434,extreme fear,0.024194604041642698,extreme fear
2026-09-01,44.857142857142854,fear,7631.47,extreme greed,7287.8716,extreme greed,-0.26832026209365095,extreme fear,986.3176526150378,extreme greed,0.7427232584457713,extreme fear,16.34,extreme fear,16.4592,extreme fear,1.21333346753763,extreme fear,0.2610126127269992,extreme fear
2026-09-02,46.057142857142864,neutral,7666.6,extreme greed,7294.2484,extreme greed,-0.5331397300670763,extreme fear,971.2704671720796,extreme greed,0.7347225156210424,extreme fear,15.2,extreme fear,16.3734,extreme fear,1.0987096097908293,extreme fear,0.3984229592511868,extreme fear
2026-09-03,47.51428571428572,neutral,7747.71,extreme greed,7301.5844,extreme greed,-0.6328075483477127,extreme fear,973.027965300607,extreme greed,0.7431958382628667,extreme fear,14.32,extreme fear,16.2872,extreme fear,1.0990291455279597,extreme fear,1.0067410505228147,extreme fear
2026-09-04,45.228571428571435,neutral,7718.6,extreme greed,7309.41304,extreme greed,-0.7936023102164309,extreme fear,965.774189021511,extreme greed,0.7372703429877763,extreme fear,14.53,extreme fear,16.2,extreme fear,1.09797089423136,extreme fear,0.18675010203690318,extreme fear
2026-09-08,39.142857142857146,fear,7673.52,extreme greed,7316.43328,extreme greed,-0.921893741073792,extreme fear,944.6856337260081,extreme greed,0.7232481099816386,extreme fear,15.72,extreme fear,16.1462,extreme fear,1.23168015409037,extreme fear,0.11483178511024318,extreme fear
2026-09-09,38.2,fear,7636.36,extreme greed,7323.272319999999,extreme greed,-1.3011755273323222,extreme fear,898.9541141983037,extreme greed,0.7028874195061589,extreme fear,16.46,extreme fear,16.1224,extreme fear,1.23202535363414,extreme fear,-0.15428540306518818,extreme fear
2026-09-10,32.2,fear,7591.7,extreme greed,7329.79952,extreme greed,-1.89447848846893,extreme fear,843.183023130558,extreme greed,0.740904444505589,extreme fear,17.84,extreme fear,16.1502,extreme fear,1.22037261874269,extreme fear,-0.242569480215727,extreme fear
2026-09-11,32.6857142857143,fear,7656.98,extreme greed,7337.99784,extreme greed,-2.34421349373828,extreme fear,807.56454440442,extreme greed,0.754276132076795,extreme fear,15.84,extreme fear,16.1352,extreme fear,1.22006318003715,extreme fear,0.610142994629155,extreme fear
2026-09-14,31.0,fear,7619.98,extreme greed,7345.36264,extreme greed,-2.7521504351754,extreme fear,770.854536930731,extreme greed,0.766825548916163,extreme fear,17.1,extreme fear,16.1542,extreme fear,1.22451481299658,extreme fear,0.500950499156366,extreme fear
2026-09-15,27.9714285714286,fear,7585.73,extreme greed,7352.31976,extreme greed,-3.2218849941685,extreme fear,725.74210252348,extreme greed,0.786089652989936,extreme fear,17.2,extreme fear,16.1868,extreme fear,1.23513975123211,extreme fear,0.691823543504194,extreme fear
2026-09-16,27.3142857142857,fear,7551.81,extreme greed,7359.73664,extreme greed,-3.30454601106619,extreme fear,665.77607581696,extreme greed,0.799215836721683,extreme fear,17.71,extreme fear,16.2184,extreme fear,1.23988521333679,extreme fear,0.625140132561477,extreme fear
2026-09-17,28.2857142857143,fear,7637.76,extreme greed,7367.9868,extreme greed,-3.45522133735714,extreme fear,628.6574996262,extreme greed,0.787194973425986,extreme fear,15.44,extreme fear,16.1892,extreme fear,1.24928230249995,extreme fear,1.61599023539061,extreme fear
2026-09-18,29.1142857142857,fear,7650.5,extreme greed,7377.13896,extreme greed,-3.6807546965675,extreme fear,575.106304134418,extreme greed,0.775619404957116,extreme fear,14.81,extreme fear,16.1686,extreme fear,1.2428886428038801,extreme fear,1.6186125546155599,extreme fear
