date,fg,fg_rating,close,fwd_ret_1w,fwd_ret_1m,fwd_ret_3m,fwd_ret_6m,fwd_ret_12m,fg_chg_5d
2011-01-03,68.0,greed,2691.52001953125,0.006048637639229026,0.021564037659511204,0.03628801612703958,0.04987887848717576,-0.015901813294176836,
2011-01-04,68.0,greed,2681.25,0.013269959207459214,0.027088068181818192,0.041003241550116476,0.05697716346153836,-0.012266626602564057,
2011-01-05,67.0,greed,2702.199951171875,0.013000565312677903,0.024831655269311304,0.03612616347845199,0.06308191992364431,-0.011967968445849131,
2011-01-06,64.0,greed,2709.889892578125,0.009373128610849157,0.027344320468221328,0.031827861433123994,0.05532334226059432,-0.013162867603105588,
2011-01-07,63.0,greed,2703.169921875,0.019284813185908023,0.03472964322124694,0.028577559765986527,0.03679021230138524,-0.00984394768006025,
2011-01-10,58.0,greed,2707.800048828125,0.021438085449938526,0.030013301597517028,0.023528310727770396,0.027369030927273608,-0.0019573265132404316,-10.0
2011-01-11,58.0,greed,2716.830078125,0.0031396992272560986,0.027097709805128156,0.010291391118872006,0.029479150865877157,-0.0022342465979926507,-10.0
2011-01-12,58.0,greed,2737.330078125,-0.012070169880693205,0.026343137737573574,0.008837056809319677,0.009257138535282872,-0.004614031407486063,-9.0
2011-01-13,58.0,greed,2735.2900390625,-0.016725831391423696,0.029938284938218818,0.00911418214690296,0.019928420382179235,-0.009000916479021126,-6.0
2011-01-14,60.0,greed,2755.300048828125,-0.013700867176355547,0.017802071628818306,0.003393406652608233,0.0035604320472910622,-0.009879131209213354,-3.0
2011-01-18,56.0,greed,2765.85009765625,-0.016848381514145805,0.021588285275509822,-0.01101658216024437,0.021935361546314924,0.001395543194665727,-2.0
2011-01-19,55.0,neutral,2725.360107421875,0.0051882657780226715,0.03897465528091493,0.007195329243958382,0.03260848825256479,0.023105192789621087,-3.0
2011-01-20,54.0,neutral,2704.2900390625,0.018855222442061725,0.047946008096943826,0.036320057865233624,0.04812349662880133,0.030473769795027028,-4.0
2011-01-21,47.0,neutral,2689.5400390625,-0.0009853530514082331,0.024866661897999576,0.04856587786378719,0.06294386274372399,0.035184411251778736,-11.0
2011-01-24,45.0,neutral,2717.550048828125,-0.006428573674533977,0.002001781497491084,0.039863050187829874,0.046089307556271386,0.02542357730625544,-15.0
2011-01-25,43.0,fear,2719.25,0.011745864266341721,0.0068584728670588735,0.04717846430541517,0.04439090224786235,0.036429184000643655,-13.0
2011-01-26,43.0,fear,2739.5,0.003672224345227182,0.01516701910134155,0.04759258361471064,0.00923162586694648,0.024011691657921164,-12.0
2011-01-27,43.0,fear,2755.280029296875,-0.000508168487227123,0.009795733989790723,0.042554658239192245,0.0039814358564216334,0.02223731122781225,-11.0
2011-01-28,43.0,fear,2686.889892578125,0.03067120706272264,0.01880241526487536,0.06946698746381474,0.025862611797500268,0.04654081626997253,-4.0
2011-01-31,41.0,fear,2700.080078125,0.031076823531709596,0.017773543319389296,0.060738939310972295,0.01649211431084585,0.04213208737298735,-4.0
2011-02-01,41.0,fear,2751.18994140625,0.016669189840972543,0.01728344819544536,0.0328694774650955,-0.02978709319138717,0.0352865778781446,-2.0
2011-02-02,46.0,neutral,2749.56005859375,0.01436957510425585,0.012769265821822806,0.028611821600010856,-0.020545101409156552,0.04004999734510095,3.0
2011-02-03,47.0,neutral,2753.8798828125,0.013279471115503538,-0.002995773363787535,0.022092498757966927,-0.07171336392227867,0.05511497805120835,4.0
2011-02-04,49.0,neutral,2769.300048828125,0.014494598588228325,-0.0012747009116504948,0.021037810543598878,-0.08554152043545948,0.04791461346429404,6.0
2011-02-07,56.0,greed,2783.989990234375,0.011921717219772088,-0.011591284323739015,0.02128599958099575,-0.15312556809596722,0.043135962525682414,15.0
2011-02-08,56.0,greed,2797.050048828125,0.0026099099768284173,-0.03433261029315815,0.026756705258583313,-0.11245062612614065,0.04247691550729593,15.0
2011-02-09,56.0,greed,2789.070068359375,0.013083210295910419,-0.02633851396236586,0.02007478796232265,-0.14629249517967868,0.049536192610121654,10.0
2011-02-10,56.0,greed,2790.449951171875,0.014739603889276642,-0.03206650613144735,0.026013757336927013,-0.10671039608010124,0.04064933384416691,9.0
2011-02-11,56.0,greed,2809.43994140625,0.008724162209125863,-0.0505829867322658,0.006773602459481554,-0.10730251125660506,0.04340721058832586,7.0
2011-02-14,61.0,greed,2817.179931640625,-0.02156767094753531,-0.07112071935162745,-0.012377581089244805,-0.09299369824638148,0.04069677807821348,5.0
2011-02-15,61.0,greed,2804.35009765625,-0.029012107828431333,-0.060013922287656785,-0.00753833721988495,-0.10016586257155935,0.03975251897468857,5.0
2011-02-16,61.0,greed,2825.56005859375,-0.031023993272904393,-0.06437312707813214,-0.0037373329091456853,-0.11115675179854934,0.047526874770920546,5.0
2011-02-17,61.0,greed,2831.580078125,-0.01784517050647383,-0.04926224453688832,-0.0029206377015924545,-0.1593280550211792,0.042449779930457954,5.0
2011-02-18,56.0,greed,2833.949951171875,-0.018236007174105007,-0.05295782796810333,-0.010808194689477135,-0.17364804310596815,0.040445356891395834,0.0
2011-02-22,42.0,fear,2756.419921875,-0.006896630522353009,-0.021085275355048227,0.0008997106896047047,-0.14912097964482063,0.06412303096393579,-19.0
2011-02-23,42.0,fear,2722.989990234375,0.009210492221765954,0.004932053253515312,0.00850900001766286,-0.10170067926573201,0.08593127079921237,-19.0
2011-02-24,42.0,fear,2737.89990234375,0.02222144346422006,0.0018847132598174277,0.008575909020139827,-0.0986924177564672,0.08249026834871254,-19.0
2011-02-25,42.0,fear,2781.050048828125,0.0013016209644987065,-0.01811190604380708,0.0006723622423345788,-0.12995816676075989,0.06656114058761764,-19.0
2011-02-28,43.0,fear,2782.27001953125,-0.013169151973582705,-0.009122093389555719,0.00524395108605713,-0.10869538892776154,0.07349753575277607,-13.0
2011-03-01,43.0,fear,2737.409912109375,0.010360197534325932,0.014385907926657504,0.035760130876167695,-0.06403856576687073,0.08383106214878833,1.0
2011-03-02,42.0,fear,2748.070068359375,0.001328169316268113,0.012008427434203384,0.007685347360696593,-0.06257480946989169,0.08766148473338231,0.0
2011-03-03,41.0,fear,2798.739990234375,-0.03491570172438263,-0.0032657169333403235,-0.009086207268041102,-0.07834955374990438,0.06340351436398173,-1.0
2011-03-04,39.0,fear,2784.669921875,-0.024800000140276945,0.0016231796435703938,-0.01863412685665311,-0.08569413593257169,0.059543882487194555,-3.0
2011-03-07,35.0,fear,2745.6298828125,-0.016265816594197124,0.01659366358115255,-0.01568668249437588,-0.09662620819661927,0.05998266065569391,-8.0
2011-03-08,27.0,fear,2765.77001953125,-0.0355922367771323,0.01231123650472421,-0.02321594365549684,-0.10555466989107387,0.06143675022690376,-16.0
2011-03-09,26.0,fear,2751.719970703125,-0.04902384827671258,0.016142602571456388,-0.02774268047017825,-0.07369210219638023,0.07947754622574932,-16.0
2011-03-10,26.0,fear,2701.02001953125,-0.024053864922630286,0.029396265769821905,-0.0059791864654719085,-0.06363526582929735,0.10637465338344221,-15.0
2011-03-11,26.0,fear,2715.610107421875,-0.02649135284563109,0.020584656903055887,-0.026469236786486272,-0.09118397243799614,0.09870702865441139,-13.0
2011-03-14,13.0,extreme fear,2700.969970703125,-0.0032876643979082854,0.016223826564042643,-0.02268815646288813,-0.07622442494571857,0.12547711221726354,-22.0
2011-03-15,13.0,extreme fear,2667.330078125,0.006200971974989589,0.03531244302259773,0.004270147392531065,-0.050679957793703156,0.13999013673112093,-14.0
2011-03-16,11.0,extreme fear,2616.820068359375,0.03113702063582613,0.054799297849184914,0.005594535426848735,-0.016917487016600785,0.1679710631016762,-15.0
2011-03-17,9.0,extreme fear,2636.050048828125,0.038075860164906716,0.048785057617853234,-0.004685077076491906,-0.010993714053962433,0.1590295909305146,-17.0
2011-03-18,9.0,extreme fear,2643.669921875,0.037595516708174515,0.034690397684917995,-0.010284922932801588,-0.008079625638778953,0.1644116547560912,-17.0
2011-03-21,14.0,extreme fear,2692.090087890625,0.014334529116830863,0.019642686940663845,-0.0231902253427807,-0.02944181181831429,0.14191940164695094,1.0
2011-03-22,15.0,extreme fear,2683.8701171875,0.0272068960874845,0.04420478167641395,0.001263061336841842,-0.034886236242774094,0.14585279245259675,2.0
2011-03-23,16.0,extreme fear,2698.300048828125,0.02908868132306619,0.045161717035203,-0.01078831371422817,-0.0593373992975359,0.13527777227361293,5.0
2011-03-24,16.0,extreme fear,2736.419921875,0.01631699364832162,0.03269233651690495,-0.01815142532691627,-0.1025975573981458,0.12114368754224514,7.0
2011-03-25,19.0,extreme fear,2743.06005859375,0.016966467400775453,0.03808884174497895,-0.032872107824664765,-0.09472270842593355,0.13835278909648951,10.0
2011-03-28,23.0,extreme fear,2730.679931640625,0.021426901442261448,0.050976296987044645,-0.015527232559355841,-0.07836509425907245,0.1427007836035572,9.0
2011-03-29,23.0,extreme fear,2756.889892578125,0.012441573716986287,0.041945866982235014,-0.010003966447344581,-0.07619448822335306,0.12625461368494295,8.0
2011-03-30,24.0,extreme fear,2776.7900390625,0.008293759691190283,0.0348423894637222,-0.013072666034332436,-0.10271210891904259,0.11472601956859885,8.0
2011-03-31,24.0,extreme fear,2781.070068359375,0.005418714325180707,0.02984822666283793,-0.0027147999304378834,-0.10798363623067964,0.11164767243105533,8.0
2011-04-01,27.0,fear,2789.60009765625,-0.003290857276984971,0.018647841163669243,0.009474451790717486,-0.13414116081616623,0.11833232074839906,8.0
2011-04-04,31.0,fear,2789.18994140625,-0.006338733471737412,0.013996909454942585,0.013114946953579398,-0.16254176761180905,0.1162990451591761,8.0
2011-04-05,35.0,fear,2791.18994140625,-0.016623699324587293,0.008430106797038706,0.015344737916123785,-0.1384247869753411,0.09920505314836014,12.0
2011-04-06,37.0,fear,2799.820068359375,-0.0136794679275829,0.009907776055991357,0.026015901726385682,-0.12118995160734647,0.10024927487754476,13.0
2011-04-07,37.0,fear,2796.139892578125,-0.01284625349766777,0.016848265548844887,0.022770736966568395,-0.10347115499718018,0.08974521847528183,13.0
2011-04-08,37.0,fear,2780.419921875,-0.005671812163040246,0.03289789789789799,0.007984475703773919,-0.10828214179091367,0.07581590362292112,10.0
2011-04-11,34.0,fear,2771.510009765625,-0.013036260675883482,0.026537897596965454,0.0037524318177113436,-0.07413285906005984,0.08838140591546684,3.0
2011-04-12,33.0,fear,2744.7900390625,6.555388137674534e-05,0.04308161947439482,0.01899230253338624,-0.05893347303929852,0.1132181352099948,-2.0
2011-04-13,33.0,fear,2761.52001953125,0.01484327107696748,0.024243876813625054,0.00041640195820313863,-0.056776716429205565,0.09046107101412715,-4.0
2011-04-14,30.0,fear,2760.219970703125,0.02171563934847609,0.008003017196125173,0.010716565505271891,-0.050713342398248096,0.08266729973064413,-7.0
2011-04-15,28.0,fear,2764.64990234375,0.02214746265588352,0.0067133486153221344,0.00016646052642510512,-0.03501340426700583,0.10061677819669113,-9.0
2011-04-18,24.0,extreme fear,2735.3798828125,0.041003502641350664,0.029107517273116335,0.03331900526556497,-0.044037744700251236,0.1082372763723618,-10.0
2011-04-19,24.0,extreme fear,2744.969970703125,0.045505019523903734,0.028539506343145282,0.02523160927253576,-0.03189107348962239,0.09566228071462746,-9.0
2011-04-20,25.0,fear,2802.510009765625,0.02498475269927969,0.0002890475291532635,0.011389761950455712,-0.0708186482872627,0.07062952164898917,-8.0
2011-04-21,30.0,fear,2820.159912109375,0.018928049691053994,-0.02172217593143677,0.01371204726710018,-0.0785557563493523,0.05329131813312271,0.0
2011-04-25,35.0,fear,2825.8798828125,0.013517982680311569,-0.02821067207703909,0.005987574390028616,-0.0666765502033555,0.048027595110897714,7.0
2011-04-26,36.0,fear,2847.5400390625,-0.0020789600124284657,-0.030257750573497333,-0.0026619742026509075,-0.05200983853593477,0.06394636818169186,12.0
2011-04-27,37.0,fear,2869.8798828125,-0.014512768493618267,-0.030300906131401795,-0.03661820286604167,-0.08065144549209069,0.06297483936235637,13.0
2011-04-28,37.0,fear,2872.530029296875,-0.020125136379479547,-0.026342604290727656,-0.03699875308975964,-0.07723508724334582,0.06846574965941787,12.0
2011-04-29,41.0,fear,2873.5400390625,-0.01600116227500037,-0.013307623946263503,-0.04077206325902594,-0.04694911308561922,0.060141868917809926,11.0
2011-05-02,36.0,fear,2864.080078125,-0.007272868619873418,-0.03313110462360769,-0.041713208934205936,-0.04431795631368873,0.0650679653493671,1.0
2011-05-03,31.0,fear,2841.6201171875,0.010652294867825152,-0.024039124082975594,-0.06066262197064487,-0.05532414559118626,0.07679773209261476,-5.0
2011-05-04,30.0,fear,2828.22998046875,0.005950745958152481,-0.0337490062091963,-0.047789576181132776,-0.07823621878676812,0.0693260695606086,-7.0
2011-05-05,29.0,fear,2814.719970703125,0.017166918507813156,-0.03984762721577495,-0.0917782517670731,-0.062080772529113926,0.050314105368045814,-8.0
2011-05-06,27.0,fear,2827.56005859375,0.00032180116090185784,-0.04456138769433049,-0.10438333417086254,-0.045831064665369126,0.04604675001549863,-14.0
2011-05-09,28.0,fear,2843.25,-0.02143319841950231,-0.059041630946100376,-0.17077642085421607,-0.05525370532181484,0.03623319072584197,-8.0
2011-05-10,31.0,fear,2871.889892578125,-0.030878597354934145,-0.06512080281139732,-0.13557966621670636,-0.061506498920664954,0.02187412147022827,0.0
2011-05-11,31.0,fear,2845.06005859375,-0.010565702647629904,-0.0707647901902334,-0.16309322130618742,-0.04132428347311845,0.031134609519687384,1.0
2011-05-12,32.0,fear,2863.0400390625,-0.013876851153558967,-0.07801151734133127,-0.1293590387730481,-0.08431252564591896,0.024721983741468057,3.0
2011-05-13,32.0,fear,2828.469970703125,-0.008891698552308869,-0.05294381823073546,-0.11330860626202965,-0.07188341063024684,0.026201482847439284,5.0
2011-05-16,27.0,fear,2782.31005859375,-0.008413927907744423,-0.05421757262110949,-0.08162645522572065,-0.03722089070335022,0.04005662518727493,-1.0
2011-05-17,27.0,fear,2783.2099609375,-0.01331198484775653,-0.05731152590151534,-0.09333108655522604,-0.04526787127189513,0.03263500756313942,-4.0
2011-05-18,25.0,fear,2815.0,-0.01904799900088805,-0.07052220942495557,-0.10782238704484903,-0.04575490189276199,-0.00046538493561276706,-6.0
2011-05-19,23.0,extreme fear,2823.31005859375,-0.014305951482660673,-0.06858975545209134,-0.1568655648022298,-0.06506545415113685,-0.015768731951964488,-9.0
2011-05-20,22.0,extreme fear,2803.320068359375,-0.002304396494147265,-0.04140093024114555,-0.1646190835207869,-0.07681251975305858,0.015656397238939412,-10.0
2011-05-23,16.0,extreme fear,2758.89990234375,0.027692250240565652,-0.03251656968826211,-0.14988583644515519,-0.06756312622484018,0.029062372184338825,-11.0
2011-05-24,13.0,extreme fear,2746.159912109375,0.008386266653781727,-0.02163381376568896,-0.10927981731592351,-0.08121159243051668,0.03785657369030315,-14.0
2011-05-25,13.0,extreme fear,2761.3798828125,0.004320367456685847,-0.03928832498188428,-0.10635622546330825,-0.08694922962612461,0.02824674739085742,-12.0
2011-05-26,15.0,extreme fear,2782.919921875,-0.018017008748258623,-0.034007407771317055,-0.13054275698228945,-0.11600759375515401,0.019623312547592642,-8.0
2011-05-27,16.0,extreme fear,2796.860107421875,-0.033716398105820944,-0.0241521013685565,-0.11334496456379528,-0.12705322540561714,0.026504680236163924,-6.0
2011-05-31,16.0,extreme fear,2835.300048828125,-0.04716960742467169,-0.03343916233237343,-0.09635309727418928,-0.10861635651746449,0.0007265751625129546,0.0
2011-06-01,15.0,extreme fear,2769.18994140625,-0.0338763539441832,0.001563662376586894,-0.0697243013551917,-0.09160799259288122,0.02099897360411651,2.0
2011-06-02,12.0,extreme fear,2773.31005859375,-0.03188966957812678,0.015403964865286834,-0.06989845836225927,-0.055157904262854385,-0.009313808257738643,-1.0
2011-06-03,9.0,extreme fear,2732.780029296875,-0.032585882461617977,0.03402761628725037,-0.06833334122484125,-0.0390006063358207,0.009964205013513583,-6.0
2011-06-06,6.0,extreme fear,2702.56005859375,-0.023263171150473494,0.04864275282966468,-0.0822294327047759,-0.02798462395410317,0.02795499348400665,-10.0
2011-06-07,6.0,extreme fear,2701.56005859375,-0.008454406859462527,0.06333372192535602,-0.0842957311810757,-0.016953185505698243,0.05299157116791786,-10.0
2011-06-08,6.0,extreme fear,2675.3798828125,-0.01641633106279805,0.06893607033755789,-0.04726055623672021,-0.009650900189772993,0.05817496712098058,-9.0
2011-06-09,6.0,extreme fear,2684.8701171875,-0.02278328684282982,0.04385687011308659,-0.05800288945541554,-0.013281892491453284,0.06463992562489373,-6.0
2011-06-10,5.0,extreme fear,2643.72998046875,-0.01030740665700225,0.05226703659657583,-0.06647425854103872,-0.017910338047403163,0.06279007358027044,-4.0
2011-06-13,6.0,extreme fear,2639.68994140625,-0.0037996997827448586,0.05956380634044778,-0.05477910539697395,0.0027124989710669567,0.07704697576897135,0.0
2011-06-14,5.0,extreme fear,2678.719970703125,0.003188104451343099,0.03133957714506441,-0.05471645784643275,-0.024810342874345026,0.0522227549907095,-1.0
2011-06-15,5.0,extreme fear,2631.4599609375,0.01433804087040258,0.060171954063938715,-0.022386778816268715,-0.019833074483738833,0.07785416469514206,-1.0
2011-06-16,6.0,extreme fear,2623.699951171875,0.024030967717922014,0.0538972286777073,-0.006338332554022497,-0.03216446017023866,0.09494229610553973,0.0
2011-06-17,7.0,extreme fear,2616.47998046875,0.013915608902481225,0.08027580590349892,0.0022282143064422666,-0.02884408490280299,0.10657451986553834,2.0
2011-06-20,9.0,extreme fear,2629.659912109375,0.022291900529630926,0.07018780927124624,-0.006400004010737259,-0.028265949388395106,0.11412125814228413,3.0
2011-06-21,9.0,extreme fear,2687.260009765625,0.015647927135935102,0.05476579167634599,-0.03610369639658051,-0.06107340435651187,0.09049736181928303,4.0
2011-06-22,10.0,extreme fear,2669.18994140625,0.026712242438078793,0.07104782382734398,-0.04907856049052217,-0.024524279790674175,0.07114523531597272,5.0
2011-06-23,10.0,extreme fear,2686.75,0.03229553160184229,0.058081343194612556,-0.08600728691727921,-0.04048758883293013,0.07654970573183206,4.0
2011-06-24,11.0,extreme fear,2652.889892578125,0.06149525360067143,0.0705155795884076,-0.06395286611179196,-0.020144048026929706,0.06908316098756173,4.0
2011-06-27,25.0,fear,2688.280029296875,0.05114422185784551,0.02846058034573007,-0.06382894862909971,-0.025905090228626415,0.06166769365177904,16.0
2011-06-28,29.0,fear,2729.31005859375,0.03836499286982842,0.013534534594168868,-0.0668593807780018,-0.038145210762721704,0.05349704014239243,20.0
2011-06-29,30.0,fear,2740.489990234375,0.04822857311866935,0.005798193985290245,-0.09082679119294557,-0.05492083908423728,0.039773909187195366,20.0
2011-06-30,32.0,fear,2773.52001953125,0.03111210247441587,-0.010423545496621722,-0.10555539808762737,-0.05760911339081631,0.05824008053281515,22.0
2011-07-01,34.0,fear,2816.030029296875,-0.004761991871486959,-0.05212658868526043,-0.14226770410298395,-0.07488561015302064,0.04801083431828057,23.0
2011-07-05,51.0,neutral,2825.77001953125,-0.01552147100391088,-0.04696063382889448,-0.1733828082327532,-0.06265550543900766,0.053192601505017034,26.0
2011-07-06,52.0,neutral,2834.02001953125,-0.01309097938637227,-0.09796336124649019,-0.15144563136955724,-0.0655111505317042,0.050140823521688915,23.0
2011-07-07,48.0,neutral,2872.659912109375,-0.03828855263051656,-0.11844423301404894,-0.14347326692114803,-0.07059652408996286,0.02251229452641268,18.0
2011-07-08,43.0,fear,2859.81005859375,-0.02448065022893542,-0.17557813522566834,-0.12343127095928541,-0.06489594906239504,0.025162496621501163,11.0
2011-07-11,35.0,fear,2802.6201171875,-0.01338390798509903,-0.11421458644829774,-0.11534564301053385,-0.04497935978574741,0.0355774085563767,1.0
2011-07-12,31.0,fear,2781.909912109375,0.016035784346463355,-0.14409519932200077,-0.07759412421719114,-0.02854510556352363,0.038128505850481664,-20.0
2011-07-13,31.0,fear,2796.919921875,0.006188971825173306,-0.10877679688105568,-0.07647337019028322,-0.030805283853681087,0.024766536570990816,-21.0
2011-07-14,31.0,fear,2762.669921875,0.02597487640395424,-0.09218978329245864,-0.057169312973537445,-0.013743940382626385,0.052775052015324286,-17.0
2011-07-15,32.0,fear,2789.800048828125,0.024743719294818778,-0.08409208314222927,-0.06077857037280321,-0.028364085442741382,0.038404147502660635,-11.0
2011-07-18,44.0,fear,2765.110107421875,0.028096509139987402,-0.08739621456713653,-0.035174009709258214,-0.013391882369342967,0.05241380126296469,9.0
2011-07-19,44.0,fear,2826.52001953125,0.0047549429380935315,-0.11145862646843951,-0.07486240896724372,-0.020098940818105815,0.04106819598760558,13.0
2011-07-20,47.0,neutral,2814.22998046875,-0.017567839781884143,-0.15414520200508608,-0.05571685680145011,-0.009203193244155528,0.053893932950617396,16.0
2011-07-21,48.0,neutral,2834.429931640625,-0.024054195476675977,-0.17378797699362392,-0.08128262053906932,-0.016839358043725938,0.032059397966808234,17.0
2011-07-22,51.0,neutral,2858.830078125,-0.03583640598174109,-0.17960150875747494,-0.09101973668479169,-0.026115632692295887,0.010955468972570603,19.0
2011-07-25,38.0,fear,2842.800048828125,-0.03453986904451001,-0.1395595833051717,-0.07223163232154561,-0.019755225582309466,0.007102132073823819,-6.0
2011-07-26,35.0,fear,2839.9599609375,-0.06011351323656289,-0.13108284083285449,-0.04947957769265976,-0.0076233125260692924,0.0050282502194718415,-9.0
2011-07-27,27.0,fear,2764.7900390625,-0.025940476379697985,-0.12484136277018665,-0.04570694895528138,0.01464486983181712,0.046462826877464725,-20.0
2011-07-28,27.0,fear,2766.25,-0.0758644762483055,-0.10353362940578403,-0.0417822243560777,0.01818347901604156,0.06935023511635796,-21.0
2011-07-29,16.0,extreme fear,2756.3798828125,-0.0812551173006657,-0.07048004398885677,-0.006439605843403751,0.020156894534093972,0.06873515739231384,-35.0
2011-08-01,10.0,extreme fear,2744.610107421875,-0.14097454679239485,-0.061393055262876306,-0.0027181292737905594,0.025223976360627898,0.07101551931995975,-28.0
2011-08-02,8.0,extreme fear,2669.239990234375,-0.06995248512170305,-0.03363505328308514,0.005683236400810809,0.06707153719855485,0.0940230071560888,-27.0
2011-08-03,2.0,extreme fear,2693.070068359375,-0.11586034214153718,-0.05459569397184161,-0.031974699965505726,0.06186614497659515,0.08046576794189741,-25.0
2011-08-04,5.0,extreme fear,2556.389892578125,-0.024921848237026256,-0.029752822397689282,0.032698489433598876,0.13662627150313544,0.16097310154462252,-22.0
2011-08-05,5.0,extreme fear,2532.409912109375,-0.009646910448346868,-0.023132050504249047,0.0653764849845524,0.14594006932201498,0.18065795660186956,-11.0
2011-08-08,1.0,extreme fear,2357.68994140625,0.08377268202103783,0.08111753655187104,0.13931431574992814,0.2317480882973333,0.2791589150280964,-9.0
2011-08-09,2.0,extreme fear,2482.52001953125,0.0164872513891563,0.01877925361330135,0.08569114399686395,0.17455653307176489,0.21298115475765012,-6.0
2011-08-10,2.0,extreme fear,2381.050048828125,0.05477832425438445,0.036513277597435945,0.14549880695567752,0.22938616175222237,0.2677767500367332,0.0
2011-08-11,3.0,extreme fear,2492.679931640625,-0.045031854501319635,0.0009668935908726528,0.051739482901938416,0.16496299663360015,0.21189249733864313,-2.0
2011-08-12,6.0,extreme fear,2507.97998046875,-0.06624450508854252,0.009637206860990455,0.04671884256950909,0.1688250765184489,0.2051611428598128,1.0
2011-08-15,7.0,extreme fear,2555.199951171875,-0.08211493126522118,0.006790113489276273,0.04835239949478787,0.14739751649587873,0.1807216805421008,6.0
2011-08-16,11.0,extreme fear,2523.449951171875,-0.03066828907868202,0.033137220394907185,0.05301076784547609,0.1554935245578799,0.20110562534956533,9.0
2011-08-17,7.0,extreme fear,2511.47998046875,-0.017435949879372248,0.04412938943845934,0.06956853013437714,0.17852824656154143,0.21935668067979242,5.0
2011-08-18,7.0,extreme fear,2380.429931640625,0.01646759295488187,0.0976294842353127,0.10887956513074903,0.24001970823080176,0.2924514378670229,4.0
2011-08-19,6.0,extreme fear,2341.840087890625,0.05893229451458204,0.10607039465597845,0.10510961171796551,0.25908258365124004,0.31358668631740216,0.0
2011-08-22,7.0,extreme fear,2345.3798828125,0.09240730092281657,0.08220845586964742,0.09683724110191694,0.2506161340301265,0.30778814649312625,0.0
2011-08-23,9.0,extreme fear,2446.06005859375,0.053167152773383464,0.003928711090918524,0.03151183214556408,0.20887464315521753,0.25657990738055125,-2.0
2011-08-24,8.0,extreme fear,2467.68994140625,0.04529338052395526,0.006297403414322167,0.021716702326097792,0.20102203695455456,0.23735152099526924,1.0
2011-08-25,11.0,extreme fear,2419.6298828125,0.052243591942692014,0.04011359724195929,0.016717513533715422,0.22587340038204773,0.26870231718839355,4.0
2011-08-26,12.0,extreme fear,2479.85009765625,0.0001935522107581189,0.027009689227608602,-0.01546064737012165,0.204411513659017,0.2392643992113781,6.0
2011-08-29,22.0,extreme fear,2562.110107421875,-0.03445598572877373,-0.027528102360848905,-0.013570852958477042,0.1579868811975298,0.2010178187363303,15.0
2011-08-30,22.0,extreme fear,2576.110107421875,-0.010546973880249388,-0.03701320738641667,-0.023523877136174653,0.16026483576605854,0.19606298369360076,13.0
2011-08-31,28.0,fear,2579.4599609375,-0.019507985827035723,-0.06360248310817851,0.015848327778759996,0.1538035040189416,0.18191792356003544,20.0
2011-09-01,26.0,fear,2546.0400390625,-0.030655467954409876,-0.08256349378342975,0.03148415220480638,0.15885058176664502,0.20460005101365675,15.0
2011-09-02,26.0,fear,2480.330078125,0.005950824809890953,-0.030443532669936713,0.05910497752236532,0.17335998705439448,0.23977856242356865,14.0
2011-09-06,27.0,fear,2473.830078125,0.023574709004650973,-0.005384390980269216,0.07354180598309967,0.18669829725383136,0.2406955702703535,5.0
2011-09-07,28.0,fear,2548.93994140625,0.009262716252486314,-0.016524466646961278,0.039475279724318524,0.16535500645661338,0.23024085724974896,6.0
2011-09-08,25.0,fear,2529.139892578125,0.030812916284282954,-0.019686453512510527,0.04747466469202677,0.18156377852409178,0.24011326185592408,-3.0
2011-09-09,25.0,fear,2467.989990234375,0.06252864435026328,0.03973276187576347,0.052022047531048665,0.20894327931452783,0.2577117540239593,-1.0
2011-09-12,31.0,fear,2495.090087890625,0.047188672988522695,0.0352451968901033,0.060823459041482675,0.2183447393606721,0.24425568614297077,5.0
2011-09-13,31.0,fear,2532.14990234375,0.022941014604568544,0.028663420778453963,0.03163718994192455,0.20084911941992845,0.22990746152554165,4.0
2011-09-14,31.0,fear,2572.550048828125,-0.013356438852385799,0.01853800334340394,0.0026121826886074118,0.1880702257201059,0.22673223775085605,3.0
2011-09-15,33.0,fear,2607.070068359375,-0.05807291039924023,0.023313538839837777,-0.02599086637064041,0.17191327032046178,0.22127517392562046,8.0
2011-09-16,38.0,fear,2622.31005859375,-0.053037236260148335,-0.002818178077199973,-0.031003217396696092,0.17389629737765122,0.2121640274604315,13.0
2011-09-19,39.0,fear,2612.830078125,-0.03679540339176646,0.01706955759925677,-0.022006788914977093,0.176559443371763,0.21622912849677345,8.0
2011-09-20,32.0,fear,2590.239990234375,-0.016759030928808705,0.005327710513370665,-0.02590497324928509,0.18727225274639814,0.22869700459667608,1.0
2011-09-21,31.0,fear,2538.18994140625,-0.018363426046604903,0.023808374147038514,0.02582156598815777,0.2068915798563853,0.2512696190017607,0.0
2011-09-22,28.0,fear,2455.669921875,0.010217206989882266,0.0740286947537705,0.04980313019216531,0.24932096718133967,0.294946007446097,-5.0
2011-09-23,28.0,fear,2483.22998046875,-0.02731526224252334,0.08706803745043667,0.04680193603380478,0.257463099640066,0.27285030148525613,-10.0
2011-09-26,26.0,fear,2516.68994140625,-0.07186418171965636,0.04836908133416351,0.04050953973094851,0.2398627444399022,0.23882164790099525,-13.0
2011-09-27,25.0,fear,2546.830078125,-0.05575951493009468,0.04077219153405309,0.030771535847641474,0.21914688679324867,0.21472570068337093,-7.0
2011-09-28,27.0,fear,2491.580078125,-0.01247002600163516,0.09915386900725798,0.039492972033152274,0.2423281654070859,0.25887990725012133,-4.0
2011-09-29,23.0,extreme fear,2480.760009765625,0.010504868867267758,0.10335134860640882,0.05360453245991881,0.24621892330949713,0.25615938994564913,-5.0
2011-09-30,22.0,extreme fear,2415.39990234375,0.02647602794487436,0.11137286604367036,0.07855842000154034,0.2915873467348893,0.2890329366477593,-6.0
2011-10-03,20.0,extreme fear,2335.830078125,0.09856023897420041,0.11607431779889543,0.1339523347645586,0.3329608594040696,0.33573074012600923,-6.0
2011-10-04,23.0,extreme fear,2404.820068359375,0.07410532009535298,0.09778690522563993,0.10127162620887842,0.27580858470785663,0.30372746872811907,-2.0
2011-10-05,27.0,fear,2460.510009765625,0.058613852465839944,0.09650843117688401,0.08508402600491416,0.2519762113438555,0.28000290526657956,0.0
2011-10-06,33.0,fear,2506.820068359375,0.0452445404066153,0.0715367793037256,0.06677778930232803,0.21551607017379837,0.2510630423741482,10.0
2011-10-07,31.0,fear,2479.35009765625,0.07602798821279433,0.08707923199222334,0.07954098984404179,0.20645324495751916,0.25530884105410534,9.0
2011-10-10,41.0,fear,2566.050048828125,0.019044785610940584,0.06291379292464594,0.053175093460936074,0.17552654996541084,0.19445059964087474,21.0
2011-10-11,41.0,fear,2583.030029296875,0.028803343940992487,0.014951383688476705,0.04944966919471683,0.1829324530384473,0.18147291927829357,18.0
2011-10-12,42.0,fear,2604.72998046875,-0.0002648802031011144,0.007839554206430677,0.04605850571948156,0.1561006709736099,0.17072016484434216,15.0
2011-10-13,42.0,fear,2620.239990234375,-0.008251104145975963,0.02233001938131296,0.03451207980095594,0.1405061801520111,0.16176766966661926,9.0
2011-10-14,41.0,fear,2667.85009765625,-0.011391245986964615,-0.003984529326615416,0.022576223649770633,0.14055136419866399,0.14855775979788266,10.0
2011-10-17,48.0,neutral,2614.919921875,0.03232222096906345,0.027258972139293736,0.05919494427634686,0.15928978390979043,0.18595215705547874,7.0
2011-10-18,48.0,neutral,2657.429931640625,-0.007153531891577969,-0.006705660987173623,0.04925817419523115,0.1317551679479143,0.16809104926093021,7.0
2011-10-19,48.0,neutral,2604.0400390625,0.01790674571551043,-0.006163518451084649,0.0701448170417287,0.1522288083758072,0.18003950442090244,6.0
2011-10-20,54.0,neutral,2598.6201171875,0.05387850447972875,-0.010051533509934485,0.07140320490103869,0.14308741455707974,0.15662158439706775,12.0
2011-10-21,66.0,greed,2637.4599609375,0.037797707977646366,-0.04334475975087004,0.05656197017208875,0.12289859998615205,0.14388844024957437,25.0
2011-10-24,62.0,greed,2699.43994140625,-0.005567832447883725,-0.06599884271422762,0.0440351034909765,0.12231794319315004,0.10780755484400428,14.0
2011-10-25,62.0,greed,2638.419921875,-0.011923788429835325,-0.06759342675947588,0.06324243765688942,0.15622614964715353,0.1301081857557087,14.0
2011-10-26,71.0,greed,2650.669921875,-0.004032920628113668,-0.07890832064122943,0.06258045393889966,0.15789594390569017,0.12655298667863302,23.0
2011-10-27,67.0,greed,2738.6298828125,-0.01484680802051952,-0.07715164296129207,0.02676888142272893,0.11236648900264834,0.09103824869658173,13.0
2011-10-28,66.0,greed,2737.14990234375,-0.01863251989097492,-0.08097470013912667,0.028018262894994317,0.11445848793090874,0.08771170257040928,0.0
2011-10-31,62.0,greed,2684.409912109375,0.004038164157316393,-0.0238673773069199,0.06104138815860494,0.13985948414706106,0.12503684514434887,0.0
2011-11-01,62.0,greed,2606.9599609375,0.046233939570568205,0.007380240020048445,0.09694048795910293,0.16008688055973952,0.143910887584205,0.0
2011-11-02,62.0,greed,2639.97998046875,-0.006943264062837851,-0.004943237799025946,0.10063710088947397,0.11983428274547103,0.1362434315038863,-9.0
2011-11-03,63.0,greed,2697.969970703125,-0.026990688981018307,-0.01564508181923896,0.07561982592344418,0.09629093054538163,0.1163689604950191,-4.0
2011-11-04,60.0,greed,2686.14990234375,-0.00275483595956183,-0.013621668588962299,0.08113105511762364,0.09683752830046344,0.09349446078925916,-6.0
2011-11-07,65.0,greed,2695.25,-0.014110019217836944,-0.01708191784157309,0.08185144510597353,0.08884517612002596,0.07432708584546899,3.0
2011-11-08,65.0,greed,2727.489990234375,-0.015138475011947539,-0.04806987665997209,0.07323216251921472,0.07558227640866066,0.06503419905782404,3.0
2011-11-09,59.0,greed,2621.64990234375,0.00685072597300973,0.009612341941603653,0.10765357350591964,0.11907393345562478,0.10779475070397693,-3.0
2011-11-10,60.0,greed,2625.14990234375,-0.014155348643594912,-0.004910154870248262,0.11665619169441022,0.10568165099202864,0.0985619868805856,-3.0
2011-11-11,60.0,greed,2678.75,-0.03966402239850675,-0.03713671692720488,0.0944769307046196,0.08026505264232386,0.06273823932571165,0.0
2011-11-14,54.0,neutral,2657.219970703125,-0.05045878007966398,-0.04437341033462694,0.09732356006395837,0.08159658242445111,0.06763458527506461,-11.0
2011-11-15,54.0,neutral,2686.199951171875,-0.06139525160926773,-0.05405031049267561,0.10187259007468641,0.047461094688337147,0.06214352418843605,-11.0
2011-11-16,55.0,neutral,2639.610107421875,-0.06801384370823738,-0.03192896900186215,0.11826364848250193,0.0527274582141084,0.10473515014970158,-4.0
2011-11-17,52.0,neutral,2587.989990234375,-0.05659990224903633,-0.025058094467504843,0.1393282352271945,0.10016266356565362,0.12700587817052678,-8.0
2011-11-18,46.0,neutral,2572.5,-0.017554873511904767,0.012139934098639449,0.14020210762876584,0.10362685252672499,0.1376287847728377,-14.0
2011-11-21,43.0,fear,2523.139892578125,-0.0030239634492497114,0.021730891056133572,0.171944524030069,0.12959258643216542,0.17585636309080965,-11.0
2011-11-22,41.0,fear,2521.280029296875,0.039289589987104856,0.03100406181252291,0.17549417976650505,0.12616601480968193,0.18066220122602883,-13.0
2011-11-23,39.0,fear,2460.080078125,0.06752620555892097,0.06445311104424478,0.20571681323889823,0.1534299450364056,0.2063794449018348,-16.0
2011-11-25,51.0,neutral,2441.510009765625,0.07594477234717534,0.07523620246139529,0.22332490869138066,0.175907523930233,0.22538102130659454,-1.0
2011-11-28,57.0,greed,2527.340087890625,0.050812283827690985,0.024784908401625394,0.17391794906967117,0.12266652241091935,0.1917786781955344,11.0
2011-11-29,62.0,greed,2515.510009765625,0.05328941181220537,0.039049727525394484,0.18821628977799731,0.12396296453380207,0.19667183932805932,19.0
2011-11-30,67.0,greed,2620.340087890625,0.011017605378893958,-0.005797028262504278,0.1358029269407104,0.04852037839121581,0.14572912311876562,26.0
2011-12-01,61.0,greed,2626.199951171875,-0.011354835470950508,0.008575135157245395,0.12347880409950251,0.05095196903573185,0.1410745552976853,22.0
2011-12-02,67.0,greed,2626.929931640625,0.0075830595158601355,0.008157878717330647,0.1078788335027121,0.05755013636272821,0.1320058123189749,16.0
2011-12-05,66.0,greed,2655.760009765625,-0.016379492062552292,0.005309251440040352,0.1054048297328376,0.07115099265094216,0.12557987489052436,9.0
2011-12-06,66.0,greed,2649.56005859375,-0.02652894726221311,0.009307172347119197,0.1210992980666934,0.06848682684090934,0.123975291446343,4.0
2011-12-07,66.0,greed,2649.2099609375,-0.041484028810181095,0.010323869402397712,0.12801179670678642,0.0789706984430425,0.12749083877084533,-1.0
2011-12-08,66.0,greed,2596.3798828125,-0.021325798051899936,0.04087233840086091,0.14916154290848915,0.08217214247752569,0.16404385538307742,5.0
2011-12-09,65.0,greed,2646.85009765625,-0.034576956062713826,0.0241456485072451,0.14848962754040085,0.07413339005366226,0.13864025063695062,-2.0
2011-12-12,62.0,greed,2612.260009765625,-0.03411609749961142,0.043043166065363625,0.16402271179030437,0.07899293978579269,0.1454295900574749,-4.0
2011-12-13,56.0,greed,2579.27001953125,0.009483288198707251,0.05094460888109342,0.18497485491765486,0.0996638803410228,0.15200427083047408,-10.0
2011-12-14,61.0,greed,2539.31005859375,0.015224573296411359,0.07433909809178219,0.20318509329955714,0.13133094523283972,0.18559767345760703,-5.0
2011-12-15,61.0,greed,2541.010009765625,0.02299870570428819,0.09000356169119139,0.21145530971100346,0.13944064249949828,0.20209287549347965,-5.0
2011-12-16,60.0,greed,2555.330078125,0.024775591613424464,0.09118195805489293,0.20303436673802988,0.14652898850365625,0.19137646188382273,-5.0
2011-12-19,74.0,greed,2523.139892578125,0.040449623460816486,0.10445717233872687,0.21884643709431284,0.16142983581364723,0.2089658213367076,12.0
2011-12-20,74.0,greed,2603.72998046875,-0.005280885538493707,0.06930055833737625,0.1765121926383031,0.09807472715581,0.1602624052520807,18.0
2011-12-21,74.0,greed,2577.969970703125,0.01387526617367607,0.08094350370500503,0.19005262153548053,0.12197580062816282,0.16859394480634005,13.0
2011-12-22,78.0,extreme greed,2599.449951171875,0.0021927528049945355,0.08419477640768158,0.20124261940556654,0.09106155740016741,0.15030485998061294,17.0
2011-12-23,77.0,extreme greed,2618.639892578125,0.011486908990523848,0.07127369335804223,0.19159190482818822,0.0899016954117533,0.14025220518948944,17.0
2011-12-27,75.0,greed,2625.199951171875,0.008822244659749234,0.07288972315073838,0.18275179745888037,0.09527659676964717,0.1276512698669996,1.0
2011-12-28,75.0,greed,2589.97998046875,0.03084198625298562,0.08569948903517322,0.19512897040295196,0.10019768945034757,0.16584299204472464,1.0
2011-12-29,75.0,greed,2613.739990234375,0.02313924900514941,0.07655700199862148,0.18281469461778888,0.12293114839052444,0.19073053226176007,1.0
2011-12-30,75.0,greed,2605.14990234375,0.02741115057746013,0.09332288977642889,0.1975126453818281,0.132844592863407,0.19016954286197318,-3.0
2012-01-03,77.0,extreme greed,2648.719970703125,0.020304158194042188,0.07964600383237141,0.17549990289568118,0.12359181455296486,0.1710033323326412,0.0
2012-01-04,77.0,extreme greed,2648.360107421875,0.023561713593584832,0.09715438771579143,0.15848674781517857,0.12375960838826128,0.17008636775245,2.0
2012-01-05,78.0,extreme greed,2669.860107421875,0.020540343517456927,0.08694458641005509,0.15380577111010352,0.10018126790972759,0.1580419700638649,3.0
2012-01-06,78.0,extreme greed,2674.219970703125,0.013630124511519348,0.08595407630638507,0.13942761310089224,0.09630847561145384,0.16138914996478326,3.0
2012-01-09,81.0,extreme greed,2676.56005859375,0.01924859461525341,0.08940582075107706,0.11756131199039688,0.08435081395104893,0.1663328830386046,6.0
2012-01-10,82.0,extreme greed,2702.5,0.024869550763182202,0.08315632949814988,0.1161738985892693,0.0686327402289546,0.15656979937557813,5.0
2012-01-11,83.0,extreme greed,2710.760009765625,0.028615616314216608,0.07124196622023082,0.127193125846766,0.05733813804271937,0.15004647728647225,6.0
2012-01-12,83.0,extreme greed,2724.699951171875,0.022754799101212697,0.07585787246678444,0.10519695088989423,0.0674459657299924,0.1416963647534657,5.0
2012-01-13,83.0,extreme greed,2710.669921875,0.027115068274029985,0.0815887447103929,0.10245805962115861,0.06871733737407792,0.15009946947213093,5.0
2012-01-17,88.0,extreme greed,2728.080078125,0.021465577540294545,0.06882129359232003,0.11537051011006061,0.06669890755646746,0.14952637393084212,7.0
2012-01-18,90.0,extreme greed,2769.7099609375,0.01754699890662903,0.06864983677005321,0.0945008661288782,0.06242174782092702,0.13178275167716613,8.0
2012-01-19,89.0,extreme greed,2788.330078125,0.00607888976446902,0.058619297784782365,0.07862411347517728,0.06368321513002373,0.12726249890552488,6.0
2012-01-20,88.0,extreme greed,2786.699951171875,0.010711629590296257,0.0580866688282784,0.07670362929102326,0.049736283089238054,0.13168621564327565,5.0
2012-01-23,87.0,extreme greed,2784.169921875,0.00997425455718881,0.0535168485333164,0.06690684639370881,0.03806519840476463,0.12434943651152763,4.0
2012-01-24,87.0,extreme greed,2786.639892578125,0.009760929420749465,0.06112741310576397,0.06278536582502459,0.027398623646923026,0.1302895538552964,-1.0
2012-01-25,84.0,extreme greed,2818.31005859375,0.010630470145094328,0.051605372859088394,0.07498104176805587,0.012748750454573132,0.11921682967771963,-6.0
2012-01-26,82.0,extreme greed,2805.280029296875,0.019391968636152557,0.05734895665757245,0.08745297280945263,0.03135871277890723,0.1241872038349836,-7.0
2012-01-27,82.0,extreme greed,2816.550048828125,0.03163794775041384,0.060432073986513624,0.08970190408967493,0.05025298205561457,0.11565922995089806,-6.0
2012-01-30,82.0,extreme greed,2811.93994140625,0.032024172174563326,0.05510428899643727,0.0833659931934363,0.04761842332144961,0.11742425097497722,-5.0
2012-01-31,85.0,extreme greed,2813.840087890625,0.03207004926211798,0.062238747527328275,0.0840843282224295,0.04466491616971746,0.129808375158746,-2.0
2012-02-01,87.0,extreme greed,2848.27001953125,0.023730224812656076,0.04491144484119247,0.07428371491261232,0.025257416225618057,0.09932341400353173,3.0
2012-02-02,88.0,extreme greed,2859.679931640625,0.023621541725954875,0.031751822231389504,0.05756592385255366,0.017515976993232263,0.10906820131630424,6.0
2012-02-03,88.0,extreme greed,2905.659912109375,-0.0006126075833777778,0.001603820264917788,0.01744188147072534,0.02142025980913642,0.09045107697018118,6.0
2012-02-06,88.0,extreme greed,2901.989990234375,0.010130945469379649,0.011612704139325247,0.01921785385853303,0.03029642492595208,0.09067567202630933,6.0
2012-02-07,86.0,extreme greed,2904.080078125,0.009555521629388553,0.02284366889525713,0.014527816131533644,0.03849068424072,0.09978720671146268,1.0
2012-02-08,86.0,extreme greed,2915.860107421875,-1.0298606849645786e-05,0.02485715288064183,0.006464594603714291,0.032714152621836856,0.094702723177718,-1.0
2012-02-09,85.0,extreme greed,2927.22998046875,0.01114368102443275,0.019277587349521674,0.002189753504898251,0.03122744462146332,0.08856837744060986,-3.0
2012-02-10,83.0,extreme greed,2903.8798828125,0.016495223086838706,0.04683389309763042,0.010310407714893888,0.040284112749207734,0.10089949027651257,-5.0
2012-02-13,83.0,extreme greed,2931.389892578125,0.005860761076084797,0.0372997424080157,-0.00982803909028529,0.031087685464104897,0.09117518628550259,-5.0
2012-02-14,81.0,extreme greed,2931.830078125,0.00045699911464747167,0.04247860065005793,-0.0129850869064424,0.029043259696075685,0.08875001082541645,-5.0
2012-02-15,82.0,extreme greed,2915.830078125,0.014112585864472393,0.0478182637207325,-0.014332124281183356,0.03947412929824745,0.10211843687307631,-4.0
2012-02-16,81.0,extreme greed,2959.85009765625,0.001317601302457172,0.04002566575818656,-0.04938093194845794,0.034643577052456465,0.06911154541748754,-4.0
2012-02-17,80.0,extreme greed,2951.780029296875,0.004871597026125718,0.04145629817680696,-0.05860531222429266,0.04228298089796345,0.06088189470551697,-3.0
2012-02-21,79.0,extreme greed,2948.570068359375,0.012952020986735313,0.042986938435051414,-0.03437602128216444,0.04328874322771159,0.07232319227830164,-4.0
2012-02-22,78.0,extreme greed,2933.169921875,0.011496084986978738,0.04437184000617922,-0.03207787010506846,0.04571507667885433,0.062417140159397144,-3.0
2012-02-23,79.0,extreme greed,2956.97998046875,0.010818466964833462,0.037517988670543234,-0.03613817610774295,0.0394625402190758,0.05839401112469744,-3.0
2012-02-24,79.0,extreme greed,2963.75,0.004197365299451805,0.053587538881273655,-0.041963767924926176,0.030248807201602723,0.06697933690953195,-2.0
2012-02-27,75.0,greed,2966.159912109375,-0.0052862731967388,0.05198309939979717,-0.04336579504273097,0.03493747135144476,0.06541455452376166,-5.0
2012-02-28,75.0,greed,2986.760009765625,-0.025592930518795964,0.039574639671551726,-0.038761071914959366,0.02893768878585168,0.061263703769459665,-4.0
2012-02-29,72.0,greed,2966.889892578125,-0.010516046197037388,0.043301308607753386,-0.043658440267796084,0.037160125246237685,0.07251369093842608,-6.0
2012-03-01,70.0,greed,2988.969970703125,-0.006206167679818186,0.034326239026119865,-0.054075445520276766,0.03085342830708715,0.07867590320890905,-9.0
2012-03-02,68.0,greed,2976.18994140625,0.004082449952315326,0.0482193719456685,-0.07684656068336637,0.02436673094089703,0.08271655392563071,-11.0
2012-03-05,66.0,greed,2950.47998046875,0.011245604735590664,0.055275781896583,-0.06455558823105945,0.03947831581295613,0.09544552387613048,-9.0
2012-03-06,63.0,greed,2910.320068359375,0.04451737658056332,0.0542105389872769,-0.04542797968335843,0.056605454508391384,0.11478120652771984,-12.0
2012-03-07,62.0,greed,2935.68994140625,0.035780358675134405,0.04932743630425196,-0.030987594915949712,0.04550210709957092,0.1080428049664246,-10.0
2012-03-08,63.0,greed,2970.419921875,0.02893536859200907,0.025807851504581203,-0.04692935881461413,0.05567904238076604,0.09153592880320605,-7.0
2012-03-09,70.0,greed,2988.340087890625,0.022393676725809497,0.0009637065152556801,-0.043475696271013,0.049552537405105124,0.0859273113985255,2.0
2012-03-12,74.0,greed,2983.659912109375,0.03172618831851981,0.010993226371076581,-0.05829415441576269,0.040339754183573495,0.09225918088521046,8.0
2012-03-13,79.0,extreme greed,3039.8798828125,0.01127347818083635,0.005154863553729294,-0.06474262866960268,0.02126733587399543,0.06881528008051818,16.0
2012-03-14,79.0,extreme greed,3040.72998046875,0.011375586820534744,-0.00966869881001986,-0.07304820700081815,0.024198162479937446,0.06474106832449733,17.0
2012-03-15,79.0,extreme greed,3056.3701171875,0.002273923283306445,-0.022238869062853217,-0.07199391128224442,0.032541857538191055,0.05651474587367633,16.0
2012-03-16,77.0,extreme greed,3055.260009765625,0.004143644753281217,-0.004071647377469567,-0.059719945390669715,0.04212078219035842,0.0651106390306484,7.0
2012-03-19,73.0,greed,3078.320068359375,0.014374723556145108,-0.015225875200326366,-0.059444757585555896,0.03259890176693281,0.04686972962294034,-1.0
2012-03-20,73.0,greed,3074.14990234375,0.01502860848694354,-0.021661222082641984,-0.046969047432606104,0.033716685840645466,0.05557637170718088,-6.0
2012-03-21,71.0,greed,3075.320068359375,0.00963798626460921,-0.02434547153572919,-0.047107329958271826,0.03489069314510984,0.05202059522672586,-8.0
2012-03-22,66.0,greed,3063.320068359375,0.010459252819657205,-0.03031681806506059,-0.06666948797750982,0.036770526769816625,0.06174996666629218,-13.0
2012-03-23,71.0,greed,3067.919921875,0.007708853909694335,-0.03465534529133707,-0.057204882939950075,0.03651987076443164,0.06147490888255791,-6.0
2012-03-26,66.0,greed,3122.570068359375,-0.0009191522126541507,-0.029764003212810697,-0.09172257146514007,0.012236702492180118,0.04642007961346817,-7.0
2012-03-27,66.0,greed,3120.35009765625,-0.0021728424967337734,-0.022350053055507413,-0.08533979544875914,-0.0008396869279084784,0.0380790041181589,-7.0
2012-03-28,62.0,greed,3104.9599609375,-0.011874508370711023,-0.011517059870500779,-0.07395905115272028,-0.0036264589261322255,0.04827764234328957,-9.0
2012-03-29,62.0,greed,3095.360107421875,-0.004800768539416245,-0.015830145217194835,-0.07943182978871077,0.013323163962568385,0.03981442738726182,-4.0
2012-03-30,63.0,greed,3091.570068359375,-0.014390742972222093,-0.013303960784868063,-0.050628003270296706,0.007976501118883483,0.04315280234944585,-8.0
2012-04-02,63.0,greed,3119.699951171875,-0.04118344151029274,-0.019184490320340974,-0.0540019788248679,-0.0019777292597265017,0.02697700341931486,-3.0
2012-04-03,61.0,greed,3113.570068359375,-0.03118931171927819,-0.02867127367340372,-0.04415830934128362,0.0020779910395702927,0.034905246792114486,-5.0
2012-04-04,63.0,greed,3068.090087890625,-0.00408724604013222,-0.03642331118015851,-0.029976294068456144,0.02188328590582067,0.055334105149425605,1.0
2012-04-05,55.0,neutral,3080.5,-0.022454121692906948,-0.039844177969282635,-0.04647619603148845,0.02238596362197698,0.07036195422820968,-7.0
2012-04-09,46.0,neutral,3047.080078125,-0.01925783841472206,-0.03308415138724641,-0.03784280545219709,0.02924434573313972,0.08305650901702122,-17.0
2012-04-10,39.0,fear,2991.219970703125,0.01725051924018839,-0.018891960577657407,-0.029716936049083098,0.04049522540619166,0.10154050302002848,-24.0
2012-04-11,39.0,fear,3016.4599609375,0.004969398045554074,-0.02745604762929954,-0.042592967296943396,0.01609836007193599,0.06631284084231859,-22.0
2012-04-12,38.0,fear,3055.550048828125,-0.015705843290892973,-0.03983897449673135,-0.061972510479577636,-0.001233826797468418,0.06842625080370124,-25.0
2012-04-13,38.0,fear,3011.330078125,-0.003613063553597362,-0.03611360999246982,-0.03415769933992774,0.012645519752549239,0.0642041352937246,-17.0
2012-04-16,37.0,fear,2988.39990234375,-0.006006542550679783,-0.03166908568826432,-0.03060499395203753,0.018642151953770503,0.05955033157997147,-9.0
2012-04-17,37.0,fear,3042.820068359375,-0.026692334373526472,-0.055468291093491384,-0.04363716102624082,0.007019758908309859,0.05364759879554448,-2.0
2012-04-18,36.0,fear,3031.449951171875,-0.0006003953186399791,-0.07183361535671895,-0.029309358540218766,0.02299888562440988,0.06666779953867419,-3.0
2012-04-19,35.0,fear,3007.56005859375,0.0143139448554368,-0.07606498792187588,-0.013851811913434986,0.032105779007751245,0.08703733738692021,-3.0
2012-04-20,35.0,fear,3000.449951171875,0.022913230055095157,-0.05107233672553835,-0.025046210923931223,0.024136435266097322,0.08971986053849501,-3.0
2012-04-23,34.0,fear,2970.449951171875,0.025555103603092988,-0.044225580368741135,-0.027032958019186926,0.011840012992560212,0.10757294157958719,-3.0
2012-04-24,34.0,fear,2961.60009765625,0.02999724500965062,-0.03764180739897094,-0.033296226421626995,0.018692551815169267,0.10725955619759886,-3.0
2012-04-25,38.0,fear,3029.6298828125,0.009974886706522579,-0.06279644951989483,-0.05789152449714585,-0.012928946237696026,0.09155908393048984,2.0
2012-04-26,40.0,fear,3050.610107421875,-0.008624523510801896,-0.06984834856692901,-0.05158315939458513,-0.02258897526181647,0.09118829409364282,5.0
2012-04-27,41.0,fear,3069.199951171875,-0.036771753250601336,-0.06458033497029736,-0.03620157208683206,-0.02706888938684282,0.0749152662904331,6.0
2012-04-30,43.0,fear,3046.360107421875,-0.029083921313305283,-0.0686064656278853,-0.03299676203294288,-0.019173753000406912,0.09659396768251938,9.0
2012-05-01,42.0,fear,3050.43994140625,-0.0341491469676265,-0.07313694345766275,-0.03636194254126701,-0.02399980407539193,0.10758774068993948,8.0
2012-05-02,42.0,fear,3059.85009765625,-0.04089747298882496,-0.10208673863689133,-0.04563626722293035,-0.013003917771324147,0.10886803680416723,4.0
2012-05-03,41.0,fear,3024.300048828125,-0.02997723598395252,-0.0873888287522625,-0.037869929387877366,-0.013943777183075934,0.12311272954832897,1.0
2012-05-04,41.0,fear,2956.340087890625,-0.00761753345749816,-0.06028737397256578,0.003910177486167621,0.014653193790589603,0.15455932607761946,0.0
2012-05-07,38.0,fear,2957.760009765625,-0.01865598678000835,-0.03821812408352132,0.010869679161798373,0.018314508849990307,0.15261884352312438,-5.0
2012-05-08,32.0,fear,2946.27001953125,-0.017822538130425447,-0.039117256475472706,0.023619725086058807,-0.0030479149600072253,0.16641721747952953,-10.0
2012-05-09,32.0,fear,2934.7099609375,-0.020673225866456257,-0.025995767921859314,0.026080955215775026,-0.013333475312156562,0.17176487108932914,-10.0
2012-05-10,32.0,fear,2933.639892578125,-0.04088775567694547,-0.0422376012893938,0.02897424466276277,-0.009806853071302357,0.18031191087290654,-9.0
2012-05-11,25.0,fear,2933.820068359375,-0.05284237808884085,-0.03093236731820037,0.02966781773742988,-0.010079032684479183,0.18331050858509834,-16.0
2012-05-14,23.0,extreme fear,2902.580078125,-0.019076172128648983,-0.02892942432009238,0.04132183718553195,-0.006439162759963701,0.19384819607555515,-15.0
2012-05-15,20.0,extreme fear,2893.760009765625,-0.01889580734272911,-0.01984612802955843,0.04258126806898033,-0.016224549034277946,0.20914310754695853,-12.0
2012-05-16,14.0,extreme fear,2874.0400390625,-0.008322751788385818,-0.0004314450103414247,0.05458862453054136,-0.012908691998721022,0.2165557487435512,-18.0
2012-05-17,12.0,extreme fear,2813.68994140625,0.009130338431465823,0.029015328063456414,0.08838925267208997,0.014017159753763941,0.2446716554124584,-20.0
2012-05-18,12.0,extreme fear,2778.7900390625,0.021138693247292784,0.05432939105901613,0.10716896370068896,0.04940280746910619,0.24633383600171643,-13.0
2012-05-21,16.0,extreme fear,2847.2099609375,0.008352046256906442,0.029235634665652377,0.08042961465497167,0.024399314295827645,0.2150210098084644,-7.0
2012-05-22,15.0,extreme fear,2839.080078125,-0.0006058197218096195,0.007048061067315814,0.08037107984334169,0.030809265077472725,0.2184016644090674,-5.0
2012-05-23,15.0,extreme fear,2850.1201171875,-0.007992655874221266,0.014841411220675615,0.07843522219972221,0.04095616172975158,0.22412029989141757,1.0
2012-05-24,14.0,extreme fear,2839.3798828125,-0.032366187736992846,-0.001134040120033375,0.07537562015803823,0.04839089947635866,0.22122440907644814,2.0
2012-05-25,13.0,extreme fear,2837.530029296875,-0.027319541548767035,0.005825499334352724,0.0818528816849835,0.04590612554606266,0.23040109277477883,1.0
2012-05-29,14.0,extreme fear,2870.989990234375,-0.03235116915364711,0.001508217771475584,0.07042865069528448,0.042072608916563725,0.2037345737409728,-2.0
2012-05-30,12.0,extreme fear,2837.360107421875,0.002593912299675427,0.004275059334474696,0.08450805540299311,0.06156071674444985,0.221336025738466,-3.0
2012-05-31,10.0,extreme fear,2827.340087890625,0.001301552528606642,0.03809586310427138,0.08978398269201948,0.06468974253472459,0.2185516784915702,-5.0
2012-06-01,10.0,extreme fear,2747.47998046875,0.04037879882470419,0.07415886610581901,0.10963864436142567,0.09271040099068051,0.23803631132861636,-4.0
2012-06-04,14.0,extreme fear,2760.010009765625,0.018014416805447464,0.07828597273012172,0.11121334708417985,0.08575328741678123,0.2405933444853301,1.0
2012-06-05,14.0,extreme fear,2778.110107421875,0.023382788451744796,0.0712750762601635,0.10688919434062627,0.07040392071843038,0.24876978829417595,0.0
2012-06-06,15.0,extreme fear,2844.719970703125,-0.009178359750747767,0.032555087451713094,0.07893573045526292,0.050813454511094314,0.22112898819796434,3.0
2012-06-07,16.0,extreme fear,2831.02001953125,0.0018756697434549885,0.03558787974119726,0.10766085614363341,0.051931819102993604,0.21403237259373142,6.0
2012-06-08,19.0,extreme fear,2858.419921875,0.005030795805429644,0.015361688432816711,0.09725652899089932,0.04496891379702639,0.18961874902204356,9.0
2012-06-11,20.0,extreme fear,2809.72998046875,0.030465595716058447,0.027849651227676242,0.10473961594466208,0.0756549810255831,0.22622463061275444,6.0
2012-06-12,22.0,extreme fear,2843.070068359375,0.030491665460878226,0.00813200958505278,0.09196395257622991,0.0600547950381336,0.20417716632968985,8.0
2012-06-13,19.0,extreme fear,2818.610107421875,0.039679075674747155,0.03188091288136441,0.1049098455984554,0.06157283131516289,0.22476318158459052,4.0
2012-06-14,27.0,fear,2836.330078125,0.008024457358175585,0.021369114881479856,0.11264556352736288,0.04759671698339285,0.22770616808554744,11.0
2012-06-15,35.0,fear,2872.800048828125,0.006829529627332853,0.012962959343294944,0.10830893102730021,0.04796715625382153,0.19855189802590956,16.0
2012-06-18,36.0,fear,2895.330078125,-0.020436414646700096,0.016326297263440814,0.09786098168589108,0.05498507834207689,0.16209199013227793,16.0
2012-06-19,36.0,fear,2929.760009765625,-0.025838277169306756,0.012335444697743725,0.08466223794294425,0.03911586521566934,0.1459129719872767,14.0
2012-06-20,36.0,fear,2930.449951171875,-0.018812770643106824,-0.0017573759762354868,0.08605168838143196,0.04092884826723853,0.13319117033125472,17.0
2012-06-21,33.0,fear,2859.090087890625,-0.0033577457726533533,0.010863531227881085,0.11082892224660701,0.05663337526886436,0.17096341481430066,6.0
2012-06-22,33.0,fear,2892.419921875,0.014738567740707031,-0.010174847510228457,0.09941158159224095,0.04155004426305564,0.16726480313913195,-2.0
2012-06-25,39.0,fear,2836.159912109375,0.04057248953702075,0.006374844397103452,0.11445762130741977,0.0542987718507959,0.19945990805989644,3.0
2012-06-26,41.0,fear,2854.06005859375,0.042753136593548735,0.013731295278193834,0.09238415326302385,0.046197294664005684,0.1924241011511323,5.0
2012-06-27,41.0,fear,2875.320068359375,0.03505698372064736,0.028786367278574865,0.07594976476379034,0.02955844504743066,0.19447223564020688,5.0
2012-06-28,48.0,neutral,2849.489990234375,0.03082659991495529,0.033813102690817054,0.10075841936832353,0.05966682462964745,0.20491734103664894,15.0
2012-06-29,53.0,neutral,2935.050048828125,-0.0011175377735669345,0.001522962344342238,0.06172975882062537,0.06037715132259991,0.17329172061306108,20.0
2012-07-02,56.0,greed,2951.22998046875,-0.016569329624383622,-0.010510878425788794,0.05499403635169986,0.050602660205730565,0.17895924947870823,17.0
2012-07-03,59.0,greed,2976.080078125,-0.029602730888798945,-0.02228100617357276,0.04837234118653089,0.04219638944107085,0.17094634104083806,18.0
2012-07-05,55.0,neutral,2976.1201171875,-0.03693741228601233,-0.002762057484265168,0.053462177941800304,0.041224794892416705,0.17745919915262998,14.0
2012-07-06,51.0,neutral,2937.330078125,-0.00982528577118491,0.01790055342297059,0.07221860573051764,0.052591971743046306,0.19862593447892274,3.0
2012-07-09,46.0,neutral,2931.77001953125,-0.011880221808997393,0.028682361621280794,0.0697257699318734,0.059363469134023905,0.22052549312863445,-7.0
2012-07-10,48.0,neutral,2902.330078125,0.002656472809764221,0.03752844057811844,0.07236255487071608,0.07560474712868759,0.24041028457065416,-8.0
2012-07-11,44.0,fear,2887.97998046875,0.01891291406342588,0.04524266545925548,0.06130237753025014,0.08228931777607995,0.24913954204379252,-15.0
2012-07-12,44.0,fear,2866.18994140625,0.03478832979526092,0.05396368320926381,0.06475149647603895,0.08768088079691205,0.2554994866231559,-11.0
2012-07-13,45.0,neutral,2908.469970703125,0.00578657448573594,0.03921307422010378,0.04845844819645073,0.06955892982620049,0.2412024316439063,-6.0
2012-07-16,48.0,neutral,2896.93994140625,-0.002343866010285356,0.04143684076661569,0.05080193893981266,0.07614935142534063,0.24658436223702518,2.0
2012-07-17,52.0,neutral,2910.0400390625,-0.016168179199102295,0.04154234682525915,0.05296830645250594,0.07764840273823026,0.23283874423173279,4.0
2012-07-18,52.0,neutral,2942.60009765625,-0.030027902021838693,0.040708825850065855,0.05388765681923591,0.06528575304346096,0.22354032933180346,8.0
2012-07-19,51.0,neutral,2965.89990234375,-0.024495062118023547,0.03732094446592882,0.046603128694439055,0.05977276210730609,0.2068074235083912,7.0
2012-07-20,51.0,neutral,2925.300048828125,0.011209119924513677,0.05158784042335407,0.050446130617777696,0.07806716208081288,0.22366938020263505,6.0
2012-07-23,47.0,neutral,2890.14990234375,0.019268960928882306,0.061280595611407085,0.039953019305368986,0.08312024932476225,0.2474058658627507,-1.0
2012-07-24,41.0,fear,2862.989990234375,0.02673080575130138,0.0735873797530735,0.05377943032574861,0.10014703917272616,0.2620232429850684,-11.0
2012-07-25,51.0,neutral,2854.239990234375,0.02311297260526013,0.06977686276935002,0.04772547899587787,0.10512783074317111,0.2609801225168116,-1.0
2012-07-26,55.0,neutral,2893.25,0.005709848623952407,0.061017899961116395,0.030571140126803842,0.09000601818348741,0.24996801890715448,4.0
2012-07-27,61.0,greed,2958.090087890625,0.0033162662940127152,0.03891019208197988,0.009475718610335804,0.06227666001696708,0.22591605037066897,10.0
2012-07-30,57.0,greed,2945.840087890625,0.014960019180914275,0.044571260071865515,0.014294687432067299,0.06663287519535,0.2477730903806108,10.0
2012-07-31,55.0,neutral,2939.52001953125,0.025970256158622362,0.04819491649442531,0.012828611707673687,0.08150312858328634,0.2551675319016826,14.0
2012-08-01,55.0,neutral,2920.2099609375,0.031175853887325466,0.04400368525513376,0.034192780310972726,0.07224136749049848,0.2646179557535293,4.0
2012-08-02,49.0,neutral,2909.77001953125,0.037415284478191646,0.054021431367820893,0.024867897736092104,0.0899762032175746,0.2598143478438162,-6.0
2012-08-03,63.0,greed,2967.89990234375,0.01784433667601193,0.03610639164931939,0.010701172819387983,0.0675831681407455,0.2311769702475659,2.0
2012-08-06,71.0,greed,2989.909912109375,0.010906719058591419,0.026542641669723865,0.007364776925909089,0.05860376260618083,0.22716744819878,14.0
2012-08-07,70.0,greed,3015.860107421875,0.0003713279154158311,0.03977304878189947,-0.026052292069522087,0.05902462429459221,0.21362065117494478,15.0
2012-08-08,73.0,greed,3011.25,0.006535469204026478,0.04156742943129932,-0.038412593399750894,0.06002490660024917,0.21874635157222921,18.0
2012-08-09,75.0,greed,3018.639892578125,0.014493282258532192,0.028284303524593213,-0.03768908496516876,0.05560454497038214,0.22056292652366905,26.0
2012-08-10,70.0,greed,3020.860107421875,0.018448381747909526,0.027697383824372812,-0.03860162446297288,0.05826809886302464,0.21464413744824307,7.0
2012-08-13,75.0,greed,3022.52001953125,0.017763303819101406,0.030368711694004125,-0.04586574317367953,0.05827583984222606,0.19308394779358906,4.0
2012-08-14,74.0,greed,3016.97998046875,0.016665682113363944,0.04602287670290628,-0.05640406067545756,0.05802161431675379,0.19416769505282194,4.0
2012-08-15,72.0,greed,3030.929931640625,0.01410127954071183,0.050486161997292056,-0.06400345590614476,0.060265384014049905,0.1841547540981494,-1.0
2012-08-16,78.0,extreme greed,3062.389892578125,-0.0029356125606875283,0.03797035432316642,-0.06833225588706993,0.03331385718667024,0.17999020851275827,3.0
2012-08-17,79.0,extreme greed,3076.590087890625,-0.0022102550661168285,0.03289679744333163,-0.052174652763477436,0.01784439940823912,0.17005838809374563,9.0
2012-08-20,75.0,greed,3076.2099609375,-0.0009817338769456674,0.034591317758288165,-0.05185927856766215,0.027829734806458006,0.18285487893959407,0.0
2012-08-21,74.0,greed,3067.260009765625,0.0032210776983510048,0.035438779505419626,-0.04587480699044222,0.01597190654799374,0.19252688960724873,0.0
2012-08-22,74.0,greed,3073.669921875,0.0024465930703003735,0.03458082414967345,-0.03475318655998938,0.018212749544232576,0.18996839651805697,2.0
2012-08-23,72.0,greed,3053.39990234375,-0.0015359735233665406,0.035167397126953936,-0.0250932977983207,0.035652096320012205,0.17197882163565437,-6.0
2012-08-24,70.0,greed,3069.7900390625,-0.0009219126028124913,0.01561668413677264,-0.033227028136149084,0.029448236261577554,0.17055239997900395,-9.0
2012-08-27,68.0,greed,3073.18994140625,0.000608526392170905,0.006673850349854904,-0.0264903613709353,0.03141688300071199,0.1780267792922441,-7.0
2012-08-28,68.0,greed,3077.139892578125,-0.0025575285237621204,0.019323205039049274,-0.021159214580491192,0.03408689249771801,0.16662558171178676,-6.0
2012-08-29,63.0,greed,3081.18994140625,0.017726955567877622,0.01137224245464985,-0.023026802151474457,0.04639114891469909,0.17247238116488384,-11.0
2012-08-30,63.0,greed,3048.7099609375,0.02876953270770577,0.021261474259572477,-0.015255636108894688,0.05696184893777123,0.19691282077236183,-9.0
2012-08-31,59.0,greed,3066.9599609375,0.01208364604225931,0.01730706588969455,-0.02291194551811826,0.05384163114494922,0.19296634970691606,-11.0
2012-09-04,71.0,greed,3075.06005859375,0.009583543131382655,0.01956707209891584,-0.03296199277103806,0.05505910628333455,0.19022391108659442,3.0
2012-09-05,74.0,greed,3069.27001953125,0.014674511781592514,0.02612671446173276,-0.026064829581927018,0.059818815707941564,0.20751185397713767,6.0
2012-09-06,76.0,extreme greed,3135.81005859375,0.00638432148541157,0.00012114343834657149,-0.050312364774415474,0.033965708309957154,0.18917279741220172,13.0
2012-09-07,83.0,extreme greed,3136.419921875,0.015154230135249414,-0.007674298983651573,-0.04765304540220827,0.034657411322498444,0.18766303701411147,20.0
2012-09-10,78.0,extreme greed,3104.02001953125,0.02404942683166822,-0.012564351954756248,-0.026327140349908573,0.049906221974937104,0.19714755295434205,19.0
2012-09-11,86.0,extreme greed,3104.530029296875,0.023601002032453966,-0.01699129964993351,-0.029221804861611078,0.04655778417296741,0.19895117667250828,15.0
2012-09-12,84.0,extreme greed,3114.31005859375,0.021934251024637863,-0.020839333676904492,-0.039222217501211576,0.03958502107286699,0.19379574535203004,10.0
2012-09-13,91.0,extreme greed,3155.830078125,0.006378633295890168,-0.035401136289791024,-0.058463223758111416,0.023217352556187842,0.186914332661833,15.0
2012-09-14,93.0,extreme greed,3183.949951171875,-0.0012531573346202807,-0.037616803457343195,-0.05444490528245349,0.02206064520848483,0.18834779145492853,10.0
2012-09-17,92.0,extreme greed,3178.669921875,-0.0056281064148907545,-0.024381266977945626,-0.03905403694917109,0.013820301214332087,0.19212751746719925,14.0
2012-09-18,92.0,extreme greed,3177.800048828125,-0.018903035885321717,-0.02318582997938967,-0.04199129566237447,0.021146689577481892,0.18784376690432558,6.0
2012-09-19,92.0,extreme greed,3182.6201171875,-0.02793929615897872,-0.03448416586299552,-0.0415475990663402,0.016552378135276324,0.18307869001654797,8.0
2012-09-20,93.0,extreme greed,3175.9599609375,-0.01239306029211762,-0.05363412821480218,-0.048788383064544694,0.024093508883110237,0.1864916580647522,2.0
2012-09-21,93.0,extreme greed,3179.9599609375,-0.02004112669706737,-0.05125850702596435,-0.05262955047770779,0.024075793259729972,0.18275077166299325,0.0
2012-09-24,81.0,extreme greed,3160.780029296875,-0.014948841603036445,-0.05388545447032045,-0.053980383198464765,0.03377014194123462,0.19825799218402107,-11.0
2012-09-25,81.0,extreme greed,3117.72998046875,0.000740942483223872,-0.04363111306913847,-0.042280784155514284,0.0389513980258136,0.2129305974477187,-11.0
2012-09-26,70.0,greed,3093.699951171875,0.013424065019991271,-0.034773842222037166,-0.04311662238854086,0.05209301444665093,0.21908395771869738,-22.0
2012-09-27,76.0,extreme greed,3136.60009765625,0.004099937155157107,-0.04739212582294128,-0.03733025704428106,0.026142956528399264,0.2172351787279625,-17.0
2012-09-28,71.0,greed,3116.22998046875,0.006405162989445934,-0.04460518025665461,-0.00127396589083828,0.03489793779072792,0.22424212700674495,-22.0
2012-10-01,72.0,greed,3113.530029296875,-0.00037896908959356157,-0.03002057787258061,-0.004162465373885205,0.029012110779416123,0.21223821590793523,-9.0
2012-10-02,75.0,greed,3120.0400390625,-0.017634395341856623,-0.04420140591895705,-0.005890990731852175,0.03275918246491849,0.22041703065584417,-6.0
2012-10-03,76.0,extreme greed,3135.22998046875,-0.026616851615905546,-0.04324086883703049,-0.011616347796455706,0.03273448123182998,0.20258478845267636,6.0
2012-10-04,77.0,extreme greed,3149.4599609375,-0.03176736649109302,-0.04366781321326485,-0.018304694474220118,0.04692551767462616,0.1731630577786929,1.0
2012-10-05,78.0,extreme greed,3136.18994140625,-0.029360413656287276,-0.06342087247896866,-0.009686875916347648,0.05228317600865773,0.1726904613589122,7.0
2012-10-08,72.0,greed,3112.35009765625,-0.015477103958163152,-0.06964834055606028,0.003023410546410199,0.058669445205772774,0.20833128729059958,0.0
2012-10-09,66.0,greed,3065.02001953125,0.011794344608972107,-0.052250850344606414,0.01977470388285396,0.0494189172461883,0.2371436705223906,-9.0
2012-10-10,59.0,greed,3051.780029296875,0.017150675143084992,-0.04834228806814289,0.021534963225467774,0.06974613224815718,0.2501818586760689,-17.0
2012-10-11,56.0,greed,3049.409912109375,0.007693358962651553,-0.0542793603686933,0.02012524355738332,0.05091477178882342,0.24417842111006527,-21.0
2012-10-12,56.0,greed,3044.110107421875,-0.012644086079715788,-0.06481370314006907,0.02412196965595781,0.04015951975650989,0.26126513041682453,-22.0
2012-10-15,54.0,neutral,3064.179931640625,-0.015410312630643186,-0.0741601326631971,0.023438593673225094,0.04630280535685105,0.2607451221950077,-18.0
2012-10-16,63.0,greed,3101.169921875,-0.03569941787342101,-0.07998273081164553,0.010815285813884579,0.042687156875649945,0.2621946323180704,-3.0
2012-10-17,61.0,greed,3104.1201171875,-0.03943796032176239,-0.060580789959413184,0.012583216170292788,0.05322279895766058,0.2628538525693076,2.0
2012-10-18,53.0,neutral,3072.8701171875,-0.0282309361254095,-0.050828762554347984,0.02629457204701291,0.06403778150452921,0.27879471585215754,-3.0
2012-10-19,56.0,greed,3005.6201171875,-0.005879041704099253,-0.026307405885133806,0.0415088270508861,0.09461271283776651,0.29992145248728375,0.0
2012-10-22,56.0,greed,3016.9599609375,-0.01316887893215668,-0.016609389561033083,0.04400124685736584,0.08694183954188683,0.30229105185625404,2.0
2012-10-23,42.0,fear,2990.4599609375,0.009898175545868249,-0.004574524260253399,0.054787587873024624,0.1058566450408216,0.31864668276168584,-21.0
2012-10-24,45.0,neutral,2981.699951171875,0.00014419010888611083,-0.004665094522307012,0.05767178581128385,0.11640677921137255,0.32143741735781983,-16.0
2012-10-25,41.0,fear,2986.1201171875,0.004534243228844881,0.0018954067108010175,0.05230531099779023,0.10482155885939726,0.32357036314170995,-12.0
2012-10-26,40.0,fear,2987.949951171875,0.008025562964782962,0.008059063410869927,0.051600573691053864,0.11803081436397811,0.3154906144414866,-16.0
2012-10-31,45.0,neutral,2977.22998046875,-0.013415134762267078,0.011087490715254722,0.0678046770023848,0.13482327699808794,0.3165627064928189,-11.0
2012-11-01,50.0,neutral,3020.06005859375,-0.041217716884316635,-0.005913825246969151,0.036790613804212446,0.12347764775347403,0.2986629282096942,8.0
2012-11-02,50.0,neutral,2982.1298828125,-0.02590757903278673,0.004882436099670429,0.06352848559829538,0.13899461669626456,0.32005990435867826,5.0
2012-11-05,46.0,neutral,2999.659912109375,-0.03180690975140654,-0.008654301386867846,0.05627973613870774,0.13788566688915815,0.3134355969878422,5.0
2012-11-06,47.0,neutral,3011.929931640625,-0.042510962063700974,-0.007523386208732941,0.0508643808617506,0.13188885506974413,0.30545863961387276,7.0
2012-11-07,45.0,neutral,2937.2900390625,-0.030803897220047283,0.01387333203669816,0.08735265319828378,0.16998322685963263,0.3132275079502025,0.0
2012-11-08,40.0,fear,2895.580078125,-0.020251602489516296,0.03155840292687473,0.1023697890845221,0.18759970240203105,0.35352153099720285,-10.0
2012-11-09,39.0,fear,2904.8701171875,-0.01781154829225029,0.04042519179973558,0.09694749220648102,0.1920016963699498,0.3493856458056195,-11.0
2012-11-12,35.0,fear,2904.25,0.004069921101618412,0.037724045310751464,0.10075919180941728,0.19535856664801576,0.3497184890677456,-11.0
2012-11-13,37.0,fear,2883.889892578125,0.011370073159480576,0.037543048994307826,0.10914772451657417,0.20158540003638548,0.3750802651414238,-10.0
2012-11-14,31.0,fear,2846.81005859375,0.028010295240338046,0.043740192344535744,0.12126554409943835,0.22908444844807274,0.3955058147422752,-14.0
2012-11-15,28.0,fear,2836.93994140625,0.045792353357189786,0.06121389942570232,0.13276634481647576,0.23246526322565386,0.40502444642071245,-12.0
2012-11-16,28.0,fear,2853.1298828125,0.043338421860587006,0.07058919669154462,0.10910124743077865,0.22746606745265008,0.38411857523518744,-11.0
2012-11-19,38.0,fear,2916.070068359375,0.01773618928581633,0.04399415516605809,0.07387336957791235,0.1876600930843304,0.3482357956645652,3.0
2012-11-20,42.0,fear,2916.679931640625,0.025748487806821707,0.04584320668407682,0.08404766462697166,0.18608143606936167,0.34442932081530997,5.0
2012-11-21,39.0,fear,2926.550048828125,0.02920844647880827,0.032276899202637654,0.06482033384251751,0.18198555803385785,0.3562590237261587,8.0
2012-11-23,47.0,neutral,2966.85009765625,0.014624902219495972,0.015420394861250797,0.05487294582766711,0.17595759062255145,0.34541677906041524,19.0
2012-11-26,47.0,neutral,2976.780029296875,0.00853940218115623,0.0044947502606231815,0.06230893067115906,0.1648559804233467,0.34190972428114064,19.0
2012-11-27,49.0,neutral,2967.7900390625,0.009737852733301633,0.006105510433143335,0.06482935106977017,0.1763972527958877,0.3537851219654251,11.0
2012-11-28,49.0,neutral,2991.780029296875,-0.006043251157488716,-0.010518811675643502,0.059482969735353164,0.155135029403074,0.3519543416935613,7.0
2012-11-29,52.0,neutral,3012.030029296875,-0.007556368809157665,0.002483368491015936,0.056440340350685236,0.15050981679503783,0.3478915724906837,13.0
2012-11-30,50.0,neutral,3010.239990234375,-0.010696805329919234,0.033890992034594225,0.07105409976347832,0.14451340123794565,0.34383305746020065,3.0
2012-12-03,45.0,neutral,3002.199951171875,-0.00507627422631407,0.0327660111875967,0.07333627659599551,0.13299581499927093,0.3447471910043831,-2.0
2012-12-04,45.0,neutral,2996.68994140625,0.00854613187304154,0.03502863918376087,0.07855338760002284,0.14261071908604883,0.3474867533693182,-4.0
2012-12-05,45.0,neutral,2973.699951171875,0.013488283310516325,0.04207220280330293,0.09102134393517392,0.16663416876876758,0.35628005114827044,-4.0
2012-12-06,45.0,neutral,2989.27001953125,0.0009667552811365443,0.034302702128789164,0.08818209661019027,0.16207970401950345,0.3590341431144106,-7.0
2012-12-07,51.0,neutral,2978.0400390625,-0.0022531466499733366,0.04290406369803956,0.08874294026619989,0.1540979658063435,0.3662509390843718,1.0
2012-12-10,55.0,neutral,2986.9599609375,0.007914447139535818,0.045129513147479816,0.08642906487737889,0.1384250127589095,0.3594055639634126,10.0
2012-12-11,55.0,neutral,3022.300048828125,0.010664057157808271,0.03418913817787228,0.07829463620074772,0.13997950294769335,0.324755978529067,10.0
2012-12-12,58.0,greed,3013.81005859375,0.010136686862867395,0.03440493574257686,0.07806066248096521,0.1359574731100308,0.32669273265662,13.0
2012-12-13,60.0,greed,2992.159912109375,0.019460851752304942,0.03964364227574868,0.0820244181428893,0.15372506290242405,0.3371544629939882,15.0
2012-12-14,57.0,greed,2971.330078125,0.016719761970024782,0.049206906366243475,0.08675240136696982,0.17192632258412255,0.35613341957417277,6.0
2012-12-17,64.0,greed,3010.60009765625,0.0006643193832209793,0.04165279289048507,0.08091072737944649,0.1436922339344915,0.33650428523305265,9.0
2012-12-18,67.0,greed,3054.530029296875,-0.02107365669026251,0.026249514940627883,0.05502321690975909,0.10152457507600099,0.3324668670979283,12.0
2012-12-19,64.0,greed,3044.360107421875,-0.01919950112669122,0.03245996555329844,0.06590544005913856,0.10277689942636137,0.333002584906019,6.0
2012-12-20,59.0,greed,3050.389892578125,-0.029530596794707265,0.033857976499386044,0.06061853165062714,0.08863460957739688,0.34564445166901603,-1.0
2012-12-21,56.0,greed,3021.010009765625,-0.0004965226845164983,0.03620308198030764,0.0766200608256451,0.10820218461899755,0.3733486115346001,-1.0
2012-12-24,51.0,neutral,3012.60009765625,0.03308102930319512,0.04551213531059739,0.08096657836025623,0.12069968175655466,0.37934667303099534,-13.0
2012-12-26,58.0,greed,2990.159912109375,0.03692449885468241,0.05489343096803112,0.09275761684137307,0.13768500930175032,0.3936312097909036,-9.0
2012-12-27,58.0,greed,2985.909912109375,0.03876540264345385,0.05618052953295383,0.08481836934816012,0.13976981897481222,0.39206806839447017,-6.0
2012-12-28,66.0,greed,2960.31005859375,0.04678563976700212,0.061480046480825834,0.09949972908177274,0.16017914416231016,0.40329901702455095,7.0
2012-12-31,66.0,greed,3019.510009765625,0.023944298443884682,0.040609195747091764,0.0659345679420611,0.13707187299910673,0.3832011916642686,10.0
2013-01-02,68.0,greed,3112.260009765625,-0.002072433264456164,0.02147638297600296,0.0362180442345541,0.10648529077566771,0.3312094141294937,17.0
2013-01-03,69.0,greed,3100.570068359375,0.006834208206577541,0.009869105629280783,0.03331324136698344,0.12217424734851012,0.33262918274778563,11.0
2013-01-04,82.0,extreme greed,3101.659912109375,0.007728110554462209,0.022542821584869976,0.03887921026409824,0.12353713072141392,0.3262834393031895,24.0
2013-01-07,82.0,extreme greed,3098.81005859375,0.006031328494761512,0.022482798415407457,0.044872078700824325,0.13084053023755504,0.34024999830611646,16.0
2013-01-08,80.0,extreme greed,3091.81005859375,0.006135555012636518,0.023714207156728895,0.06644649493756116,0.1387374848527967,0.34730458350856686,14.0
2013-01-09,81.0,extreme greed,3105.81005859375,0.0037767861676838432,0.028353330349384587,0.06257622000349339,0.15213100006775981,0.3381983646765867,13.0
2013-01-10,85.0,extreme greed,3121.760009765625,0.004561526251162462,0.022500124934218935,0.05547830097908535,0.1532212812205529,0.337280863620399,16.0
2013-01-11,85.0,extreme greed,3125.6298828125,0.0029050394529852586,0.019471309689140792,0.02906937507908558,0.15416416066136662,0.315990683127932,3.0
2013-01-14,86.0,extreme greed,3117.5,0.008237347759623148,0.025462672914996043,0.04719483009222136,0.15429029671210914,0.3417866943163592,4.0
2013-01-15,89.0,extreme greed,3110.780029296875,0.013787504154647356,0.02825011154271917,0.030182105997172304,0.16048064022577746,0.3549270096623267,9.0
2013-01-16,85.0,extreme greed,3117.5400390625,0.004118581827055268,0.02389383594148664,0.015659804765187912,0.15837486737872064,0.3532111499921218,4.0
2013-01-17,86.0,extreme greed,3136.0,0.004371798768335378,0.02474173721002071,0.022340579908721292,0.1440083250707509,0.3385140555245536,1.0
2013-01-18,89.0,extreme greed,3134.7099609375,0.0062494100362529,0.009474545186627825,0.03153085584385762,0.14855598681970372,0.348054467010785,4.0
2013-01-22,89.0,extreme greed,3143.179931640625,0.0033341967996340927,-0.00371914483436786,0.04013456093126977,0.13874168751866578,0.3499068116616886,3.0
2013-01-23,92.0,extreme greed,3153.669921875,-0.003602109149868138,0.0025843371964333617,0.03677619514466968,0.13505857820656608,0.33776837377584035,3.0
2013-01-24,92.0,extreme greed,3130.3798828125,0.003753538049651395,-0.004513791725432648,0.050987456282294064,0.15167809542883837,0.31874407465397847,7.0
2013-01-25,91.0,extreme greed,3149.7099609375,0.009331061298736953,-0.006368858987822246,0.04113078678189308,0.14714051672044448,0.29650353780714567,5.0
2013-01-28,93.0,extreme greed,3154.300048828125,-0.007332887358549867,0.0025235268726122584,0.048416437351881836,0.14102648348728453,0.2991661850495042,4.0
2013-01-29,94.0,extreme greed,3153.659912109375,0.0056823394135858685,0.0020706193688802,0.05553234395397655,0.14675331883969456,0.2846755974174662,5.0
2013-01-30,93.0,extreme greed,3142.31005859375,0.00832824303999824,0.008729225037996668,0.049905904030657755,0.15404592467567535,0.3121333687413672,1.0
2013-01-31,89.0,extreme greed,3142.1298828125,0.007319875644164364,0.012698439584763577,0.06317060140026198,0.16982433168683797,0.3060821913380436,-3.0
2013-02-01,88.0,extreme greed,3179.10009765625,0.004645974985858059,0.01416431813186625,0.06276297663711516,0.16057688482684984,0.25726143819258995,-3.0
2013-02-04,80.0,extreme greed,3131.169921875,0.019427268287175448,0.02912655575647838,0.0836109362826769,0.1794153761417301,0.28754431095106603,-13.0
2013-02-05,88.0,extreme greed,3171.580078125,0.004701099055392399,0.019078821368242904,0.07095826028159014,0.15581821339299395,0.2648427439989802,-6.0
2013-02-06,81.0,extreme greed,3168.47998046875,0.008963257624732934,0.02395159104256761,0.0772578777746562,0.15323752470894414,0.28046260105682697,-12.0
2013-02-07,85.0,extreme greed,3165.1298828125,0.010593571366202648,0.027720895389302225,0.0771026934432304,0.15923208621289175,0.30353572082010616,-4.0
2013-02-08,83.0,extreme greed,3193.8701171875,-0.0005761310958523058,0.015169668582058593,0.07599243301453629,0.14597963383838009,0.2987910496272308,-5.0
2013-02-11,82.0,extreme greed,3192.0,0.0067638119958097764,0.016641640722901085,0.0773151751448935,0.14973369397615133,0.31298552778430455,2.0
2013-02-12,82.0,extreme greed,3186.489990234375,-0.006929278984923459,0.022733459583509363,0.08665337660991379,0.15626910886208356,0.31846955488270146,-6.0
2013-02-13,83.0,extreme greed,3196.8798828125,-0.02045428510770242,0.016325350798279015,0.085940118004463,0.14776599498106835,0.32650273933477014,2.0
2013-02-14,87.0,extreme greed,3198.659912109375,-0.011517274346839135,0.012170776778697157,0.08334117582047118,0.12738465991197634,0.32681189502653507,2.0
2013-02-15,84.0,extreme greed,3192.030029296875,-0.02374038734014272,0.011613320682807071,0.09615822488795978,0.12867986711593615,0.3385775653549967,1.0
2013-02-19,81.0,extreme greed,3213.590087890625,-0.026120377288682994,0.012633799708498206,0.0880136657179118,0.11684751002156446,0.3187587960523792,-1.0
2013-02-20,79.0,extreme greed,3164.409912109375,-0.0006794007108632538,0.018388953126520224,0.10672138390977604,0.1419475315326102,0.3486084051110747,-3.0
2013-02-21,68.0,greed,3131.489990234375,0.009164950634163338,0.03624792355064477,0.10595916309121445,0.14954544012228355,0.36146376630471266,-15.0
2013-02-22,78.0,extreme greed,3161.820068359375,0.0025048616631462295,0.023239772940930825,0.09412295674056037,0.15082765061503856,0.3577528518475479,-9.0
2013-02-25,62.0,greed,3116.25,0.021108713773565935,0.04371599854592856,0.11003285762635384,0.17377939480545535,0.3758812174087445,-22.0
2013-02-26,61.0,greed,3129.64990234375,0.03018867394656355,0.04053811804716201,0.11478599889570562,0.1686834574117293,0.3714185907438041,-20.0
2013-02-27,56.0,greed,3162.260009765625,0.01900859108240449,0.033286323528287864,0.09653222974168085,0.13163370769011395,0.36577326419826983,-23.0
2013-02-28,61.0,greed,3160.18994140625,0.0227518433440681,0.024992162475400148,0.10477538172105394,0.13706775993890052,0.36324720889100526,-7.0
2013-03-01,60.0,greed,3169.739990234375,0.023544557971017177,0.02685397460036021,0.09028182840127541,0.1421441695476211,0.3494166139384922,-18.0
2013-03-04,60.0,greed,3182.030029296875,0.02226254536833472,0.01149268486553412,0.08904381331474553,0.12816977971158372,0.36767100711660894,-2.0
2013-03-05,71.0,greed,3224.1298828125,0.005641889814627099,0.0002636673109175369,0.0685859859839848,0.12049149343527454,0.35167328030909495,10.0
2013-03-06,69.0,greed,3222.3701171875,0.007060020783663523,-0.0057442221385111125,0.055583268453835544,0.13240872598688314,0.35059900773008024,13.0
2013-03-07,73.0,greed,3232.090087890625,0.008304175632529054,-0.003044496787850015,0.05939189679665757,0.1320167228645297,0.3416148983872287,12.0
2013-03-08,82.0,extreme greed,3244.3701171875,0.001448648274429809,-0.002006555827628098,0.06930462474809884,0.12811112097729382,0.3359912829766709,22.0
2013-03-11,79.0,extreme greed,3252.8701171875,-0.00469739914180356,0.013643299982377233,0.06790922919933395,0.1393568750433436,0.3241198652992445,19.0
2013-03-12,77.0,extreme greed,3242.320068359375,-0.004077318224111726,0.017839029624014513,0.060027967229954404,0.15010854601351764,0.3334063223167909,6.0
2013-03-13,77.0,extreme greed,3245.1201171875,0.0027949117108831967,0.015355312649431907,0.04785949636518527,0.1478804713688191,0.31286971453230716,8.0
2013-03-14,79.0,extreme greed,3258.929931640625,-0.011147780021795617,-0.013022661516654543,0.057205947869948925,0.14024236441082816,0.3026975085059629,6.0
2013-03-15,77.0,extreme greed,3249.070068359375,-0.0012526871608620205,0.0047890055079611304,0.05370459441106612,0.14561393054848693,0.3172846707715571,-5.0
2013-03-18,70.0,greed,3237.590087890625,-0.0007073282905903922,-0.010168108105703233,0.06626527420018546,0.14833873242999918,0.33843690552469385,-9.0
2013-03-19,73.0,greed,3229.10009765625,0.007240371033858439,-0.019429558804916924,0.07837472556767922,0.15998260750435822,0.3339939820331981,-4.0
2013-03-20,69.0,greed,3254.18994140625,0.0007160240081109936,-0.014790127091260485,0.058082045968081086,0.16269792504585068,0.3273011461635773,-8.0
2013-03-21,69.0,greed,3222.60009765625,0.01393903075583891,0.003397862235478444,0.04407614678134553,0.17587654936411767,0.32712403322179107,-10.0
2013-03-22,69.0,greed,3245.0,-0.0017966342449923234,0.007497712827426728,0.03459167950693365,0.1632449862769645,0.30243147510593227,-8.0
2013-03-25,70.0,greed,3235.300048828125,0.006045825208958577,0.010617207986031163,0.02641484859138643,0.16381478757320989,0.308771970335477,0.0
2013-03-26,68.0,greed,3252.47998046875,-0.010416630699020435,0.011532741167009197,0.02933451172099888,0.15857746169952347,0.2831993135046138,-5.0
2013-03-27,70.0,greed,3256.52001953125,-0.009685197349727948,0.006982911235917433,0.03675701376130491,0.1549445650874981,0.274744191827903,1.0
2013-03-28,72.0,greed,3267.52001953125,-0.019482638737897462,0.012088678803463537,0.041113776530096624,0.1591145299804344,0.2718391136961342,3.0
2013-04-01,63.0,greed,3239.169921875,-0.005223536363663794,0.027667618355638135,0.050654977072033924,0.16745653333976507,0.2963167526402586,-6.0
2013-04-02,63.0,greed,3254.860107421875,-0.005222958726009752,0.013601129980879811,0.055188203758097076,0.15872260435060048,0.31128217441060757,-7.0
2013-04-03,59.0,greed,3218.60009765625,0.024436059142924238,0.037910897852797554,0.06673702795321312,0.1862237819631467,0.32867079823043954,-9.0
2013-04-04,55.0,neutral,3224.97998046875,0.023311751420453053,0.047643676324904405,0.06781125549016997,0.18295928738656464,0.3140361366705431,-15.0
2013-04-05,52.0,neutral,3203.860107421875,0.028431279985972724,0.05902563062699562,0.08599619401370617,0.17806020279949464,0.28836148960021446,-20.0
2013-04-08,53.0,neutral,3222.25,-0.001787573827488509,0.05411742813639542,0.0814896665761502,0.1817053301264644,0.2661183955310731,-10.0
2013-04-09,56.0,greed,3237.860107421875,0.008267736870182452,0.05417464198261612,0.0822765324953676,0.16446657907485696,0.270280400610001,-7.0
2013-04-10,56.0,greed,3297.25,-0.028077967434983697,0.03394341401925849,0.06778679498540452,0.12057929429827885,0.26890587681969813,-3.0
2013-04-11,57.0,greed,3300.159912109375,-0.040543430697568494,0.041337441108551864,0.08428080581736719,0.11442479372041547,0.2284586854552133,2.0
2013-04-12,57.0,greed,3294.949951171875,-0.02697761541006427,0.043654711003870306,0.09260539051423322,0.14136786771600574,0.2138970362952597,5.0
2013-04-15,41.0,fear,3216.489990234375,0.005303936479064575,0.07651822885653248,0.12156108092582896,0.17888447615258984,0.25064587597648025,-12.0
2013-04-16,52.0,neutral,3264.6298828125,0.0014397329808335524,0.06340389012082337,0.10226890311371806,0.16867153896477416,0.23571738816343846,-4.0
2013-04-17,47.0,neutral,3204.669921875,0.020276653150827828,0.08130948731435028,0.1264810691916276,0.18390040230596094,0.27508607129122487,-9.0
2013-04-18,35.0,fear,3166.360107421875,0.039044795480689176,0.10504486287002557,0.14051463092657013,0.21256894395589754,0.2934473277159617,-22.0
2013-04-19,41.0,fear,3206.06005859375,0.022831746702830724,0.09056906849531621,0.11900901475797099,0.20495244372877242,0.28554978052884783,-16.0
2013-04-22,42.0,fear,3233.550048828125,0.022721148457173657,0.08305734078762983,0.11344801787835235,0.2105209352536399,0.28696321321689755,1.0
2013-04-23,46.0,neutral,3269.330078125,0.018187200287711924,0.059330188775056136,0.09480227875430813,0.1990377096081779,0.26232901427029254,-6.0
2013-04-24,48.0,neutral,3269.64990234375,0.009016249858316172,0.05803985906724107,0.09479614165734418,0.20183205716996833,0.2687412926920365,1.0
2013-04-25,53.0,neutral,3289.989990234375,0.015389143159526109,0.051413500602079276,0.09580574777050321,0.18756290443334755,0.2387758232369004,18.0
2013-04-26,53.0,neutral,3279.260009765625,0.030302529458155814,0.0639259717705285,0.10182172238535436,0.1981239515125579,0.2424754030513594,12.0
2013-04-29,60.0,greed,3307.02001953125,0.025990151454861055,0.04853312016621847,0.08833326418395293,0.1924209965867767,0.24085733222871508,18.0
2013-04-30,61.0,greed,3328.7900390625,0.02037973045879027,0.0488195433952312,0.08642177135378759,0.18365226901549314,0.23605274298181622,15.0
2013-05-01,62.0,greed,3299.1298828125,0.034597042484864504,0.04752162990419162,0.09918986096298466,0.19799469201899522,0.25107235602190325,14.0
2013-05-02,63.0,greed,3340.6201171875,0.02052008378169412,0.037343366088876895,0.1003166661550896,0.17661391577104157,0.23447137288261932,10.0
2013-05-03,64.0,greed,3378.6298828125,0.01715198092791992,0.019721049438436777,0.09203736895243164,0.16014778087340664,0.2247745986160139,11.0
2013-05-06,73.0,greed,3392.969970703125,0.013504413170470686,0.0025081299979385907,0.08841221203221705,0.1559312557811221,0.20271032310962922,13.0
2013-05-07,78.0,extreme greed,3396.6298828125,0.01942520288808791,0.008072756515031365,0.07923740472302931,0.15896939722823844,0.1975605415409174,17.0
2013-05-08,77.0,extreme greed,3413.27001953125,0.017095072268634492,0.016391891310010953,0.07053060228368224,0.15427730149604235,0.18698490796705247,15.0
2013-05-09,76.0,extreme greed,3409.169921875,0.01644683886232845,0.018948922798403878,0.0762502900323403,0.15334525449800762,0.1943875519551761,13.0
2013-05-10,77.0,extreme greed,3436.580078125,0.01815464536248057,0.0001076282346013091,0.06504432436180374,0.1224327646773653,0.20580919666569852,13.0
2013-05-13,80.0,extreme greed,3438.7900390625,0.016761678358774956,-0.011155117639090606,0.06722129280460365,0.13971191493192459,0.20105324109900802,7.0
2013-05-14,86.0,extreme greed,3462.610107421875,0.011410470292608998,-0.004981791037641181,0.06406434080143697,0.13203332672676327,0.1842597796451504,8.0
2013-05-15,87.0,extreme greed,3471.6201171875,-0.0023965952720989003,-0.01384369745866243,0.0569330444207341,0.12913273617353216,0.17215879091033637,10.0
2013-05-16,85.0,extreme greed,3465.239990234375,-0.0016795570799646997,-0.0037833187481448594,0.04065522946466871,0.14438829324972202,0.18046371951685636,9.0
2013-05-17,91.0,extreme greed,3498.969970703125,-0.01138337238058551,-0.004798566207507626,0.0296687480781348,0.1354027109401128,0.1791498907218858,14.0
2013-05-20,83.0,extreme greed,3496.429931640625,-0.0021564965435935113,-0.015224094722176451,0.026501362264257144,0.14001139694877107,0.17173523188447581,3.0
2013-05-21,83.0,extreme greed,3502.1201171875,-0.009879757546419232,-0.03925628476723497,0.03182928254118389,0.1276226788962378,0.17972539513592634,-3.0
2013-05-22,83.0,extreme greed,3463.300048828125,0.008084774522922,-0.030621097604294767,0.03941038556002652,0.13520341679850745,0.19953217601105688,-4.0
2013-05-23,80.0,extreme greed,3459.419921875,-0.0010146237938418734,-0.04008183893276007,0.05182661923428045,0.13350506966090658,0.20997454865931608,-5.0
2013-05-24,75.0,greed,3459.139892578125,0.0018010906765413282,-0.032161174007069304,0.05742761283248354,0.1474412817549069,0.22489114513979014,-16.0
2013-05-28,67.0,greed,3488.889892578125,-0.012505376826397852,-0.032293917361703284,0.04834780717502185,0.14410314605661267,0.21100986509002873,-16.0
2013-05-29,66.0,greed,3467.52001953125,-0.01904532308119955,-0.01893569806072848,0.032011350871740785,0.15199625261265926,0.22506868637682764,-17.0
2013-05-30,72.0,greed,3491.300048828125,-0.019262165685980714,-0.025219845787152972,0.0292298133649036,0.1507890882505447,0.2151977939024634,-11.0
2013-05-31,60.0,greed,3455.909912109375,0.003851390496931728,-0.006198055626376542,0.04756783044104629,0.17038641135503907,0.22607368336353728,-20.0
2013-06-03,55.0,neutral,3465.3701171875,0.002423955323585192,-0.00922562778653413,0.035926898365778115,0.171560253388789,0.22182622200291435,-20.0
2013-06-04,48.0,neutral,3445.260009765625,-0.002412026543771706,-0.00046152914036035053,0.04857401101278125,0.1741523131198499,0.23405494060460819,-19.0
2013-06-05,32.0,fear,3401.47998046875,-0.00030870351557388265,0.022901767110507842,0.07278010160731108,0.18689510870368786,0.26304726329058004,-34.0
2013-06-06,34.0,fear,3424.050048828125,0.006223641094569743,0.01775091731432976,0.06855331467747838,0.17930519192673544,0.2620726451772344,-38.0
2013-06-07,40.0,fear,3469.219970703125,-0.013161434701449815,0.010100264427855832,0.054995082662294026,0.16255814158062054,0.24991792708265526,-20.0
2013-06-10,34.0,fear,3473.77001953125,-0.006229582441289572,0.013527087276985483,0.06690423108111698,0.16948444965837028,0.24878733353377513,-21.0
2013-06-11,31.0,fear,3436.949951171875,0.013159918273854432,0.04112660925075584,0.08497943598503377,0.18382579257888354,0.26039955114976854,-17.0
2013-06-12,30.0,fear,3400.429931640625,0.01257782703689303,0.058713207005576695,0.09545265882552623,0.1941107659510828,0.2638489747497892,-2.0
2013-06-13,30.0,fear,3445.360107421875,-0.023428672860600352,0.04705745633475167,0.0785432740973322,0.16208754201596554,0.25114640210116135,-4.0
2013-06-14,29.0,fear,3423.56005859375,-0.019368744073088418,0.05109883817201322,0.08722495529099472,0.16790704235114817,0.26216570578614906,-11.0
2013-06-17,24.0,extreme fear,3452.1298828125,-0.038054730704351725,0.045731221751969864,0.07697283238580344,0.1589888319060273,0.25639246717309083,-10.0
2013-06-18,24.0,extreme fear,3482.179931640625,-0.03856493394907068,0.03707450510618071,0.07567673833761157,0.1571831722184287,0.2529047692531079,-7.0
2013-06-19,21.0,extreme fear,3443.199951171875,-0.0194528291759396,0.041940682591160794,0.09887312564882644,0.1685873573131258,0.2660693947330375,-9.0
2013-06-20,19.0,extreme fear,3364.639892578125,0.011062168919132143,0.07006693361748106,0.12623638897324074,0.20965695840784404,0.29821917902647477,-11.0
2013-06-21,19.0,extreme fear,3357.25,0.013701690371583863,0.06613151225891722,0.12435177018951515,0.20876904984082945,0.3012674587180728,-10.0
2013-06-24,18.0,extreme fear,3320.760009765625,0.03424817816833947,0.07794603859641569,0.1338639431905979,0.23608457771831204,0.3100465209358181,-6.0
2013-06-25,19.0,extreme fear,3347.889892578125,0.025541464178732598,0.07685439398665084,0.12555971698883028,0.23925817021084517,0.3082149969550696,-5.0
2013-06-26,20.0,extreme fear,3376.219970703125,0.019977949232326875,0.07017905926221557,0.1139973491931483,0.2307906350691955,0.29702739829938496,-1.0
2013-06-27,21.0,extreme fear,3401.860107421875,0.02278746713349533,0.057991739497412764,0.11334088176569868,0.22497105824242092,0.2928015958640504,2.0
2013-06-28,22.0,extreme fear,3403.25,0.023971226952178126,0.06265186827389257,0.11117023077664734,0.22135894916623822,0.29528544061742457,3.0
2013-07-01,25.0,fear,3434.489990234375,0.020314521145682107,0.0558685940266872,0.09811936887065387,0.20955373494304785,0.2981985433125356,7.0
2013-07-02,29.0,fear,3433.39990234375,0.02544419814372345,0.07058312308018522,0.11201144319438971,0.21645889280154185,0.2983427818663824,10.0
2013-07-03,30.0,fear,3443.669921875,0.039094956835997285,0.0714122350848676,0.10783556672994332,0.20309725328231876,0.3026597431088178,10.0
2013-07-05,38.0,fear,3479.3798828125,0.03469014576670304,0.06138164717637529,0.08477378585051154,0.18754211825529032,0.27940320835502686,17.0
2013-07-08,40.0,fear,3484.830078125,0.035198247650390924,0.05192217047885572,0.09266446702868958,0.18045358986186222,0.26016473184836286,18.0
2013-07-09,48.0,neutral,3504.260009765625,0.026892978823417346,0.04273370114736874,0.07594181718972215,0.1851803702371464,0.26104506310643516,23.0
2013-07-10,49.0,neutral,3520.760009765625,0.025346797278669397,0.04213865955372276,0.04944104905661062,0.18315643546478255,0.24865091148463492,20.0
2013-07-11,51.0,neutral,3578.300048828125,0.009216661548421712,0.022862828012575998,0.027800905209536264,0.1614984447062735,0.2339631037428096,21.0
2013-07-12,61.0,greed,3600.080078125,-0.0034638037022830526,0.01940786636147962,0.044629541118063276,0.15960473969491784,0.23342254214180347,23.0
2013-07-15,60.0,greed,3607.489990234375,-0.001968154499519148,0.021330606981635913,0.05111036411805703,0.14021100982189094,0.2242279670003524,20.0
2013-07-16,62.0,greed,3598.5,-0.005343887861261609,0.019666533147492116,0.06024177554449772,0.1624343530724608,0.22994864939384474,14.0
2013-07-17,57.0,greed,3610.0,-0.008421025579986141,-0.001074759781856005,0.050972301874134374,0.1675567542416898,0.20871196546052628,8.0
2013-07-18,62.0,greed,3611.280029296875,-0.0016864069917642555,-0.0023537360523256945,0.06317701770365658,0.16819795396139336,0.22730717817158608,11.0
2013-07-19,68.0,greed,3587.610107421875,0.007121678198710457,0.00041252544853986883,0.07680316050839853,0.17002125438359328,0.2333280548404335,7.0
2013-07-22,63.0,greed,3600.389892578125,-0.00034718462091476443,0.0036663238444567536,0.08718226250046035,0.1736950418442229,0.2376492970155617,3.0
2013-07-23,65.0,greed,3579.27001953125,0.01039316703374804,0.005733018023026171,0.09520936599846253,0.18543724749653667,0.2498917854480247,3.0
2013-07-24,64.0,greed,3579.60009765625,0.013065710765253646,0.016512979569967223,0.09776789617708093,0.17858972167723985,0.24933225535706427,7.0
2013-07-25,62.0,greed,3605.18994140625,0.019569024094360454,0.014590104408128024,0.08373487440591632,0.14506308654149724,0.23420960640374555,0.0
2013-07-26,64.0,greed,3613.159912109375,0.02115327791750854,0.012291223563385856,0.08740273237553997,0.1302046426829333,0.23020023037260096,-4.0
2013-07-29,59.0,greed,3599.139892578125,0.026064576924947458,-0.005729111305008083,0.09563957643146215,0.13859424286007993,0.23437830368136048,-4.0
2013-07-30,62.0,greed,3616.469970703125,0.013632091301048366,-0.006392939312138135,0.08949608727055125,0.12027196809626317,0.2340486547648728,-3.0
2013-07-31,61.0,greed,3626.3701171875,0.007621917147155877,-0.0016738689552413533,0.08988877587485122,0.13698540126132275,0.2049983532624926,-3.0
2013-08-01,68.0,greed,3675.739990234375,-0.001800963360972907,-0.02336124787798166,0.06934117419357322,0.11647719743931773,0.18415343530357098,6.0
2013-08-02,62.0,greed,3689.590087890625,-0.007990042190731295,-0.02086410106136216,0.0623700377454226,0.08330732296134324,0.18817809899989824,-2.0
2013-08-05,61.0,greed,3692.949951171875,-0.0062280833220340615,-0.011890199620886,0.06203444154934412,0.09168011287343258,0.17868909714542003,2.0
2013-08-06,54.0,neutral,3665.77001953125,0.005093042328222053,-0.0019068272687954302,0.07387808479976754,0.09432671101966483,0.18803137716871543,-8.0
2013-08-07,47.0,neutral,3654.010009765625,0.004176236442932968,0.0016420316266141377,0.07822915013705312,0.11031992423242731,0.18635969886732817,-14.0
2013-08-08,52.0,neutral,3669.1201171875,-0.01717032912192895,0.010100463672345628,0.07163293258053449,0.12448209148406297,0.19126650606745121,-16.0
2013-08-09,44.0,fear,3660.110107421875,-0.015663484551666218,0.01882727843887566,0.05388361686256582,0.13334566450977814,0.20251302527759996,-18.0
2013-08-12,50.0,neutral,3669.949951171875,-0.022032960764336917,0.0150029453606495,0.06792464001240006,0.14199099727483455,0.19599723658314216,-11.0
2013-08-13,50.0,neutral,3684.43994140625,-0.019229477109778514,0.00855761792790699,0.06387676319848579,0.14027914849359235,0.20347459948556357,-4.0
2013-08-14,46.0,neutral,3669.27001953125,-0.018935641176286655,0.014419737939083133,0.06831056341167563,0.1557257708760138,0.21359288803958654,-1.0
2013-08-15,43.0,fear,3606.1201171875,0.009037370550878165,0.030983432841358294,0.09968052900518787,0.17689369228256968,0.23815348093938615,-9.0
2013-08-16,39.0,fear,3602.780029296875,0.015268767262585525,0.03966934442647396,0.10268735752088154,0.18596743359603152,0.2513420253063854,-5.0
2013-08-19,32.0,fear,3589.090087890625,0.019080039450610986,0.05420588503584778,0.11057952659130765,0.18078679875188697,0.261464509041037,-18.0
2013-08-20,26.0,fear,3613.590087890625,-0.009705048858999588,0.048646855522146204,0.0928384161759146,0.18097230202959014,0.252626853177752,-24.0
2013-08-21,26.0,fear,3599.7900390625,-0.001788976950424348,0.04859726248140017,0.09216093332266295,0.18434967317158524,0.2589901212228902,-20.0
2013-08-22,32.0,fear,3638.7099609375,-0.005059461267045262,0.03478707549759941,0.07765391076153527,0.17980555222315164,0.24729639169101558,-11.0
2013-08-23,27.0,fear,3657.7900390625,-0.018568567673285075,0.03019855151823081,0.08512513559326096,0.17218041439276255,0.24592993282476905,-12.0
2013-08-26,25.0,fear,3657.570068359375,-0.012292303386457593,0.02830568584112303,0.09133928475476294,0.17347309234706731,0.24963843516166406,-7.0
2013-08-27,18.0,extreme fear,3578.52001953125,0.01970647618187349,0.05837885801089926,0.11626316090377031,0.20690401400827874,0.27695809783008407,-8.0
2013-08-28,24.0,extreme fear,3593.35009765625,0.018208615877228773,0.052385652696950835,0.11810702848591448,0.1989146618353319,0.26837076027889517,-2.0
2013-08-29,23.0,extreme fear,3620.300048828125,0.01096869331323913,0.041758950805627526,0.11724164998679254,0.18147660331967308,0.26516309636099455,-9.0
2013-08-30,20.0,extreme fear,3589.8701171875,0.03239944918794113,0.0635426508020751,0.13092946542558037,0.21229183028307475,0.28087919376000237,-7.0
2013-09-03,17.0,extreme fear,3612.610107421875,0.03222321497418679,0.056028717766563485,0.11976102858564741,0.2063217688204384,0.2657219911995816,-8.0
2013-09-04,28.0,fear,3649.0400390625,0.02081916610666812,0.03433781144816295,0.10637315785910095,0.1926780293511483,0.2502713015543203,10.0
2013-09-05,33.0,fear,3658.780029296875,0.01563087721817502,0.040715749378284816,0.10364656187762167,0.18515466360984312,0.25257595855645554,9.0
2013-09-06,36.0,fear,3660.010009765625,0.016986270996286468,0.03015562054540477,0.10195598129887928,0.1842727707703904,0.25472062284238817,13.0
2013-09-09,43.0,fear,3706.179931640625,0.003148839568201778,-0.0030624129764257324,0.09614754125898117,0.1621642825904499,0.22829709378069118,23.0
2013-09-10,52.0,neutral,3729.02001953125,0.004473006729184048,-0.01374087292800752,0.09110435950715412,0.15937432770029925,0.22995317684236793,35.0
2013-09-11,47.0,neutral,3725.010009765625,0.015739523560686752,0.0095946024683633,0.09006149771121241,0.14373381835370225,0.23269737438441496,19.0
2013-09-12,46.0,neutral,3715.969970703125,0.019755249016580434,0.020425392853756996,0.07746028362983814,0.14247422229314943,0.22918111116812434,13.0
2013-09-13,48.0,neutral,3722.179931640625,0.014118083970476647,0.025012250714922857,0.07420919347694599,0.1498504301015955,0.21404660315600466,12.0
2013-09-16,50.0,neutral,3717.85009765625,0.012760046844318973,0.020484933525799276,0.0761541954020648,0.16554189780956707,0.22456786746057378,7.0
2013-09-17,54.0,neutral,3745.699951171875,0.0060202496521564175,0.025023355231490463,0.07577223804874689,0.15001205483866364,0.21798061800944013,2.0
2013-09-18,56.0,greed,3783.639892578125,-0.005957172342454742,0.0210141588584023,0.06344156576141291,0.1415700652525338,0.2140241424115401,9.0
2013-09-19,62.0,greed,3789.3798828125,-0.0005145831856867567,0.03296057675581299,0.07407021319090545,0.12862530844710163,0.20858562104978318,16.0
2013-09-20,57.0,greed,3774.72998046875,0.0018173769931546513,0.038498136055106436,0.0750808438155306,0.11965363313057753,0.19947386033795111,9.0
2013-09-23,49.0,neutral,3765.2900390625,0.0016439481001551126,0.04363011284458129,0.09015246947537081,0.12455348076864725,0.19743496374288472,-1.0
2013-09-24,48.0,neutral,3768.25,0.013197102227492818,0.03683939981672535,0.10101503412558888,0.1075645400716514,0.20884235781695737,-6.0
2013-09-25,47.0,neutral,3761.10009765625,0.014336210277572814,0.04463052269889145,0.10484161920191193,0.10372759902232098,0.18761795326412067,-9.0
2013-09-26,39.0,fear,3787.429931640625,-0.0034561282944526317,0.041170445023574365,0.1002659457718671,0.09725060017805354,0.19135931828359287,-23.0
2013-09-27,41.0,fear,3781.590087890625,0.006917701681402155,0.041924108969279894,0.09916457023202918,0.11037688823571079,0.19152261163494266,-16.0
2013-09-30,35.0,fear,3771.47998046875,-0.0002916885843082806,0.047954677834295856,0.10147746158689208,0.13166185719273882,0.19141296254747053,-14.0
2013-10-01,40.0,fear,3817.97998046875,-0.03225525093733739,0.029502547759540754,0.0939265960313449,0.12008443805733648,0.15822761417598663,-8.0
2013-10-02,35.0,fear,3815.02001953125,-0.03597359634596031,0.027441518228025874,0.08598901264161851,0.11080419307883194,0.16125214877819616,-12.0
2013-10-03,29.0,fear,3774.340087890625,-0.003600652716544195,0.03913265570470115,0.09473710901319743,0.09362958407270217,0.18580202445106142,-10.0
2013-10-04,34.0,fear,3807.75,-0.004170411085943182,0.03383627808827394,0.08034408135545923,0.07143326111220527,0.1699296972457489,-7.0
2013-10-07,27.0,fear,3770.3798828125,0.011908653207347797,0.0449504373238252,0.10152830878229735,0.09086892096054022,0.16306587972811304,-8.0
2013-10-08,20.0,extreme fear,3694.830078125,0.02684289386616534,0.06417612394429928,0.12741581485532194,0.13236598541141475,0.20941687419023514,-20.0
2013-10-09,29.0,fear,3677.780029296875,0.043953118744476605,0.048820225080848934,0.1300811653493148,0.10232533624283868,0.19048442508049046,-6.0
2013-10-10,35.0,fear,3760.75,0.02722858534700534,0.04214052528584733,0.11006313152296743,0.06354583007877412,0.13707112527421383,6.0
2013-10-11,31.0,fear,3791.8701171875,0.03228220068892251,0.03373531210765224,0.08476811640858894,0.06087229179409581,0.11123536039661341,-3.0
2013-10-14,39.0,fear,3815.280029296875,0.02746063689342315,0.02742653010384899,0.0963861072871619,0.05736928380925099,0.10795797147661346,12.0
2013-10-15,39.0,fear,3794.010009765625,0.03573002133490011,0.04522130092376164,0.11093009031699275,0.07702140214468667,0.11104604715556654,19.0
2013-10-16,46.0,neutral,3839.429931640625,0.017617234309012852,0.03472131565552106,0.09878029200120442,0.0667000290277977,0.09844175093895235,17.0
2013-10-17,48.0,neutral,3863.14990234375,0.01703533651485367,0.03179272652217313,0.08656929817254899,0.06688839648365197,0.10232324632877443,13.0
2013-10-18,56.0,greed,3914.280029296875,0.0074292278292167335,0.008887979092479403,0.07957523069295491,0.0631482494329938,0.10264717698136905,25.0
2013-10-21,53.0,neutral,3920.050048828125,0.005122341228877447,0.002933636014019303,0.08238413978117931,0.0527850827000238,0.12740396816870403,14.0
2013-10-22,55.0,neutral,3929.570068359375,0.005794532006081932,-0.0021122027814076683,0.07362378311628226,0.05567269996077795,0.11535104894722559,16.0
2013-10-23,61.0,greed,3907.070068359375,0.006027547091832508,0.015891663743842876,0.056589682203592284,0.04312438407461827,0.1396749894818956,15.0
2013-10-24,62.0,greed,3928.9599609375,-0.002354312615034382,0.015955861609567412,0.03936159900379166,0.03701741500352318,0.14119773665850155,14.0
2013-10-25,62.0,greed,3943.360107421875,-0.005406574032954303,0.01298637698370908,0.03920510663600041,0.04062016333206486,0.13759079911017857,6.0
2013-10-28,64.0,greed,3940.1298828125,-0.000898395491304993,0.019699887946864836,0.028247812163155972,0.044270158844799345,0.1584110612629015,11.0
2013-10-29,64.0,greed,3952.340087890625,-0.003157618067075485,0.023381062877788628,0.043212322604815556,0.04430542502108703,0.1510218957136067,9.0
2013-10-30,64.0,greed,3930.6201171875,0.00033832676390166405,0.03288788321857017,0.04407949902545494,0.04917284789519383,0.16168441634751196,3.0
2013-10-31,66.0,greed,3919.7099609375,-0.015914412911709475,0.032030443598968894,0.019708090845967474,0.055705677162915856,0.18139869544516984,4.0
2013-11-01,67.0,greed,3922.0400390625,-0.0007164788135161082,0.029362247953211185,0.02791403947393656,0.04046872778511057,0.18277990791722165,5.0
2013-11-04,68.0,greed,3936.590087890625,-0.0042676652770640144,0.02576085135745343,0.01904185075506981,0.03329781131837706,0.17452923303890966,4.0
2013-11-05,68.0,greed,3939.860107421875,-0.005061140498189731,0.023683534924843874,0.029762480536994707,0.028336004206803933,0.1728132697247997,4.0
2013-11-06,68.0,greed,3931.949951171875,0.00855304044322902,0.03320745939822056,0.049316475163063034,0.03558543922308144,0.1796869930812075,4.0
2013-11-07,68.0,greed,3857.330078125,0.029919636062225363,0.05480991193208151,0.07539926266599761,0.07428189430330745,0.20096794708532295,2.0
2013-11-08,68.0,greed,3919.22998046875,0.017028852750915258,0.03604279679161104,0.06935541562331071,0.05382178194631515,0.18687092627086765,1.0
2013-11-11,67.0,greed,3919.7900390625,0.007469795321965345,0.021434826532531703,0.07181507101011131,0.046135084264169235,0.18898206591402555,-1.0
2013-11-12,69.0,greed,3919.919921875,0.002966929729411927,0.020020812167818702,0.08182565113385709,0.03810540015216746,0.19266215379280216,1.0
2013-11-13,70.0,greed,3965.580078125,-0.011173663807263368,0.008926790443351207,0.07021417697304488,0.03152376381332145,0.18019055081888724,2.0
2013-11-14,70.0,greed,3972.739990234375,-0.0009011609452922453,0.014292410134176814,0.07552464940051973,0.03853009981414468,0.18017792520720577,2.0
2013-11-15,71.0,greed,3985.969970703125,0.0014249810415964959,0.00946067361637648,0.06321678950454457,0.027827647180206583,0.17186030861542978,3.0
2013-11-18,71.0,greed,3949.070068359375,0.011521699846390066,0.030637590151607386,0.08064676767318946,0.04620580732793411,0.19077146264965084,4.0
2013-11-19,67.0,greed,3931.550048828125,0.021925182205824623,0.032198456633594885,0.08440948310470886,0.056667164898048794,0.18927901282375537,-2.0
2013-11-20,68.0,greed,3921.27001953125,0.03148979281041986,0.0467884674939274,0.09479076764954164,0.0674628469207339,0.19906818295302275,-2.0
2013-11-21,68.0,greed,3969.159912109375,0.02285873647769776,0.04528413926735797,0.08022602734375561,0.06749788822869496,0.18739741386208952,-2.0
2013-11-22,68.0,greed,3991.64990234375,0.013430563484637448,0.04102815215209388,0.07525964540968633,0.05847962158309228,0.19120921249302292,-3.0
2013-11-25,66.0,greed,3994.570068359375,0.010671957703325186,0.04321118530104262,0.08120025481367854,0.06343113842466441,0.19117950582208176,-5.0
2013-11-26,64.0,greed,4017.75,0.0050401344035841955,0.03455661595420323,0.0722718230819488,0.0559691661222077,0.19154248627185622,-3.0
2013-11-27,67.0,greed,4044.75,-0.0028629898324988856,0.0270598171240497,0.05749423442425372,0.04758024483898882,0.18465415237344707,-1.0
2013-11-29,70.0,greed,4059.889892578125,0.0006478320897158607,0.028744609893291306,0.07194291717112233,0.04290515017791785,0.16440352392273194,2.0
2013-12-02,66.0,greed,4045.260009765625,0.005806793673995836,0.02417886964422644,0.07730286911674744,0.05101776559600735,0.1756500316698537,-2.0
2013-12-03,65.0,greed,4037.199951171875,0.005768859443223695,0.02345937932814879,0.07800701858950787,0.06416081255071027,0.18261920949886767,-1.0
2013-12-04,65.0,greed,4038.0,-0.008467048391839982,0.018741994992880207,0.07385344597418286,0.07018323485481681,0.1811391633002104,1.0
2013-12-05,57.0,greed,4033.169921875,-0.008621015281966016,0.029755813970381295,0.07470061496874303,0.07514444428840328,0.18536036374149334,-10.0
2013-12-06,63.0,greed,4062.52001953125,-0.015148242658900357,0.025375836489267334,0.06022614552019645,0.06781012257030938,0.16693331198728467,-7.0
2013-12-09,53.0,neutral,4068.75,-0.009641777073732705,0.02149061539938546,0.06256960445468507,0.06468329973118281,0.17148269489247303,-13.0
2013-12-10,52.0,neutral,4060.489990234375,-0.009065422814064195,0.028119742177725282,0.04923788314254285,0.05840179218479902,0.15356029218062028,-13.0
2013-12-11,51.0,neutral,4003.81005859375,0.01654673898872927,0.02734638868763062,0.06033998621674197,0.07663696310752832,0.17591995807704164,-14.0
2013-12-12,43.0,fear,3998.39990234375,0.014940974313088828,0.04617349982408725,0.07041574125782502,0.08070733373201167,0.16386559906837728,-14.0
2013-12-13,38.0,fear,4000.97998046875,0.025933709844280006,0.053461877686948434,0.08306216970524916,0.08404191014237594,0.1510080477109672,-25.0
2013-12-16,45.0,neutral,4029.52001953125,0.029626328255936363,0.04694601862209047,0.06901072008009246,0.0827194858452458,0.12862823762668496,-8.0
2013-12-17,38.0,fear,4023.679931640625,0.03274117038942981,0.04321917981519685,0.07346759991949514,0.08341869934657464,0.15424440748200063,-14.0
2013-12-18,49.0,neutral,4070.06005859375,0.023862084536672823,0.03825489176811958,0.05079285747448581,0.07321267405859988,0.166665806888455,-2.0
2013-12-19,50.0,neutral,4058.139892578125,0.024259871216349316,0.045552916438381885,0.041459941893165375,0.07652281375786663,0.1742768876765033,7.0
2013-12-20,52.0,neutral,4104.740234375,0.012049474050342956,0.027806789691986245,0.03155614673774165,0.05983566541541396,0.16485323037817845,14.0
2013-12-23,61.0,greed,4148.89990234375,0.0066740442184705095,-0.004996500507770563,0.005948607187969968,0.05564363294251451,0.14859843188382849,16.0
2013-12-24,66.0,greed,4155.419921875,-0.002972045638814147,-0.01728100066977667,-0.0010083075802262975,0.053816434203259655,0.14873353465800276,28.0
2013-12-26,63.0,greed,4167.18017578125,-0.008463761595006503,-0.016610804410628344,-0.0027405606848062147,0.05537317568869926,0.15350420680576282,14.0
2013-12-27,72.0,greed,4156.58984375,-0.010323286535781406,-0.025299564321338397,0.0102007636593624,0.06052806302492186,0.15645525224911117,22.0
2013-12-30,70.0,greed,4154.2001953125,-0.00024553932966464576,-0.0074792525731087744,0.027403552644972295,0.07328720155922763,0.1500264110518792,18.0
2013-12-31,77.0,extreme greed,4176.58984375,-0.0026289343410583754,-0.017408930169742654,0.023911880487127446,0.067313321929243,0.1339513770485976,16.0
2014-01-02,71.0,greed,4143.06982421875,0.0031667622666664563,-0.03526608758248517,0.02285030525019005,0.08275514681366802,0.1408955820543225,5.0
2014-01-03,66.0,greed,4131.91015625,0.010348667809323198,-0.024296301933597997,-0.0010116811893712274,0.07735396386167492,0.1260094358976298,3.0
2014-01-06,64.0,greed,4113.68017578125,-9.246491644865351e-05,-0.024826948763397527,-0.008248131680486326,0.06752585842517411,0.11645534852567119,-8.0
2014-01-07,67.0,greed,4153.18017578125,0.007184818015844252,-0.02312927793354891,-0.009676907744242014,0.06401109466072974,0.1197371695941305,-3.0
2014-01-08,64.0,greed,4165.60986328125,0.011827804606848069,-0.00954242027089136,0.004390723006425068,0.055355719714379026,0.13697395984067362,-13.0
2014-01-09,68.0,greed,4156.18994140625,0.01503781128416204,-0.001929656643299693,-0.02456091647001013,0.062388941945472176,0.1318226285459716,-3.0
2014-01-10,66.0,greed,4174.669921875,0.005487896451394247,0.003923635429635031,-0.04190509541594556,0.0636577274307335,0.11738414011961096,0.0
2014-01-13,61.0,greed,4113.2998046875,0.027340569926203928,0.0213916413957298,-0.022028509368072657,0.07368544633820506,0.13327503983244138,-3.0
2014-01-14,68.0,greed,4183.02001953125,0.014338917860467593,0.01378188535425906,-0.03558675471951389,0.05808009385040558,0.10908382043522535,1.0
2014-01-15,65.0,greed,4214.8798828125,0.0009490187410348128,0.006913633965603072,-0.03052279208913178,0.03524900273097753,0.08444841876934794,1.0
2014-01-16,63.0,greed,4218.68994140625,-0.021456902685072943,0.01282147882429352,-0.02919624897437778,0.05059863699448508,0.09853531479672695,-5.0
2014-01-17,59.0,greed,4197.580078125,-0.027151351155171755,0.009617473981707203,-0.01811288218984064,0.0541073935363614,0.10893658036787368,-7.0
2014-01-21,62.0,greed,4225.759765625,-0.030243035992510547,0.009889355140925593,-0.015216152420815643,0.05448966971083702,0.10451615348386412,1.0
2014-01-22,45.0,neutral,4243.0,-0.04514967437175932,0.004810312573650721,-0.027346166664211635,0.0543719527015083,0.11958517613569408,-23.0
2014-01-23,46.0,neutral,4218.8798828125,-0.022695597566093406,0.017561612107775293,-0.01672008708991135,0.06002303632781669,0.12775902964098562,-19.0
2014-01-24,27.0,fear,4128.169921875,-0.005883972685762795,0.0386175774960813,-0.012744112833745658,0.07785293309166308,0.15590197495012115,-36.0
2014-01-27,25.0,fear,4083.610107421875,-0.021219005782870948,0.051045507697471404,-0.002255407552593125,0.08847564760687354,0.14641209049107617,-34.0
2014-01-28,29.0,fear,4097.9599609375,-0.016212930833772843,0.0539220043509645,0.0013616721925520103,0.08412484203387205,0.1317802708140554,-33.0
2014-01-29,20.0,extreme fear,4051.429931640625,-0.009843409237081602,0.06335792297484666,0.015582184072861605,0.10156166529986121,0.1559894247889546,-25.0
2014-01-30,18.0,extreme fear,4123.1298828125,-0.01600962557598906,0.037391478380942145,0.0010478235279489656,0.059818667790913826,0.12420427348099339,-28.0
2014-01-31,20.0,extreme fear,4103.8798828125,0.005355902486523734,0.06045262997834788,0.00487831518049453,0.06061587108045852,0.13957768622632982,-7.0
2014-02-03,13.0,extreme fear,3996.9599609375,0.03783124234800517,0.09032120847704816,0.03530185416797482,0.09680611754001522,0.1828340240031059,-12.0
2014-02-04,15.0,extreme fear,4031.52001953125,0.039570629535109925,0.0795258021113654,0.01221375312433648,0.07970190465682236,0.16995579147859896,-14.0
2014-02-05,20.0,extreme fear,4011.550048828125,0.047298422785427396,0.08093384404127502,0.01398957319833749,0.08562768797056886,0.18784510716705527,0.0
2014-02-06,17.0,extreme fear,4057.1201171875,0.04524140261707155,0.06835638830364532,-0.001385247916050325,0.06848456285017823,0.16940089652378587,-1.0
2014-02-07,22.0,extreme fear,4125.85986328125,0.028638916532668812,0.04394964543967572,-0.013085695559909905,0.05939126562277908,0.1454605639141746,2.0
2014-02-10,28.0,fear,4148.169921875,0.03003972007610667,0.042225887451309285,-0.00103902652854726,0.061029360180011594,0.15415718904656273,15.0
2014-02-11,29.0,fear,4191.0498046875,0.011190606843312523,0.016551966791211292,-0.014526165435783778,0.04729130040182827,0.14557936543997796,14.0
2014-02-12,32.0,fear,4201.2900390625,0.015771290486715772,0.010499123571838131,-0.023959344704623575,0.05542103534512388,0.15621864192104318,12.0
2014-02-13,32.0,fear,4240.669921875,0.005362415560262512,0.009262751914473899,-0.040413398347383,0.05006993754211342,0.15402517383060155,15.0
2014-02-14,30.0,fear,4244.02001953125,0.01153392186823532,0.021039024003558282,-0.036152028250227564,0.05205210042208974,0.15439371091194154,8.0
2014-02-18,42.0,fear,4272.77978515625,0.0034661413268244345,0.008149334683937193,-0.03439674730560105,0.05512342907437873,0.1482828767178861,14.0
2014-02-19,39.0,fear,4237.9501953125,0.012767932794750525,0.019193204261807484,-0.03328497318108492,0.06832538301954916,0.1620476806828921,10.0
2014-02-20,45.0,neutral,4267.5498046875,0.012039782415032008,0.0021652317601192905,-0.0318706920480708,0.06067420127044332,0.16131514373894018,13.0
2014-02-21,48.0,neutral,4263.41015625,0.010486901165715157,-0.008683194479184753,-0.025582880488312143,0.0630223064539921,0.1636155173977698,16.0
2014-02-24,55.0,neutral,4292.97021484375,-0.003650248981944215,-0.01367356221329774,-0.024961774922051316,0.057205053273980955,0.15726871339784565,25.0
2014-02-25,57.0,greed,4287.58984375,0.015015515345432773,-0.026590641777732404,-0.01178284802705487,0.06291652507281653,0.15849237397539961,15.0
2014-02-26,58.0,greed,4292.06005859375,0.01535629868879207,-0.03281176782301165,-0.015605555270513882,0.06490591331945939,0.16212030321704818,19.0
2014-02-27,62.0,greed,4318.93017578125,0.007687021016783202,-0.037780284356353167,-0.01643462097784676,0.05804445341858355,0.1492498334401524,17.0
2014-02-28,56.0,greed,4308.1201171875,0.006522589178547422,-0.025331207079654083,-0.015203847204418475,0.05793247897831022,0.16247921632364393,8.0
2014-03-03,63.0,greed,4277.2998046875,0.013361324488493587,-0.0021648624243856274,-0.009374982163058765,0.07083212042132847,0.16426253237761568,8.0
2014-03-04,66.0,greed,4351.97021484375,-0.01028965531169379,-0.017350820474069106,-0.027088911665031357,0.056576611145611855,0.1413543502151673,9.0
2014-03-05,78.0,extreme greed,4357.97021484375,-0.007948685973291347,-0.027588527351387726,-0.02439899147608382,0.04924077797023085,0.14337864027196034,20.0
2014-03-06,80.0,extreme greed,4352.1298828125,-0.021072431983172768,-0.051560938755516816,-0.012844263348966378,0.048289035922380874,0.13217441801237317,18.0
2014-03-07,81.0,extreme greed,4336.22021484375,-0.020944580302703186,-0.0591460309063182,-0.0034177951685357977,0.05688818262863271,0.13980372225729876,25.0
2014-03-10,81.0,extreme greed,4334.4501953125,-0.012573682368974715,-0.051092976261902456,0.00041297949724650174,0.05948617059410233,0.121201033597786,18.0
2014-03-11,76.0,extreme greed,4307.18994140625,0.006064305856679386,-0.028624240105428744,0.007153169238617529,0.05690487324462579,0.12601023112131382,10.0
2014-03-12,57.0,greed,4323.330078125,-0.0036383945210058943,-0.062271435638308725,0.001989229945630111,0.06087667067983715,0.13183355206241565,-21.0
2014-03-13,49.0,neutral,4260.419921875,0.013817914258928532,-0.06118879035086311,0.008733871688667794,0.07778344454198916,0.1434928610231807,-31.0
2014-03-14,44.0,fear,4245.39990234375,0.007393917520330806,-0.0524591242428184,0.015369576836325338,0.07589395645263552,0.16114144227109795,-37.0
2014-03-17,49.0,neutral,4279.9501953125,-0.012514178004316534,-0.05742830453315095,0.009614575045480356,0.05583002047382535,0.15361860546621253,-32.0
2014-03-18,51.0,neutral,4333.31005859375,-0.02285551638892891,-0.057018785820551865,0.0009046022144725274,0.05064251208981485,0.14989004034990128,-25.0
2014-03-19,53.0,neutral,4307.60009765625,-0.031112456238491126,-0.04923392917564284,0.012823786990766806,0.059102478869503594,0.15897013873893173,-4.0
2014-03-20,54.0,neutral,4319.2900390625,-0.0389091857860574,-0.04578072613477924,0.009270051026994963,0.06346879562138685,0.1637143781541428,5.0
2014-03-21,56.0,greed,4276.7900390625,-0.02829932550629266,-0.026966504568057048,0.0213360953347157,0.07084752752239853,0.1716661723104338,12.0
2014-03-24,49.0,neutral,4226.39013671875,-0.00648305089151624,-0.02352360256835795,0.03366703840856733,0.07129010690939674,0.18179576870452308,0.0
2014-03-25,43.0,fear,4234.27001953125,0.007975405294296412,-0.020293976384331502,0.02741442505781677,0.0648092636060511,0.1516790372455037,-8.0
2014-03-26,43.0,fear,4173.580078125,0.024650271682032487,-0.023485836547141536,0.04940115767291742,0.09144191067976437,0.16527292450229836,-10.0
2014-03-27,34.0,fear,4151.22998046875,0.020839667836586973,-0.018507786484121658,0.054880077781916725,0.07600639353053196,0.17825806757433416,-20.0
2014-03-28,36.0,fear,4155.759765625,-0.006744804015887174,-0.012565626866702817,0.05827343826738973,0.08576775268135473,0.19050191070469302,-20.0
2014-03-31,50.0,neutral,4198.990234375,-0.02839735929815712,-0.020107256999566947,0.04981910643509435,0.07307944199754135,0.16715677085683267,1.0
2014-04-01,51.0,neutral,4268.0400390625,-0.03632810453239277,-0.03294014171921433,0.04465981142086917,0.05279943383702412,0.14343584779038787,8.0
2014-04-02,53.0,neutral,4276.4599609375,-0.021644083994524,-0.035674380208696066,0.04238786781286996,0.03405383989157573,0.14275358264664284,10.0
2014-04-03,51.0,neutral,4237.740234375,-0.043332086630413214,-0.023522011795975795,0.058566577392598074,0.04541570513839788,0.1603636731509046,17.0
2014-04-04,49.0,neutral,4127.72998046875,-0.031009780340686022,-0.011379128704002817,0.07844500638840946,0.08428122439327845,0.18957150872333428,13.0
2014-04-07,35.0,fear,4079.75,-0.013986165474293766,-0.0029609848949078144,0.07640418185856968,0.09192960467859557,0.2135105886926283,-15.0
2014-04-08,34.0,fear,4112.990234375,-0.019166182697636258,-0.014950250516299612,0.07440804216442665,0.06618298255669552,0.20947529051200675,-17.0
2014-04-09,31.0,fear,4183.89990234375,-0.023344230061595583,-0.026776401866950184,0.0507422017553103,0.06804415689934928,0.19409644042155172,-22.0
2014-04-10,31.0,fear,4054.110107421875,0.01021430375893484,0.02213796702143589,0.08913919883220367,0.07997556251236393,0.2304179876288983,-20.0
2014-04-11,21.0,extreme fear,3999.72998046875,0.030457012051716914,0.03261218683341305,0.1101799230343552,0.0691322302396633,0.24440651328147522,-28.0
2014-04-14,23.0,extreme fear,4022.68994140625,0.034496822164409524,0.01937508049129022,0.09786988334847169,0.0474732623258034,0.24568885311093602,-12.0
2014-04-15,23.0,extreme fear,4034.159912109375,0.023006104060423027,0.008708164207292368,0.09712314614953033,0.04784391644621344,0.24134643845688175,-11.0
2014-04-16,28.0,fear,4086.22998046875,0.015199796286092804,0.001067024480441603,0.06784253851809607,0.03159142886401889,0.2069340399749109,-3.0
2014-04-17,28.0,fear,4095.52001953125,-0.004873608441006816,0.0073958957392588065,0.08219466177851298,0.029756933577741007,0.21952769705369524,-3.0
2014-04-21,38.0,fear,4121.5498046875,-0.011439847770400746,-0.005983105661055976,0.07355252392685463,0.033213267631283516,0.2165569592180201,17.0
2014-04-22,40.0,fear,4161.4599609375,-0.013918173530126143,-0.007189765648558444,0.07078286499418618,0.03715279366677349,0.20995274954914356,17.0
2014-04-23,40.0,fear,4126.97021484375,-0.0030070864590598934,0.006631893975829417,0.08401562463950984,0.07087760521578534,0.2251263748907808,17.0
2014-04-24,39.0,fear,4148.33984375,-0.005035664681371954,0.009032580804632984,0.07804809435250348,0.05653110948939477,0.2274982932743237,11.0
2014-04-25,35.0,fear,4075.56005859375,0.011860908207712573,0.03962885181496456,0.09176652892438208,0.09255905324553382,0.2416084972984085,7.0
2014-04-28,34.0,fear,4074.39990234375,0.015624425136418374,0.03698217636775736,0.09093615324630222,0.10046149673834015,0.24077656662197788,-4.0
2014-04-29,34.0,fear,4103.5400390625,-0.00555131157001687,0.03519160404804822,0.08265062678113533,0.09318542845413824,0.22422106008412612,-6.0
2014-04-30,33.0,fear,4114.56005859375,-0.011396148324731459,0.031123633333843603,0.08466028901983114,0.1093020818907322,0.20095948327555813,-7.0
2014-05-01,30.0,fear,4127.4501953125,-0.018401238468911285,0.026590266340376978,0.0587093272485637,0.10218894600721296,0.2127075797070348,-9.0
2014-05-02,32.0,fear,4123.89990234375,-0.012616645987619579,0.026717470935371468,0.05546697053558436,0.10723835322085784,0.21654993927712973,-3.0
2014-05-05,34.0,fear,4138.06005859375,0.001401575763854579,0.02744766303938051,0.059407083184902065,0.11906066340387511,0.19363421704506334,0.0
2014-05-06,34.0,fear,4080.760009765625,0.012108017131890358,0.052801431642019114,0.0666738140280887,0.13677602827627,0.20556958138817505,0.0
2014-05-07,33.0,fear,4067.669921875,0.008102909422480042,0.06237722955450442,0.07064975485523961,0.13668026794747257,0.2158164585741127,0.0
2014-05-08,33.0,fear,4051.5,0.0043909759502653856,0.07028020100580035,0.06996673203597426,0.1404961655791066,0.23498699362890285,3.0
2014-05-09,42.0,fear,4071.8701171875,0.0045973889550423586,0.06535814629478409,0.0734379478102789,0.13914984548859066,0.2263578357130609,10.0
2014-05-12,45.0,neutral,4143.85986328125,-0.004355795148248021,0.04538529745334574,0.06213294448617668,0.11792626633084402,0.20085864522115693,11.0
2014-05-13,39.0,fear,4130.169921875,-0.008057727838263307,0.04054553786045623,0.0627286729179859,0.12625393268947493,0.20617069893935014,5.0
2014-05-14,38.0,fear,4100.6298828125,0.007537904452083799,0.05121652661498022,0.0813289688488692,0.13654735779206928,0.23171316335023806,5.0
2014-05-15,28.0,fear,4069.2900390625,0.020900403724256167,0.06188058756602244,0.09429408011081475,0.1488834887266548,0.24058250717010732,-5.0
2014-05-16,28.0,fear,4090.590087890625,0.023277808007457157,0.06029445319105742,0.09151249082590418,0.1441234726924534,0.24149323992153526,-14.0
2014-05-19,26.0,fear,4125.81005859375,0.026966768718122314,0.0574504840964587,0.09270906672091739,0.1363926047193147,0.22885680948781473,-19.0
2014-05-20,21.0,extreme fear,4096.89013671875,0.03128957260955967,0.0640583302574087,0.10510890322559119,0.14013308732292784,0.23794880143820984,-18.0
2014-05-21,29.0,fear,4131.5400390625,0.028175971949775613,0.05724257728691051,0.09559145927964119,0.13818089548837942,0.2321773457186842,-9.0
2014-05-22,36.0,fear,4154.33984375,0.021250132814799372,0.05159431825340777,0.09093147602610596,0.12550011236367098,0.22507066217462723,8.0
2014-05-23,37.0,fear,4185.81005859375,0.012277226152018761,0.03930900751807598,0.08427036610740402,0.12328797804244451,0.2023359707083281,9.0
2014-05-27,40.0,fear,4237.06982421875,-0.0007056164325309755,0.03367656123829854,0.07559003904226547,0.11231827899195612,0.2052172977091724,14.0
2014-05-28,42.0,fear,4225.080078125,0.006286285254393675,0.03644184813435025,0.08178781282344416,0.1253964537469472,0.2065996114163886,21.0
2014-05-29,42.0,fear,4247.9501953125,0.011365431075327947,0.03530643570968617,0.07572356244429468,0.12012848108497187,0.19352382962278902,13.0
2014-05-30,45.0,neutral,4242.6201171875,0.018568663462726898,0.03902306924040655,0.07426544668672141,0.12838757465571526,0.198063940532768,9.0
2014-06-02,58.0,greed,4237.2001953125,0.023373934319191658,0.05226321552525026,0.08096615887969572,0.130848121859654,0.19808358952387173,21.0
2014-06-03,66.0,greed,4234.080078125,0.024543683623720947,0.052821368093441956,0.08599503470952086,0.1164999268860516,0.20433007557260674,26.0
2014-06-04,66.0,greed,4251.64013671875,0.018884486099631337,0.05510580188550862,0.07548144046891836,0.11858245422061953,0.18992199586579583,24.0
2014-06-05,81.0,extreme greed,4296.22998046875,0.0003258443682283563,0.0361479262966633,0.061928728164762026,0.11131625554245139,0.1797459595923434,39.0
2014-06-06,81.0,extreme greed,4321.39990234375,-0.00248761980907386,0.01621235251931963,0.06051279814630739,0.10367937455163578,0.162037764681064,36.0
2014-06-09,89.0,extreme greed,4336.240234375,-0.003491535500899756,0.019092473273262467,0.059048805150991646,0.10251266240420143,0.15627129637345138,31.0
2014-06-10,90.0,extreme greed,4338.0,-0.00017750565496776893,0.013416365908828887,0.049398349253688245,0.09282847888571921,0.17028352729512441,24.0
2014-06-11,88.0,extreme greed,4331.93017578125,0.007135310753981772,0.01928933643965758,0.05877053263077703,0.10031095179970939,0.17326677933085222,22.0
2014-06-12,83.0,extreme greed,4297.6298828125,0.014356795953801793,0.033225299282648724,0.06845172427662138,0.08990772757422394,0.1753222672471404,2.0
2014-06-13,85.0,extreme greed,4310.64990234375,0.013313569419670657,0.02452999820688473,0.05960822640056973,0.09221585211318573,0.166870501849129,4.0
2014-06-16,87.0,extreme greed,4321.10009765625,0.011011102971395514,0.02426930985569653,0.04577533503442477,0.07694799761300297,0.16996822346920704,-2.0
2014-06-17,88.0,extreme greed,4337.22998046875,0.0030249991922453034,0.006045382643259378,0.049692957515929725,0.061774491319986025,0.1677683465300377,-2.0
2014-06-18,94.0,extreme greed,4362.83984375,0.0038781900048976414,0.015886454941278716,0.04569273794036466,0.04240133513954403,0.17651584269491893,6.0
2014-06-19,95.0,extreme greed,4359.330078125,0.004523568119205512,0.014995450221933382,0.05370093419421429,0.06537242543269928,0.17380421034804572,12.0
2014-06-20,95.0,extreme greed,4368.0400390625,0.006842917292755768,0.020141752292095028,0.04847711973937119,0.08707792508305068,0.17992742025092157,10.0
2014-06-23,93.0,extreme greed,4368.68017578125,0.009041632349050532,0.02403930141497934,0.03639766685291046,0.09080538997348508,0.18115532291791592,6.0
2014-06-24,83.0,extreme greed,4350.35009765625,0.024894503259828893,0.027988498141930718,0.036397034766306735,0.09908853644928217,0.1774707876981434,-5.0
2014-06-25,83.0,extreme greed,4379.759765625,0.01780239534042649,0.015937014061041532,0.04006166059514715,0.08805509363250774,0.16723067359305976,-11.0
2014-06-26,77.0,extreme greed,4379.0498046875,0.024407206097391443,0.015039872689276201,0.020027220338673102,0.09006986167045827,0.16018542657053847,-18.0
2014-06-27,76.0,extreme greed,4397.93017578125,0.012187462563677087,0.010179793162199857,0.025980350087004833,0.09298230557454401,0.1274554203132443,-19.0
2014-06-30,87.0,extreme greed,4408.18017578125,-0.0037929971500737514,0.012413223684261565,0.022156517651343632,0.09045228746760192,0.13127638125719088,-6.0
2014-07-01,87.0,extreme greed,4458.64990234375,-0.00888612428768476,-0.019934259194869575,0.0077916488479479185,0.07149923094318833,0.12435832078950293,4.0
2014-07-02,87.0,extreme greed,4457.72998046875,-0.013802941278596714,-0.023574744143419202,-0.007995131350464257,0.06243532592556966,0.12371318650636609,4.0
2014-07-03,86.0,extreme greed,4485.93017578125,-0.015702415919566226,-0.022746684648235593,-0.012423283083991432,0.05369675259614337,0.11279929597586213,9.0
2014-07-07,68.0,greed,4451.52978515625,-0.0024957405245936704,-0.022169893535326723,0.0054116973700995,0.04516201143545606,0.12263877860632744,-8.0
2014-07-08,74.0,greed,4391.4599609375,0.005676967569556934,-0.008291127910506346,0.014423413696905918,0.04583447765160309,0.11802448600188353,-13.0
2014-07-09,62.0,greed,4419.02978515625,0.0015705777116084008,-0.019022177808092677,-0.007655433769056086,0.052373584460761125,0.11390964570511519,-25.0
2014-07-10,56.0,greed,4396.2001953125,-0.0074496152461209775,-0.0057550365872161,0.016466413088895848,0.07733718461144412,0.13682270444402334,-31.0
2014-07-11,57.0,greed,4415.490234375,0.0037730052801505654,-0.0032069273168723322,-0.00841365027506591,0.06535618346455196,0.14857229807526862,-29.0
2014-07-14,59.0,greed,4440.419921875,-0.0035401441393096977,-0.011523667305184282,-0.03697391021313001,0.050510997385083245,0.1496413011684652,-9.0
2014-07-15,56.0,greed,4416.39013671875,0.008973365483046614,0.004016797779312631,-0.04590400172829212,0.055500047707143896,0.1545492548343146,-18.0
2014-07-16,55.0,neutral,4425.97021484375,0.010784071774517123,0.006107086998822897,-0.04491677153678453,0.04820403188875311,0.16656460056261935,-7.0
2014-07-17,32.0,fear,4363.4501953125,0.024902236327912997,0.02325682107653404,-0.03394799171831531,0.04752423417804108,0.19404139007151255,-24.0
2014-07-18,46.0,neutral,4432.14990234375,0.00392815149162562,0.017183569583178127,-0.048454986937926825,0.04562796496612398,0.17750075657898723,-11.0
2014-07-21,37.0,fear,4424.7001953125,0.00456753227233575,0.023235375454684126,-0.03757548456783244,0.0520148014971884,0.17705604612600645,-22.0
2014-07-22,38.0,fear,4456.02001953125,-0.002989175129458066,0.015812307985302088,-0.031406994290663404,0.0474414166491981,0.160625400438684,-18.0
2014-07-23,39.0,fear,4473.7001953125,-0.002414174508177047,0.013054049174985094,-0.012119769424996707,0.06185030175271322,0.15036992457437326,-16.0
2014-07-24,42.0,fear,4472.10986328125,-0.022884018255068472,0.014856509217665348,-0.019959206807032448,0.06390049177404977,0.13785887162416466,10.0
2014-07-25,34.0,fear,4449.56005859375,-0.021781911154971745,0.024224875637832488,0.0007259100734040569,0.07241158739029996,0.13264676030668854,-12.0
2014-07-28,34.0,fear,4444.91015625,-0.013728065897001263,0.028286281623029152,0.008731348267901229,0.053227137429837645,0.14495226720871934,-3.0
2014-07-29,31.0,fear,4442.7001953125,-0.020226517120671694,0.02856819418265344,0.009730564424392574,0.04395751018008176,0.15059080193215468,-7.0
2014-07-30,26.0,fear,4462.89990234375,-0.02416592350628588,0.021241859562874055,0.022718442926650262,0.049409634706448546,0.1492034097522117,-13.0
2014-07-31,10.0,extreme fear,4369.77001953125,-0.007963761143483072,0.048171871530799715,0.04106851393445887,0.060751530093619666,0.17358116382206457,-32.0
2014-08-01,5.0,extreme fear,4352.64013671875,0.004195101145844982,0.05641399173252326,0.04905068953413361,0.07444902277903132,0.17523611466505096,-29.0
2014-08-04,5.0,extreme fear,4383.89013671875,0.003978188518041437,0.04303710083761714,0.0563084589161289,0.07843492581536604,0.16461627583324812,-29.0
2014-08-05,5.0,extreme fear,4352.83984375,0.00836469007750873,0.04811805690789139,0.0657203854882813,0.0835914861616025,0.18082450214344625,-26.0
2014-08-06,5.0,extreme fear,4355.0498046875,0.018158248853981762,0.0523185974615048,0.061673308934872884,0.09415513285919208,0.1610521505319682,-21.0
2014-08-07,5.0,extreme fear,4334.97021484375,0.027227357814845865,0.05935907548744823,0.06591740792625012,0.09444809703606172,0.1634543697191908,-5.0
2014-08-08,10.0,extreme fear,4370.89990234375,0.021512794970911964,0.04149949455980129,0.06121629835460762,0.08124410789888703,0.16721954715820164,5.0
2014-08-11,7.0,extreme fear,4401.330078125,0.02430628436627602,0.042075903901563905,0.05252950879106599,0.08777120818857576,0.14437907397488603,2.0
2014-08-12,8.0,extreme fear,4389.25,0.03149963333713046,0.046149127662755696,0.05977561478327731,0.09384978658797061,0.1492601553155437,3.0
2014-08-13,13.0,extreme fear,4434.1298828125,0.02082710703044932,0.030100655229136297,0.051065300693814875,0.0955046405181399,0.13518552492220648,8.0
2014-08-14,16.0,extreme fear,4453.0,0.01776332756708965,0.014798989971648302,0.049885501171962776,0.09899839293734569,0.133671734645183,11.0
2014-08-15,14.0,extreme fear,4464.93017578125,0.01648841661748235,0.01967098843340409,0.0482000731175698,0.0972780819968817,0.14037621975165182,4.0
2014-08-18,26.0,fear,4508.31005859375,0.010877698832852056,0.011951237184717245,0.039977281537057374,0.08829246425248338,0.12222762673833976,19.0
2014-08-19,31.0,fear,4527.509765625,0.009526290019563621,0.01455997083799776,0.03169297070642352,0.08772823257128182,0.10856741663916547,23.0
2014-08-20,37.0,fear,4526.47998046875,0.009530614717152108,0.011777376421364227,0.03887346496543609,0.09488393547043228,0.07754596406497316,24.0
2014-08-21,36.0,fear,4532.10009765625,0.005648616999763378,-0.0009730933022156218,0.03168726642986486,0.09462944505777515,0.03837954538916777,20.0
2014-08-22,37.0,fear,4538.5498046875,0.009192410932818307,-0.006579163954620548,0.035985131711305574,0.09464924502014527,-0.0027100737497243177,23.0
2014-08-25,35.0,fear,4557.35009765625,0.008961313674585414,-0.00046735115074769684,0.03414706218588126,0.08991848997364649,-0.011159964056175142,9.0
2014-08-26,36.0,fear,4570.64013671875,0.00042005535714273456,-0.02272988763305539,0.04031164005229959,0.09128918215371518,0.027764142121862845,5.0
2014-08-27,33.0,fear,4569.6201171875,-0.0016040891664997892,-0.01256782277486057,0.041279116857660725,0.08620184126184927,0.053196947999173405,-4.0
2014-08-28,33.0,fear,4557.7001953125,0.005529040075336056,-0.01137637304655903,0.050380590882745935,0.09882174847897573,0.05937635590523849,-3.0
2014-08-29,41.0,fear,4580.27001953125,0.0026243036938857767,-0.018968288428853675,0.04614572118673488,0.08725028898042964,0.04284458017910331,4.0
2014-09-02,48.0,neutral,4598.18994140625,-0.009982167533016839,-0.03829769972538233,0.028089347742450865,0.08023813718309891,0.00824458248421256,13.0
2014-09-03,48.0,neutral,4572.56005859375,0.0030529858019607836,-0.031133514148971364,0.040076018171832706,0.08971998065481257,0.038801004164298325,12.0
2014-09-04,47.0,neutral,4562.2900390625,0.00647043902919342,-0.018997021481082732,0.046507384222518766,0.0800212338538695,0.03752719784835978,14.0
2014-09-05,50.0,neutral,4582.89990234375,-0.003338454911414379,-0.0279517555229033,0.040703494083975444,0.07845251843240719,0.02204281605181624,17.0
2014-09-08,47.0,neutral,4592.2900390625,-0.015981163231086448,-0.0450951141997723,0.041040466729966196,0.05824980515703859,0.047828019321616955,6.0
2014-09-09,42.0,fear,4552.2900390625,0.00010318467375092233,-0.01838639335241854,0.04138574228072445,0.06538465251327619,0.044865275353986656,-6.0
2014-09-10,45.0,neutral,4586.52001953125,-0.0053046924512250015,-0.045389570937167,0.03923458189350515,0.0668851369284118,0.045727475204650814,-3.0
2014-09-11,44.0,fear,4591.81005859375,0.00035282757057153447,-0.06872449430440808,0.02008139704405365,0.06096717927330486,0.05020455598436713,-3.0
2014-09-12,43.0,fear,4567.60009765625,0.002668784732819507,-0.0774892577806594,0.03077328478600272,0.0792340967315539,0.052141094420887546,-7.0
2014-09-15,38.0,fear,4518.89990234375,0.0019451723323060666,-0.06455774342720955,0.02980818301432997,0.09261773495368364,0.07559807133818497,-9.0
2014-09-16,37.0,fear,4552.759765625,-0.009679804445535067,-0.07411766901342898,0.011509588320614217,0.09446365163986647,0.07390692372801011,-5.0
2014-09-17,42.0,fear,4562.18994140625,-0.0015277151219074137,-0.07557769604419817,-0.00314758119799452,0.0942946144135437,0.07271951807512611,-3.0
2014-09-18,37.0,fear,4593.43017578125,-0.027578556967986168,-0.07292812159009798,0.011076664032200423,0.09426283398769786,0.05089873922982524,-7.0
2014-09-19,36.0,fear,4579.7900390625,-0.014760523316498575,-0.05758347273442577,0.03681606838809692,0.0941484592314441,0.05440427489575561,-7.0
2014-09-22,22.0,extreme fear,4527.68994140625,-0.004823617348500897,-0.02389959611587078,0.05249695639106111,0.10315194836805519,0.050584354582894786,-16.0
2014-09-23,18.0,extreme fear,4508.68994140625,-0.003393403602006795,-0.027910511786213177,0.060489850491623365,0.081582473602138,0.05412887027947444,-19.0
2014-09-24,17.0,extreme fear,4555.22021484375,-0.02922589135425946,-0.022486327982008114,0.04614479588633014,0.06764539010285131,0.039352601448522595,-25.0
2014-09-25,8.0,extreme fear,4466.75,-0.00818263943303299,0.0037992309495158416,0.06866742370711365,0.09502887218755252,0.04919684334247498,-29.0
2014-09-26,13.0,extreme fear,4512.18994140625,-0.008104673050920552,-0.005819738522978901,0.06530530090742692,0.09646092155959907,0.0070432038212460135,-23.0
2014-09-29,11.0,extreme fear,4505.85009765625,-0.011329780587974736,0.012969792633946708,0.06681537380712,0.08767042324859586,0.0025455188951950536,-11.0
2014-09-30,12.0,extreme fear,4493.39013671875,-0.02407757575336078,0.01242710782971912,0.06321503275807783,0.08609086502167962,0.028212555703837072,-6.0
2014-10-01,7.0,extreme fear,4422.08984375,0.01051539015330527,0.0325751619841792,0.07099809638224297,0.10512000300338764,0.046355963270335865,-10.0
2014-10-02,3.0,extreme fear,4430.2001953125,-0.011706096626823426,0.045266586208606796,0.066951796804823,0.10995431525231325,0.06265621814053701,-5.0
2014-10-03,5.0,extreme fear,4475.6201171875,-0.04454799057829584,0.03648433843511989,0.03953635527548882,0.09710606617667117,0.06828989959710108,-8.0
2014-10-06,5.0,extreme fear,4454.7998046875,-0.05413029967895844,0.03790076758412142,0.030964450869903182,0.11134507526226423,0.06589747496281562,-6.0
2014-10-07,6.0,extreme fear,4385.2001953125,-0.03603718562414193,0.05370792872421326,0.06049211158359591,0.13439748176405675,0.09257267375505096,-6.0
2014-10-08,4.0,extreme fear,4468.58984375,-0.05667783985265207,0.038016550418327855,0.05988468555254167,0.1180216030469623,0.0765790120100458,-3.0
2014-10-09,3.0,extreme fear,4378.33984375,-0.03676044180558591,0.05805623831806961,0.07439577376199424,0.13930169379625368,0.10326525286500043,0.0
2014-10-10,1.0,extreme fear,4276.240234375,-0.0041626035940779404,0.08778269279517326,0.09084375649425547,0.16394069702914216,0.1315173777709775,-4.0
2014-10-13,0.0,extreme fear,4213.66015625,0.02430420683472745,0.10605978787370307,0.10628285792952052,0.18923212449835303,0.13834758509572187,-5.0
2014-10-14,2.0,extreme fear,4227.169921875,0.04549380842217232,0.10597402591402072,0.09750019752244476,0.18466731444787743,0.13145442129157958,-4.0
2014-10-15,1.0,extreme fear,4215.31982421875,0.03974319397426718,0.11026928723875606,0.08433523785253638,0.16997292358659677,0.15533347426582367,-3.0
2014-10-16,2.0,extreme fear,4217.39013671875,0.05581648714313592,0.11171598715558195,0.09887388469547176,0.18428694897602993,0.15869999762654974,-1.0
2014-10-17,7.0,extreme fear,4258.43994140625,0.05290206661059704,0.09688056289870128,0.09308811717539323,0.17744999733410838,0.15194068305301345,6.0
2014-10-20,5.0,extreme fear,4316.06982421875,0.03935532984414736,0.08951896816392146,0.0814051004654095,0.16660993147542835,0.13088305185777482,5.0
2014-10-21,7.0,extreme fear,4419.47998046875,0.03276631170040756,0.05797740494382175,0.07487757006196483,0.1440395885801662,0.09517864965509704,5.0
2014-10-22,8.0,extreme fear,4382.85009765625,0.03796157274497536,0.07278825705260772,0.08556755919094727,0.161819356050533,0.12256857867863657,7.0
2014-10-23,11.0,extreme fear,4452.7900390625,0.025455971797878618,0.05843082056391524,0.07163367770865214,0.13642232299490953,0.13004651446369753,9.0
2014-10-24,13.0,extreme fear,4483.72021484375,0.032789739878176904,0.060478778532448985,0.044110643768869195,0.1275056603974949,0.1228845588189651,6.0
2014-10-27,16.0,extreme fear,4485.93017578125,0.03410217602018473,0.06070531942047541,0.03389710776478316,0.11986587839474216,0.12131703018933448,11.0
2014-10-28,21.0,extreme fear,4564.2900390625,0.013003138965384409,0.048864069383737,0.026098279506349575,0.08262618711451597,0.1164255333898323,14.0
2014-10-29,25.0,fear,4549.22998046875,0.015714798918043282,0.05328372128567871,0.01890655215839132,0.10027194892507896,0.11541294709580718,17.0
2014-10-30,31.0,fear,4566.14013671875,0.015840529628811773,0.03530552197492254,0.02421077789499071,0.09872453003302684,0.10678819499211611,20.0
2014-10-31,32.0,fear,4630.740234375,0.00038645026295491824,0.02700860292061491,0.020946975017071212,0.06663942007786794,0.10719877230076347,19.0
2014-11-03,40.0,fear,4638.91015625,0.0027398592577561054,0.029222393628622,0.016769033338077,0.06051636505408986,0.10912471022541159,24.0
2014-11-04,40.0,fear,4623.64013671875,0.007985033606270342,0.03153355373175071,0.030594933159718174,0.06962044900237241,0.11221458167334886,19.0
2014-11-05,49.0,neutral,4620.72021484375,0.011777367887408463,0.03463519610365795,0.02676632251021971,0.0828506319456297,0.10972748748181771,24.0
2014-11-06,49.0,neutral,4638.47021484375,0.008983548442685008,0.022037379098691412,0.01887250466783441,0.07655532814216026,0.10965897780608769,18.0
2014-11-07,55.0,neutral,4632.52978515625,0.01209064086014533,0.028913020725021,0.03348286114846166,0.07418412232365368,0.09989574616747787,23.0
2014-11-10,57.0,greed,4651.6201171875,0.004166265155852278,0.006965294139999578,0.032152251221275074,0.07095803524435684,0.09278920167893445,17.0
2014-11-11,58.0,greed,4660.56005859375,0.00898601933801424,0.010213385742874115,0.04228028438860121,0.08373237147200263,0.08721268599210852,18.0
2014-11-12,56.0,greed,4675.14013671875,0.00012188387985956339,-0.004607356877566859,0.046779283750998824,0.07981576839013127,0.07057327304798577,7.0
2014-11-13,54.0,neutral,4680.14013671875,0.004643019190443409,-0.016020883622796522,0.04682122252991605,0.08510424753365364,0.052934258132586676,5.0
2014-11-14,53.0,neutral,4688.5400390625,0.00521061472819051,-0.030011466205935533,0.04645792131537485,0.08136642599089994,0.06314973865173656,-2.0
2014-11-17,53.0,neutral,4671.0,0.01795978092886963,-0.005713967331674175,0.05431389323752933,0.08579324221258822,0.06744166549587893,-4.0
2014-11-18,54.0,neutral,4702.43994140625,0.01186831927449572,0.009773641239478659,0.05391462232299826,0.08258480756696596,0.07926954061103375,-4.0
2014-11-19,55.0,neutral,4675.7099609375,0.023870142548121587,0.019177819544867747,0.061008971105867005,0.08846782751700255,0.08510582972547409,-1.0
2014-11-20,59.0,greed,4701.8701171875,0.01909022652431136,0.01691875843118451,0.056626404678158604,0.07037197424977393,0.08572116937347274,5.0
2014-11-21,59.0,greed,4712.97021484375,0.00305112957582665,0.01112880087085144,0.05392988079459493,0.08351837821222041,0.08264634569474216,6.0
2014-11-24,62.0,greed,4754.89013671875,0.00019346858677060652,0.003907572539167292,0.049002183709924374,0.07215515687745389,0.07317096964833181,9.0
2014-11-25,62.0,greed,4758.25,0.0034088614183260812,0.01021591200152372,0.043141866265171025,0.06552404458703309,0.07521465595938626,8.0
2014-11-26,63.0,greed,4787.31982421875,-0.0037348419301436175,0.004092129364773989,0.04611771963105249,0.0617486114186534,0.07106276743647855,8.0
2014-11-28,59.0,greed,4791.6298828125,-0.0022685636105765905,-0.002961401809674191,0.03929143613670405,0.059455789300556505,0.0661653856446045,0.0
2014-12-01,55.0,neutral,4727.35009765625,0.002821843839451166,0.0018402925215044164,0.050723985765595,0.07866561078200496,0.09074004507306799,-4.0
2014-12-02,55.0,neutral,4755.81005859375,0.0022415016829229195,-0.0060978045049543406,0.04773109043533208,0.06377673936865258,0.07725501054990414,-7.0
2014-12-03,59.0,greed,4774.47021484375,-0.01894455117371807,-0.02553171035521673,0.032024475064979185,0.06157536498599159,0.055097122502649976,-3.0
2014-12-04,59.0,greed,4769.43994140625,-0.012848423695252964,-0.03704831368086181,0.03627260267984256,0.05287621702012513,0.07817062017874421,-4.0
2014-12-05,61.0,greed,4780.759765625,-0.026598213297196693,-0.02725289643668527,0.016530902474068965,0.04876010571345346,0.06715465923997921,2.0
2014-12-08,55.0,neutral,4740.68994140625,-0.028588620397318687,-0.0009492289214478866,0.02304516881515206,0.07087575946811042,0.0754215731018022,0.0
2014-12-09,46.0,neutral,4766.47021484375,-0.04587045064036288,-0.013091530590220168,0.026606654086247516,0.0663047363218674,0.05379240628531967,-9.0
2014-12-10,41.0,fear,4684.02001953125,-0.008477752181228704,-0.004122539722979712,0.040080901727772345,0.07836859718668232,0.07710255311417136,-18.0
2014-12-11,37.0,fear,4708.16015625,0.00854680910553407,-0.009910486198745683,0.04701403563792583,0.06835155303002027,0.047855223933845004,-22.0
2014-12-12,31.0,fear,4653.60009765625,0.02402006678926849,-0.0030686507516389794,0.06099150596716485,0.08637392526136667,0.0641717974354743,-30.0
2014-12-15,22.0,extreme fear,4605.16015625,0.0382744051552224,-0.007456924594608116,0.08201016013795659,0.0998270876504872,0.08473097434009569,-33.0
2014-12-16,19.0,extreme fear,4547.830078125,0.04784476113050129,0.019031011097754735,0.09774987126844925,0.12865918627917083,0.11506582165515922,-27.0
2014-12-17,21.0,extreme fear,4644.31005859375,0.027810407707600016,0.002269452067050759,0.08227483920333878,0.10177829116546455,0.07713519157293769,-20.0
2014-12-18,33.0,fear,4748.39990234375,0.012311507484583428,-0.01705416185119102,0.05529658788224601,0.08541199579669256,0.03678716607146537,-4.0
2014-12-19,33.0,fear,4765.3798828125,0.008714997431220395,-0.003143501848148378,0.04812839758766274,0.08282864548975777,0.042712237863054,2.0
2014-12-22,43.0,fear,4781.419921875,-0.0008323846333893048,-0.004923231894944924,0.019889509645694803,0.07131568445075676,0.045946590133438825,21.0
2014-12-23,45.0,neutral,4765.419921875,-0.006163175054664238,0.0013303851190318294,0.020552216386360955,0.07276798796669537,0.05886370110189176,26.0
2014-12-24,47.0,neutral,4773.47021484375,-0.009774892091062748,-0.019266950604982513,0.024667588714357258,0.06432208371730685,0.057614273715595354,26.0
2014-12-26,48.0,neutral,4806.85986328125,-0.03209788582377748,-0.03513096568431606,0.029245720100739003,0.03154041429845389,0.0487075508238195,15.0
2014-12-29,47.0,neutral,4806.91015625,-0.04455459222522262,-0.025692179796500625,0.01954888348398187,0.03743776253099185,0.06262438351689337,14.0
2014-12-30,47.0,neutral,4777.43994140625,-0.02657693830163066,-0.02976483404821062,0.021515715597304474,0.04933189713984709,0.06036918512576972,4.0
2014-12-31,45.0,neutral,4736.0498046875,2.9589367622540053e-05,-0.012533623109811654,0.031859913417592534,0.05767679131660319,0.05729676898539404,0.0
2015-01-02,37.0,fear,4726.81005859375,-0.004810905048671543,0.00019678721372762276,0.04030408737889446,0.05609065723520468,0.03729360456017439,-10.0
2015-01-05,30.0,fear,4652.56982421875,0.00260934003731772,0.013783859999246362,0.05538018041314752,0.07412895448090628,0.05133944477719021,-18.0
2015-01-06,21.0,extreme fear,4592.740234375,0.014971403152818974,0.037528763763123196,0.07796643649985979,0.06902622727870034,0.052913842030752445,-26.0
2015-01-07,21.0,extreme fear,4650.47021484375,-0.002397691009698222,0.020197890355299508,0.06968969346702703,0.05847358975271644,0.008377639063926079,-26.0
2015-01-08,28.0,fear,4736.18994140625,-0.0349162764233224,-0.002149444153886182,0.054852115788532885,0.05521532226146397,-0.019543147495952762,-17.0
2015-01-09,29.0,fear,4704.06982421875,-0.014814818659249829,0.017765534021145113,0.06041155561045408,0.07811107299353792,-0.01404732334191583,-8.0
2015-01-12,30.0,fear,4664.7099609375,-0.002113714113807119,0.029255884285745104,0.06700954201709441,0.09436388960242748,0.004546898116948972,0.0
2015-01-13,29.0,fear,4661.5,0.001269960715434948,0.042070119764292535,0.07498016079185876,0.09384102572267516,-0.02905501263675858,8.0
2015-01-14,30.0,fear,4639.31982421875,0.023943181831337812,0.05486149461017398,0.07942332686792075,0.11291749036739818,-0.005242109865285172,9.0
2015-01-15,30.0,fear,4570.81982421875,0.04092483751002418,0.07185804909049098,0.0789771306368876,0.13986994392395968,-0.018027379225746154,2.0
2015-01-16,26.0,fear,4634.3798828125,0.029643638693064522,0.05868745923860086,0.0777278134189423,0.1261182715375595,-0.03396995746590792,-3.0
2015-01-20,25.0,fear,4654.85009765625,0.005725190239137534,0.057971812624454166,0.07717756586423374,0.11885882636904355,-0.03934823945076604,-5.0
2015-01-21,28.0,fear,4667.419921875,-0.006305343850050993,0.0618222267973767,0.07879085365266802,0.10805757915470404,-0.0418560717808244,-1.0
2015-01-22,32.0,fear,4750.39990234375,-0.014101917200844194,0.04432686022835863,0.06434408945217296,0.08336356139424539,-0.03351712062892731,2.0
2015-01-23,31.0,fear,4757.8798828125,-0.025776112776727866,0.04418779783291238,0.07024141078461743,0.06951625685104212,-0.05031435310132104,1.0
2015-01-26,28.0,fear,4771.759765625,-0.01992343053470924,0.040945139883453274,0.06045782867218885,0.05616796165264315,-0.04277035177257471,2.0
2015-01-27,28.0,fear,4681.5,0.009877226182847476,0.065447001328367,0.07987181926198872,0.08708959968760022,-0.045568744659831295,3.0
2015-01-28,26.0,fear,4637.990234375,0.016970704326656927,0.0701897878888309,0.0831502187058224,0.10214332548235516,-0.028311844561579758,-2.0
2015-01-29,26.0,fear,4683.41015625,0.01744240599923441,0.06932767589722033,0.05509014948876234,0.09509515802537716,-0.014831065104303542,-6.0
2015-01-30,25.0,fear,4635.240234375,0.023549948319662173,0.07435637648567806,0.07985560265004477,0.10636763702663399,-0.003208057497694039,-6.0
2015-02-02,30.0,fear,4676.68994140625,0.010545882843778998,0.0621059336734997,0.07275236088725867,0.09380351207853188,-0.03415658256055287,2.0
2015-02-03,46.0,neutral,4727.740234375,0.012669880191010341,0.05395174260297941,0.04475496394906564,0.07991335216886042,-0.04727417094005093,18.0
2015-02-04,42.0,fear,4716.7001953125,0.017910822602782206,0.0446646836032456,0.04302583013606287,0.0897321704937637,-0.043916324578909594,16.0
2015-02-05,50.0,neutral,4765.10009765625,0.019414023573293138,0.037216394223749116,0.03786697817638718,0.061140340764991974,-0.08435498787007789,24.0
2015-02-06,52.0,neutral,4744.39990234375,0.03149817563490509,0.02432133443509832,0.054622272084553725,0.063051206238111,-0.09709339681003437,27.0
2015-02-09,52.0,neutral,4726.009765625,0.036661002092393424,0.026223004591032772,0.05661436853979196,0.0795152904244587,-0.09675181023235357,22.0
2015-02-10,54.0,neutral,4787.64013671875,0.02479712826617453,0.022067218781434583,0.039382618430616745,0.052040231769488576,-0.1052815747580822,8.0
2015-02-11,61.0,greed,4801.18017578125,0.025727011903099672,0.014700466814342228,0.03759695720971923,0.05065628700300229,-0.11129353876920522,19.0
2015-02-12,64.0,greed,4857.60986328125,0.020248713735948165,0.014801497931573815,0.03977057582713184,0.03622155756939449,-0.10706913735244461,14.0
2015-02-13,73.0,greed,4893.83984375,0.013717320802699273,0.008907184015619185,0.03156012461457047,0.03154994759834384,-0.09356249845349263,21.0
2015-02-17,77.0,extreme greed,4899.27001953125,0.014053133912149018,0.017055614052834844,0.03657073832647062,0.03927731580707228,-0.07454375028964877,25.0
2015-02-18,79.0,extreme greed,4906.35986328125,0.012388058587462059,0.017532350240963,0.033358727536455524,0.031182024685951992,-0.08536263867498983,25.0
2015-02-19,77.0,extreme greed,4924.7001953125,0.012831226044256683,0.02065500894030481,0.0298576630517442,0.019158447343617935,-0.085339209061148,16.0
2015-02-20,80.0,extreme greed,4955.97021484375,0.0015253461955557768,0.01109772609917381,0.027203517853062964,-0.015835442318376414,-0.07775679329312701,16.0
2015-02-23,77.0,extreme greed,4960.97021484375,0.009500134201871013,0.00680507323426105,0.02587994744522848,-0.051387161127972925,-0.09219771877488603,4.0
2015-02-24,75.0,greed,4968.1201171875,0.00237107494955624,-0.018437577090649304,0.013008921138784268,-0.08894110986947046,-0.08564814132294685,-2.0
2015-02-25,77.0,extreme greed,4967.14013671875,0.0,-0.020893365313034318,0.02807444589702457,-0.09273946167503366,-0.07749729840731612,-2.0
2015-02-26,78.0,extreme greed,4987.89013671875,-0.0010184823614302063,-0.01938092444405637,0.022071425138169065,-0.058211004993637405,-0.07967695979295164,1.0
2015-02-27,74.0,greed,4963.52978515625,-0.0072850712162315645,-0.003241613216086181,0.02145650466700033,-0.030385598706345274,-0.08171192828471818,-6.0
2015-03-02,74.0,greed,5008.10009765625,-0.01311079151168093,-0.021409359388389282,0.014941809601613176,-0.03589789938935839,-0.06359697166377631,-3.0
2015-03-03,66.0,greed,4979.89990234375,-0.024118931230870944,-0.020014442826067902,0.019402019936590742,-0.04084221384109066,-0.05551918429899105,-9.0
2015-03-04,66.0,greed,4967.14013671875,-0.023595105450340936,-0.0161461511262051,0.026592735480432284,-0.06664600352531669,-0.052287676146644646,-11.0
2015-03-05,65.0,greed,4982.81005859375,-0.017965770013018356,-0.013143233156570067,0.015314663351885027,-0.046726661339105746,-0.05334139490308232,-13.0
2015-03-06,58.0,greed,4927.3701171875,-0.011286010638519306,-0.003478556777978259,0.028633904170878965,-0.0393455560627054,-0.04446999352112235,-16.0
2015-03-09,58.0,greed,4942.43994140625,-0.0026161523325605174,0.0016954951222161174,0.016022438784297766,-0.05230615295199614,-0.05940792820316143,-16.0
2015-03-10,52.0,neutral,4859.7900390625,0.01597602696715006,0.023616250621681267,0.031705089496978145,-0.009848133951581683,-0.038151886143165004,-14.0
2015-03-11,44.0,fear,4849.93994140625,0.02740036749408037,0.030111721140232417,0.046753156273983354,-0.01926006453245177,-0.038717960928358,-22.0
2015-03-12,46.0,neutral,4893.2900390625,0.02025014723406504,0.019406158265593776,0.03866922358004188,-0.019831246112092638,-0.02959559377487786,-19.0
2015-03-13,39.0,fear,4871.759765625,0.031746260836028384,0.02166163327307702,0.03681222815966212,-0.010144162325840811,-0.024935544097619333,-19.0
2015-03-16,42.0,fear,4929.509765625,0.016525060927315538,0.016535164302674987,0.02037939957423185,-0.025103916187152575,-0.04074235640032986,-16.0
2015-03-17,40.0,fear,4937.43017578125,0.01160518785026321,0.014250300414651917,0.023923301130543972,-0.015576960789694727,-0.03513162814703574,-12.0
2015-03-18,39.0,fear,4982.830078125,-0.021335276725662267,-0.010239165039007014,0.016466506664095437,-0.01878246744974632,-0.041711204374083044,-5.0
2015-03-19,43.0,fear,4992.3798828125,-0.025843389838067665,0.0004447207335711578,0.02815697438889786,-0.019715985123421542,-0.03940605184033397,-3.0
2015-03-20,43.0,fear,5026.419921875,-0.026897813778522628,-0.002451013725521478,0.01802079403091561,-0.03962859142336572,-0.04328126341786975,4.0
2015-03-23,48.0,neutral,5010.97021484375,-0.0126782380883661,0.0048293456144610225,0.02853738774507142,-0.03632430681628496,-0.03777912270022399,6.0
2015-03-24,44.0,fear,4994.72998046875,-0.018789824079227246,0.012278957694374482,0.03310686742383839,-0.04765217870749905,-0.04522168727253251,4.0
2015-03-25,44.0,fear,4876.52001953125,0.000760780417724316,0.04420366526342501,0.05042328048155653,-0.025382810828314395,-0.02112572472144858,5.0
2015-03-26,37.0,fear,4863.35986328125,0.004848516002903924,0.04048438574436708,0.05116423318859997,-0.02650017404337135,-0.01985660673557388,-6.0
2015-03-27,36.0,fear,4891.22021484375,0.005336011921073025,0.03357029530850819,0.03869986270640591,-0.04185463051172189,-0.009118399028712476,-7.0
2015-03-30,37.0,fear,4947.43994140625,-0.00752105359098576,0.015401944483401042,0.0022294911243256887,-0.08155121261518916,-0.01579602850550965,-11.0
2015-03-31,37.0,fear,4900.8798828125,0.010189994980572825,0.008271991975292936,0.017545876746861255,-0.07826350936265625,-0.00633147228624642,-7.0
2015-04-01,35.0,fear,4880.22998046875,0.019329023120328248,0.025646364362111207,0.027230302106784343,-0.05329048533769509,0.007030418388285664,-9.0
2015-04-02,40.0,fear,4886.93994140625,0.022312539210605165,0.026599515429607257,0.025019750804644802,-0.053174351720490676,0.0009944593834831927,3.0
2015-04-06,43.0,fear,4917.31982421875,0.014424560190676505,0.004476067185592791,0.015174957060954508,-0.04261265212615917,-0.014924725472612477,7.0
2015-04-07,48.0,neutral,4910.22998046875,0.013657213381143452,0.001916439003352366,0.017764948040259076,-0.026265615939935705,0.0021364038785813833,11.0
2015-04-08,48.0,neutral,4950.81982421875,0.012159641726004367,-0.0010664466378723647,-0.008293587739325425,-0.0408942292642307,-0.020693483234853316,11.0
2015-04-09,56.0,greed,4974.56005859375,0.006679983772905462,0.005827599979151721,-0.01048538074435168,-0.03686962346210931,-0.024900717998872945,21.0
2015-04-10,56.0,greed,4995.97998046875,-0.012844311251419271,-0.00048241911685442673,0.0003443198032166972,-0.037067790929953714,-0.03254217966456818,16.0
2015-04-13,60.0,greed,4988.25,0.0012730111073522288,-0.002417693298000345,0.01669117739187098,-0.03163028820854008,-0.023286755124542702,17.0
2015-04-14,60.0,greed,4977.2900390625,0.007395602487469954,0.0008839955697215185,0.025636460132888672,-0.02785650449453525,-0.006001281209870202,12.0
2015-04-15,60.0,greed,5011.02001953125,0.004819358583606048,0.007938460633005295,0.017545314433452308,-0.04278772693270072,-0.01299733039553741,12.0
2015-04-16,57.0,greed,5007.7900390625,0.009638986290305018,0.008087399767978676,0.03102968285544172,-0.04491800567748261,-0.01389232049987743,1.0
2015-04-17,57.0,greed,4931.81005859375,0.03249720034371095,0.029731453780746264,0.05643568483340222,-0.01251263941723979,0.005720001500938432,1.0
2015-04-20,55.0,neutral,4994.60009765625,0.01314417592202366,0.015102247632477361,0.04490044472834476,-0.02160536462181173,-0.01086573869181573,-5.0
2015-04-21,59.0,greed,5014.10009765625,0.008240725835940932,0.011495609500435044,0.038694883578798356,-0.02166488117444587,-0.013156940140582107,-1.0
2015-04-22,59.0,greed,5035.169921875,-0.002289850260297932,0.011046323768709732,0.027129193210103875,-0.030624528948137053,-0.017731235795713562,-1.0
2015-04-23,64.0,greed,5056.06005859375,-0.022673808338945056,0.006586117313005513,0.017869664641875227,-0.04270913298176082,-0.02963376154330577,7.0
2015-04-24,66.0,greed,5092.080078125,-0.01702446545934344,-0.011651442478266438,-0.0006775610869360627,-0.03378389004063831,-0.03854810530292718,9.0
2015-04-27,59.0,greed,5060.25,-0.008560807117978353,0.009157619435798736,-0.004045297138234316,-0.0056104217615235985,-0.03398452938960528,4.0
2015-04-28,61.0,greed,5055.419921875,-0.022963442314193228,0.008418698990679374,0.0066839233109576845,-0.004098517409571678,-0.038034384507654395,2.0
2015-04-29,61.0,greed,5023.64013671875,-0.020702119811457864,0.009234269807351314,0.017535062495048992,0.0012958264222429072,-0.04346451810118468,2.0
2015-04-30,53.0,neutral,4941.419921875,0.0008337921594683273,0.028637568986963347,0.0379161994413455,0.031219775281254192,-0.03360573705922554,-11.0
2015-05-01,61.0,greed,5005.39013671875,-0.00036767004788484936,0.014210657085589107,0.024551462539553315,0.013761141675492583,-0.037519611426705124,-5.0
2015-05-04,61.0,greed,5016.93017578125,-0.004656303903783576,0.01640441501155321,0.019623495560394,0.00733911434456358,-0.05057075782363096,2.0
2015-05-05,58.0,greed,4939.330078125,0.007462522791196413,0.024252284655568612,0.03365228157126898,0.038025364016580854,-0.043262940120690985,-3.0
2015-05-06,58.0,greed,4919.64013671875,0.012612671448136714,0.030250144336371854,0.04477965838258102,0.04583460168372078,-0.041171770157937826,-3.0
2015-05-07,53.0,neutral,4945.5400390625,0.02128377584522667,0.015385548018821416,0.022424224951735017,0.039821726212044384,-0.04233711205625812,0.0
2015-05-08,58.0,greed,5003.5498046875,0.008941698618266214,0.0020625981358937118,0.007992372602654063,0.024820464377341533,-0.05063202199219885,-3.0
2015-05-11,53.0,neutral,4993.56982421875,0.016995880737640023,0.016645430045729714,0.021673869451837025,0.03074960366510404,-0.03678529546445031,-8.0
2015-05-12,49.0,neutral,4976.18994140625,0.01885776967015884,0.021365708598475308,0.012178011364076813,0.023935955959026423,-0.0433062247497531,-9.0
2015-05-13,55.0,neutral,4981.68994140625,0.018076254047904472,0.013933054257970756,0.012586129616649844,0.020384707631981636,-0.049051600190972766,-3.0
2015-05-14,57.0,greed,5050.7998046875,0.007917604324346073,-0.004124018105888583,-0.0034132705235614402,0.0032114151166111604,-0.06595383736989369,4.0
2015-05-15,57.0,greed,5048.2900390625,0.008135393153119397,0.0014380642888631723,-9.865654927665446e-06,-0.008559326148686264,-0.05404405769357623,-1.0
2015-05-18,62.0,greed,5078.43994140625,-0.008996845868693759,-0.0026701228625725104,0.002611088062326905,-0.02964691132136521,-0.07142153202998469,9.0
2015-05-19,62.0,greed,5070.02978515625,0.007211014558689222,0.012410264401298887,-0.0021064348638083485,-0.016845989390201987,-0.06526779565231922,13.0
2015-05-20,64.0,greed,5071.740234375,0.00517371649200471,0.00892391241141266,-0.010389023737922831,-0.016901538896404777,-0.07082587684284591,9.0
2015-05-21,64.0,greed,5090.7900390625,-0.004078002382135737,0.012410681897398579,-0.04189915574023173,-0.0030623623505146025,-0.0631002217738107,7.0
2015-05-22,60.0,greed,5089.35986328125,-0.0012633587863158935,0.013897618240567677,-0.07531788565087105,-0.0030887433753534754,-0.06357972059699846,3.0
2015-05-26,50.0,neutral,5032.75,0.008697038305349958,0.017815340767969756,-0.10064080274203968,0.014340057001639206,-0.03411453805697684,-12.0
2015-05-27,47.0,neutral,5106.58984375,-0.001441248172742493,0.0010966413649029505,-0.11751474618809798,-0.0008048156219713221,-0.041456179859510556,-15.0
2015-05-28,47.0,neutral,5097.97998046875,-0.0076226002122662395,-0.0034268896525058157,-0.07854874733529849,0.0009474494100614184,-0.038487785689471976,-17.0
2015-05-29,43.0,fear,5070.02978515625,-0.0003096282044231513,-0.022003730755018047,-0.05075311884204636,0.009094690468584465,-0.026928793506494686,-21.0
2015-06-01,40.0,fear,5082.93017578125,-0.01206003050382809,-0.01889855954572217,-0.050091254996113777,0.008772468282656876,-0.026535948051463976,-20.0
2015-06-02,43.0,fear,5076.52001953125,-0.012341112041853952,-0.012488851043594207,-0.059097620565269016,0.006333059304416633,-0.024479371509052883,-7.0
2015-06-03,45.0,neutral,5099.22998046875,-0.004420282895424177,-0.017653649644367442,-0.09082349385817001,0.011193862277957711,-0.025076358131967513,-2.0
2015-06-04,44.0,fear,5059.1201171875,0.004623264104372193,-0.013279023669158785,-0.06110551431038358,0.012670206710151177,-0.02304750528854238,-3.0
2015-06-05,40.0,fear,5068.4599609375,-0.0034250765350899437,-0.014008199837267199,-0.06608712775064385,-0.00610248004712044,-0.019680534278414097,-3.0
2015-06-08,36.0,fear,5021.6298828125,0.001660881471929443,-0.022277650842089547,-0.067251065653679,0.024024099651721587,-0.01192439192252115,-4.0
2015-06-09,36.0,fear,5013.8701171875,0.008312877383305661,-0.01824343525178107,-0.040276260989290824,0.01753933375832628,-0.007824291326229194,-7.0
2015-06-10,37.0,fear,5076.68994140625,-0.002326330488971795,-0.015559300844729118,-0.063064744931284,0.004244949606432069,-0.023257245485046152,-8.0
2015-06-11,41.0,fear,5082.509765625,0.009924315350783752,-0.00216428506923827,-0.05632252151507644,-0.011734290967991057,-0.03698172155196766,-3.0
2015-06-12,30.0,fear,5051.10009765625,0.013046643517186984,0.010649173055877315,-0.04528919433063627,-0.0011740364804889714,-0.04012198379201315,-10.0
2015-06-15,26.0,fear,5029.97021484375,0.024652233453404726,0.013711756455131008,-0.04457490594220448,-0.019185004260109273,-0.037061931222994504,-10.0
2015-06-16,27.0,fear,5055.5498046875,0.02067827300713576,0.02128954817020201,-0.03857736402387302,-0.02043691155469418,-0.043639097116933145,-9.0
2015-06-17,26.0,fear,5064.8798828125,0.011358664917745953,0.02867990105731555,-0.03467794942848046,-0.013725896988626252,-0.0434284654378333,-11.0
2015-06-18,34.0,fear,5132.9501953125,-0.004044507177414003,0.016736898800850275,-0.04656191681311439,-0.01204381693717882,-0.06479906075579023,-7.0
2015-06-19,30.0,fear,5117.0,-0.007131177325581439,0.017807331871702248,-0.05662888792871801,-0.022366659236368935,-0.054678530205686915,0.0
2015-06-22,42.0,fear,5153.97021484375,-0.03793192274121959,0.0034536103131204143,-0.06306206787830715,-0.044798500397571606,-0.06018863832882171,16.0
2015-06-23,49.0,neutral,5160.08984375,-0.03356912995852335,-0.0026510560696088037,-0.07817104762135474,-0.03704778941137021,-0.06332642055196769,22.0
2015-06-24,36.0,fear,5122.41015625,-0.021335667337991637,-0.006594605353162475,-0.07216718509429687,-0.023680316348886676,-0.04145902235657195,10.0
2015-06-25,34.0,fear,5112.18994140625,-0.020144005142426757,-0.01416421476508789,-0.07388417982638584,-0.012961131410303861,-0.07906786828548684,0.0
2015-06-26,33.0,fear,5080.509765625,-0.017433255382760637,0.0017124650308451006,-0.07755319521101822,-0.00630242489969135,-0.095673435667327,3.0
2015-06-29,8.0,extreme fear,4958.47021484375,0.007863261127803112,0.03090867928705099,-0.08359433092068325,0.016642233583296973,-0.05376660262234756,-34.0
2015-06-30,11.0,extreme fear,4986.8701171875,-0.01546267493447151,0.028456660116262356,-0.09415731349216838,0.024277717561056233,-0.0416333516431332,-38.0
2015-07-01,18.0,extreme fear,5013.1201171875,-0.01809655717857539,0.022971655431499594,-0.07838630468682273,0.010518395577230555,-0.034000820113627594,-18.0
2015-07-02,16.0,extreme fear,5009.2099609375,-0.002297720741345377,0.02119494345474182,-0.07628545934237152,-0.0003592991113439137,-0.029274104671648815,-18.0
2015-07-06,13.0,extreme fear,4991.93994140625,0.01593965976207934,0.022758659882683885,-0.05692379307150697,-0.017798711262383637,-0.033862594712003036,-20.0
2015-07-07,13.0,extreme fear,4997.4599609375,0.02149695577773003,0.028510479640145414,-0.04326201650486894,-0.021216735298537404,-0.02767401955563753,5.0
2015-07-08,9.0,extreme fear,4909.759765625,0.03853145261928459,0.029875224610419915,-0.03287327894814096,-0.015072020533081987,-0.006711062985595095,-2.0
2015-07-09,12.0,extreme fear,4922.39990234375,0.04891521985502534,0.02460997463068182,-0.026663823054584923,-0.04732848431342884,0.00698030715970277,-6.0
2015-07-10,14.0,extreme fear,4997.7001953125,0.04250754008924029,0.02082950263255845,-0.03739923343647322,-0.07084664919118067,-0.0018128455568918733,-2.0
2015-07-13,24.0,extreme fear,5071.509765625,0.029054483667762643,-0.006846033660002471,-0.0475281645743898,-0.08548135590478823,-0.009600679808658419,11.0
2015-07-14,24.0,extreme fear,5104.89013671875,0.02022178297750843,-0.01185138139699271,-0.05215587267684796,-0.08207232743955772,-0.019424542662878297,11.0
2015-07-15,30.0,fear,5098.93994140625,0.014283376341340803,-0.012822250029183246,-0.05929273174408478,-0.11235274182392196,-0.012724190431355975,21.0
2015-07-16,30.0,fear,5163.18017578125,-0.003248001998828687,-0.022261462411363175,-0.07366198063530716,-0.10617103357201818,-0.02587365295867028,18.0
2015-07-17,34.0,fear,5210.14013671875,-0.02332187824467513,-0.022732582674991453,-0.0652650466474115,-0.13852222702368155,-0.029626909739843055,20.0
2015-07-20,34.0,fear,5218.85986328125,-0.03431402314228982,-0.030564102084303046,-0.06364798645238101,-0.14215933889864785,-0.03496735893939362,10.0
2015-07-21,25.0,fear,5208.1201171875,-0.02283168467209129,-0.0363029861534957,-0.05811116017561968,-0.14140038232815155,-0.02269339776097079,1.0
2015-07-22,20.0,extreme fear,5171.77001953125,-0.011609185798238886,-0.05690117388145621,-0.056228293908911486,-0.13529409820913096,-0.01892391131428739,-10.0
2015-07-23,15.0,extreme fear,5146.41015625,-0.0034257609787161636,-0.08556840667910959,-0.05951527953723812,-0.10788684998113829,-0.008986846869138865,-15.0
2015-07-24,15.0,extreme fear,5088.6298828125,0.007791862103721181,-0.11051695559781427,-0.03312877572299,-0.1120418779843313,0.0017686489698138796,-19.0
2015-07-27,7.0,extreme fear,5039.77978515625,0.015000674807045478,-0.10581604227072716,-0.001571481733850133,-0.09367668497575299,0.013943073413290374,-27.0
2015-07-28,17.0,extreme fear,5089.2099609375,0.003210683755517474,-0.07696084949948678,-0.010710850219069923,-0.12203073636759454,0.009942623323587307,-8.0
2015-07-29,21.0,extreme fear,5111.72998046875,0.005518671965320188,-0.05849683388476434,-0.015959387220511823,-0.11836497761018594,0.008460932045560421,1.0
2015-07-30,21.0,extreme fear,5128.77978515625,-0.01410468898652395,-0.05858312766851348,-0.006451796555151157,-0.10038052156845834,0.006502540380612931,6.0
2015-07-31,20.0,extreme fear,5128.27978515625,-0.016524009930001915,-0.06859415520764767,-0.010531750974533516,-0.09904094340540648,0.010904321234210146,5.0
2015-08-03,24.0,extreme fear,5115.3798828125,-0.002654754570746265,-0.0936938792691846,-0.012047958162320294,-0.11698636293087505,0.004369196065251213,17.0
2015-08-04,28.0,fear,5105.5498046875,-0.013467651527338087,-0.069643787216079,0.004230709420642409,-0.1177756741811482,0.010614024299155256,11.0
2015-08-05,21.0,extreme fear,5139.93994140625,-0.01858967337687578,-0.07907484251558217,0.0010097280251157859,-0.12264343358067187,0.00511874825264047,0.0
2015-08-06,18.0,extreme fear,5056.43994140625,-0.004524899549412376,-0.07367239082199961,0.01701593216957531,-0.13711223958386143,0.03256840340032818,-3.0
2015-08-07,10.0,extreme fear,5043.5400390625,0.0009319238622271797,-0.0459220828004574,0.01669466181697077,-0.15064617970272542,0.033627193666093236,-10.0
2015-08-10,9.0,extreme fear,5101.7998046875,-0.001979616951202301,-0.06767612073175,0.00888320087714134,-0.16328356089102292,0.024242459625251067,-15.0
2015-08-11,12.0,extreme fear,5036.7900390625,0.004479054798549598,-0.04775661427159106,0.011616478981897549,-0.1495397246006096,0.0333128912980718,-16.0
2015-08-12,9.0,extreme fear,5044.39013671875,-0.005023467920689639,-0.044019254449099376,0.007701644124124218,-0.15414158538390277,0.03647809955966119,-12.0
2015-08-13,11.0,extreme fear,5033.56005859375,-0.03100585319376359,-0.04525629779261875,0.006647374929077188,-0.13828190880138402,0.03960021849440043,-7.0
2015-08-14,11.0,extreme fear,5048.240234375,-0.06778603620769763,-0.03718527766676116,-0.008549544840617762,-0.12128588280492236,0.042347387452078555,1.0
2015-08-17,14.0,extreme fear,5091.7001953125,-0.11105331689266829,-0.03976274194696061,-0.03217399026180201,-0.10951943659843177,0.026594195018279088,5.0
2015-08-18,13.0,extreme fear,5059.35009765625,-0.10927487772339828,-0.032691926660772475,-0.014770667976380714,-0.11302045669040406,0.03346478407813347,1.0
2015-08-19,13.0,extreme fear,5019.0498046875,-0.064057895047132,-0.03821835440636623,-0.006580884119819275,-0.10253327799728651,0.044052182436953524,4.0
2015-08-20,8.0,extreme fear,4877.490234375,-0.013281476809722581,-0.00995184751379008,0.04053518334985129,-0.06291768027149591,0.07399085002652894,-3.0
2015-08-21,8.0,extreme fear,4706.0400390625,0.025983583679965783,0.010769176496710386,0.07811240333804736,-0.043021300128554096,0.11444017775527415,-3.0
2015-08-24,3.0,extreme fear,4526.25,0.05529075186412591,0.0500392674675505,0.12784753866335263,0.0036144409348246587,0.16212760632421985,-11.0
2015-08-25,9.0,extreme fear,4506.490234375,0.02876071100578459,0.05059142131379102,0.1322514229693892,0.01680020525951509,0.1578167642761763,-4.0
2015-08-26,12.0,extreme fear,4697.5400390625,0.011163277155741946,-0.002350174553212181,0.08627281857338476,-0.02279274329295944,0.10955950390424185,-1.0
2015-08-27,13.0,extreme fear,4812.7099609375,-0.016458494607073715,-0.05583958897897112,0.06304767547682077,-0.052934784703995263,0.08440358223007727,5.0
2015-08-28,14.0,extreme fear,4828.31982421875,-0.029906863588332167,-0.06441164034744151,0.06196776647058844,-0.028730434522312498,0.08367512273726008,6.0
2015-08-31,14.0,extreme fear,4776.509765625,0.007415542288044641,-0.03273302412154533,0.06954034903067696,-0.015301935374654518,0.0934742082939255,11.0
2015-09-01,9.0,extreme fear,4636.10009765625,0.025976507185615505,-0.0019456050001617209,0.1122085265588828,0.015383581613090058,0.12448396389872163,0.0
2015-09-02,13.0,extreme fear,4749.97998046875,0.009741097798623644,-0.008884289088800679,0.07857722262192923,-0.006938968389977762,0.10046989301661324,1.0
2015-09-03,11.0,extreme fear,4733.5,0.01876832021759789,0.010089736056829057,0.06422938315332205,-0.005334319214112204,0.10909472955397703,-2.0
2015-09-04,10.0,extreme fear,4683.919921875,0.026012366945254328,0.013757694939509957,0.09785609175674592,-0.007493744180451123,0.12638777866595619,-4.0
2015-09-08,13.0,extreme fear,4811.93017578125,0.010097786537833775,-0.004318490227079419,0.06024191378991395,-0.028585263697517793,0.09808953637266105,-1.0
2015-09-09,13.0,extreme fear,4756.52978515625,0.02790068710026805,0.011407529513550063,0.07184028370538731,-0.019840016391939774,0.105738893275106,4.0
2015-09-10,15.0,extreme fear,4796.25,0.02037012151420381,0.007134785476935024,0.047249438037529234,-0.009961904645556463,0.06873289679437056,2.0
2015-09-11,14.0,extreme fear,4822.33984375,0.0010140589168736724,0.0033801626382421457,0.046207875293940326,-0.014942965640869055,0.08078034845960258,3.0
2015-09-14,13.0,extreme fear,4805.759765625,0.00482554909493782,-0.0019039450138973457,0.026574455538174613,-0.016041135535199702,0.072723201204284,3.0
2015-09-15,16.0,extreme fear,4860.52001953125,-0.021355699445819942,-0.015979755574073384,0.018868343421892586,-0.019864089500615023,0.06444783659798814,3.0
2015-09-16,16.0,extreme fear,4889.240234375,-0.027918448154849007,-0.003914746627539545,0.021704727896197484,-0.023367638840230742,0.07372305097569565,3.0
2015-09-17,16.0,extreme fear,4893.9501953125,-0.03258517321988541,-0.0014835160997763719,0.03620381908865866,-0.02008608364320985,0.07164348121933872,1.0
2015-09-18,18.0,extreme fear,4827.22998046875,-0.02915336145950198,0.016208101683898413,0.036318929267531,-0.0038033951884486328,0.08447905037412373,4.0
2015-09-21,23.0,extreme fear,4828.9501953125,-0.05901489328785836,0.01077253179826676,0.019492825356507648,-0.0015096529820449733,0.0854015646597619,10.0
2015-09-22,31.0,fear,4756.72021484375,-0.050328877842747755,0.017533068706352184,0.04461050838539182,0.002552104788424936,0.11319983867396477,15.0
2015-09-23,31.0,fear,4752.740234375,-0.027895502717798948,0.03520275926346761,0.052258195621522674,0.004367957136569567,0.12346136254455176,15.0
2015-09-24,22.0,extreme fear,4734.47998046875,-0.022684624876820436,0.06281151975281074,0.06578340104875968,0.006824415506463177,0.12066161899256556,6.0
2015-09-25,18.0,extreme fear,4686.5,0.004540656173317004,0.07429855869252111,0.07724106142643761,0.03416624713272154,0.12183724194494827,0.0
2015-09-28,15.0,extreme fear,4543.97021484375,0.05222075400188553,0.10699447058693323,0.10938012267502084,0.07159374045983635,0.16763748662026456,-8.0
2015-09-29,13.0,extreme fear,4517.31982421875,0.051145380015783504,0.12803390941829673,0.13074569438741146,0.07803969768699481,0.17736844227258564,-18.0
2015-09-30,21.0,extreme fear,4620.16015625,0.03700948458733411,0.09828877093512545,0.09646634019890743,0.0637163805705463,0.14046910153446057,-10.0
2015-10-01,18.0,extreme fear,4627.080078125,0.03970321624776019,0.09221148427755255,0.08219656277898668,0.057210967195919116,0.14802422052581932,-4.0
2015-10-02,24.0,extreme fear,4707.77978515625,0.026061208316146445,0.08908023236553775,0.041486659849631735,0.028920297218295143,0.1259808995104823,6.0
2015-10-05,31.0,fear,4781.259765625,0.01200109885396472,0.07610339848162084,0.023042130224407265,0.02916813895396464,0.10633189066198812,16.0
2015-10-06,36.0,fear,4748.35986328125,0.010161403387539014,0.08300131593546745,0.01840633499992439,0.021062062856613384,0.11954868051170209,23.0
2015-10-07,37.0,fear,4791.14990234375,-0.0017323199767638187,0.07025251534430099,-0.021230754335768154,0.01242708750009558,0.10763599674896995,16.0
2015-10-08,42.0,fear,4810.7900390625,0.012328548556924446,0.06991161023326264,-0.03474692407955826,0.004699823334143316,0.10011034764990567,24.0
2015-10-09,43.0,fear,4830.47021484375,0.011638561891912813,0.05482480546716628,-0.03984704840478481,0.008616061595485114,0.10313689659037983,19.0
2015-10-12,41.0,fear,4838.64013671875,0.01381174797808371,0.05055141336096991,-0.03156263134445758,0.022481478697032653,0.08435219210588585,10.0
2015-10-13,35.0,fear,4796.60986328125,0.017587494911414536,0.0563752658560015,-0.056404379843063346,0.03112203779178757,0.092233925388995,-1.0
2015-10-14,35.0,fear,4782.85009765625,0.011974036058398418,0.046463923378583294,-0.03509415813355765,0.032484839377181496,0.09000490746713963,-2.0
2015-10-15,41.0,fear,4870.10009765625,0.010256402544023269,0.01186418841453718,-0.0783721418713621,0.018463670165275392,0.07064743058552936,-1.0
2015-10-16,45.0,neutral,4886.68994140625,0.02970720950493222,0.02004018608822733,-0.08384811621091692,0.010976783336352547,0.06407811556842713,2.0
2015-10-19,47.0,neutral,4905.47021484375,0.02634405567843534,0.016420404397474497,-0.08842786816336157,0.008696346344059691,0.06897802128781816,6.0
2015-10-20,51.0,neutral,4880.97021484375,0.030563531620480422,0.039793314017378734,-0.08377640883905502,0.013300618323293323,0.07487034858252017,16.0
2015-10-21,50.0,neutral,4840.1201171875,0.052802372261632424,0.04824674055133649,-0.05143259575774828,0.013658723684664587,0.08299586605526765,15.0
2015-10-22,55.0,neutral,4920.0498046875,0.03134525481770911,0.03757484670406552,-0.0816169726432282,-0.004930796757765976,0.06856639892849148,14.0
2015-10-23,59.0,greed,5031.85986328125,0.004350307304558987,0.014034595379500248,-0.09225017270325053,-0.028534196505101472,0.05524204218646256,14.0
2015-10-26,61.0,greed,5034.7001953125,0.018362504904924526,0.013528087202622885,-0.11252512591811559,-0.03407552623559973,0.049397123440001245,14.0
2015-10-27,69.0,greed,5030.14990234375,0.02285816182439726,0.017094964572513804,-0.10406642679149469,-0.044702417949111006,0.04376015058416782,18.0
2015-10-28,69.0,greed,5095.68994140625,0.009182277493435365,0.0062464707411564735,-0.09453866927405807,-0.06286294531425096,0.023604315572683054,19.0
2015-10-29,71.0,greed,5074.27001953125,0.010537518625918452,0.006779281002260884,-0.08945127094077665,-0.05058465055924666,0.022826944108051306,16.0
2015-10-30,70.0,greed,5053.75,0.01847541275043274,0.020293852801137824,-0.10621811618847388,-0.05748796144570867,0.026790034473163526,11.0
2015-11-02,73.0,greed,5127.14990234375,-0.006212047289994471,-0.0007664467735191138,-0.12149238462561862,-0.07831051817725476,0.0051549450054440005,12.0
2015-11-03,73.0,greed,5145.1298828125,-0.012028782527773396,-0.02091299930361179,-0.12352843148661707,-0.08319324269973905,-0.007688835752407752,4.0
2015-11-04,72.0,greed,5142.47998046875,-0.014673846320082617,-4.082873210931037e-05,-0.151549417150859,-0.07901242703169709,-0.016348109188183302,3.0
2015-11-05,73.0,greed,5127.740234375,-0.02392089900102956,-0.00505684270186324,-0.16459301676733062,-0.07362507774996829,-0.015868611409372235,2.0
2015-11-06,71.0,greed,5147.1201171875,-0.04259473829703386,-0.009496549856934156,-0.17065083611113696,-0.06552017957554013,0.003701060836697412,1.0
2015-11-09,66.0,greed,5095.2998046875,-0.021721918580370536,-0.014215000152369317,-0.15930563304454726,-0.06567029931652313,0.019270785518286537,-7.0
2015-11-10,66.0,greed,5083.240234375,-0.019125638443429516,-0.0074893789678781575,-0.1606062969647113,-0.06804914587959288,0.03301626169639116,-7.0
2015-11-11,63.0,greed,5067.02001953125,0.0016143957887908567,-0.026356675950108932,-0.1439722462303863,-0.06894384517989682,0.027980900925938412,-9.0
2015-11-12,59.0,greed,5005.080078125,0.01369809424096835,-0.010559291126476578,-0.1137084938310724,-0.04587741127081435,0.04635885570949205,-14.0
2015-11-13,50.0,neutral,4927.8798828125,0.03592620828279158,0.013693511626390764,-0.07991668498096272,-0.043050948356855856,0.0589543630201963,-21.0
2015-11-16,48.0,neutral,4984.6201171875,0.023644703209148688,0.01735533773711362,-0.09972276049904283,-0.04925149644874438,0.05837957420197393,-18.0
2015-11-17,51.0,neutral,4986.02001953125,0.023423499826516814,0.003315226391289894,-0.09658802850039006,-0.05485141120646997,0.06188504205459622,-15.0
2015-11-18,51.0,neutral,5075.2001953125,0.008066665319736988,-0.029973224963223966,-0.09942274444608001,-0.06022228187196277,0.050987155101832604,-12.0
2015-11-19,52.0,neutral,5073.64013671875,0.010619571227088453,-0.020640055664546075,-0.11235721163354362,-0.060678397219082414,0.048854396888020846,-7.0
2015-11-20,53.0,neutral,5104.919921875,0.0007345854699758458,-0.02033529618141816,-0.11015061297714102,-0.04776957660712566,0.05170305224088745,3.0
2015-11-23,53.0,neutral,5102.47998046875,0.010549787227201346,-0.011082807753085011,-0.10196606104242933,-0.040684107442775175,0.05563375422815908,5.0
2015-11-24,56.0,greed,5102.81005859375,0.003999787571090652,-0.010645080572275867,-0.10040347139458139,-0.03939790757524364,0.05445433280816192,5.0
2015-11-25,59.0,greed,5116.14013671875,-0.015365167775274635,-0.014688788879021475,-0.10910372399694401,-0.035698814308844695,0.055272095290495926,8.0
2015-11-27,58.0,greed,5127.52001953125,0.0028766343073876044,-0.0038186253881832277,-0.08540579465451492,-0.035001367943982564,0.0470578443659706,6.0
2015-11-30,58.0,greed,5108.669921875,-0.0013427885117174299,-0.00838179504128822,-0.07932593144543265,-0.030618521898473028,0.05309601210258763,5.0
2015-12-01,55.0,neutral,5156.31005859375,-0.01126189533966604,-0.028877220464193498,-0.08705646705062053,-0.03586871099891542,0.03245928101405626,2.0
2015-12-02,55.0,neutral,5123.22021484375,-0.019587309045490775,-0.042967188967586445,-0.07928610879063847,-0.03527082337568643,0.024962746685562864,-1.0
2015-12-03,55.0,neutral,5037.52978515625,0.0015166434829354536,-0.0290022323650575,-0.06536532769027326,-0.013661422791292788,0.043299022832623324,-4.0
2015-12-04,55.0,neutral,5142.27001953125,-0.04060459755991841,-0.05960602083166966,-0.09595960411224791,-0.03510512261036525,0.03240205523137596,-3.0
2015-12-07,38.0,fear,5101.81005859375,-0.0293190213683161,-0.08083011285727237,-0.08378010370285438,-0.024926432073022475,0.045315278058386754,-20.0
2015-12-08,42.0,fear,5098.240234375,-0.020179584790861127,-0.08917005293263336,-0.08553541184362401,-0.027385943142911984,0.057965007073902175,-13.0
2015-12-09,35.0,fear,5022.8701171875,0.00960800588091315,-0.07662548977635308,-0.05463010110589861,-0.025547208967420354,0.07853871131245582,-20.0
2015-12-10,36.0,fear,5045.169921875,-0.008447706984596626,-0.07120671960766933,-0.058449991037993865,-0.03899372736996676,0.0791509670256243,-19.0
2015-12-11,25.0,fear,4933.47021484375,-0.002106050359336975,-0.08258084847136415,-0.041512421084969775,-0.018226604446845318,0.09710605382339832,-30.0
2015-12-14,30.0,fear,4952.22998046875,0.003370187061601415,-0.06809659119200073,-0.038015150016756816,-0.023686259553801436,0.10330701515760876,-8.0
2015-12-15,35.0,fear,4995.35986328125,0.001151068222785323,-0.10148216650667119,-0.04411486558277666,-0.030115936693984713,0.08834399736395993,-7.0
2015-12-16,46.0,neutral,5071.1298828125,-0.004969248986632979,-0.11716909273293197,-0.054323195586535866,-0.053398363938633175,0.0760619869254513,11.0
2015-12-17,37.0,fear,5002.5498046875,0.009183402760818637,-0.10611785669456453,-0.038716193753536965,-0.03305111397293292,0.08687776604547959,1.0
2015-12-18,37.0,fear,4923.080078125,0.02395048513915432,-0.09161338275509523,-0.02060090842837292,-0.016111928150924992,0.10854177766792805,12.0
2015-12-21,35.0,fear,4968.919921875,0.027977915063439163,-0.07602049379600617,-0.04026228269709331,-0.027289652437200496,0.10364828325446407,5.0
2015-12-22,36.0,fear,5001.10986328125,0.01294517340047463,-0.09650250486391054,-0.045511870265516285,-0.018209922738829598,0.09404318748387208,1.0
2015-12-23,43.0,fear,5045.93017578125,-0.007633878826966978,-0.09478138564059735,-0.05531985719075694,-0.06697480613872664,0.07956704355933497,-3.0
2015-12-24,42.0,fear,5048.490234375,-0.028800766937207012,-0.114949279003972,-0.0399862350555763,-0.08993783723243376,0.08204427220854615,5.0
2015-12-28,48.0,neutral,5040.990234375,-0.029668785623484295,-0.10599307551723425,-0.03406080697035674,-0.06925625739300512,0.08856389048065716,11.0
2015-12-29,48.0,neutral,5107.93994140625,-0.053285704002681955,-0.09671017117670955,-0.046611715580283875,-0.06434882656740082,0.06472670410773818,13.0
2015-12-30,46.0,neutral,5065.85009765625,-0.07430538105522566,-0.08793785285412503,-0.02986864113167398,-0.0440558191574808,0.07229581196316759,10.0
2015-12-31,46.0,neutral,5007.41015625,-0.07264838750695257,-0.09794683192175346,-0.023087853392277258,-0.028925198358370485,0.07503079420577463,3.0
2016-01-04,43.0,fear,4903.08984375,-0.05406786696207988,-0.08134658390635374,-0.01206579317410661,-0.016354981034758853,0.10727729883340453,1.0
2016-01-05,35.0,fear,4891.43017578125,-0.04201434887566935,-0.07806921564131464,0.005988031722812481,-0.006597256501999604,0.11971341778894429,-13.0
2016-01-06,35.0,fear,4835.759765625,-0.06404365023108682,-0.09773430687476803,0.0026077291209005704,0.008488902459662384,0.13486612391650898,-13.0
2016-01-07,27.0,fear,4689.43017578125,-0.015871901913722453,-0.0865094820851372,0.034387923389462616,0.057006838746503696,0.17734135100411264,-19.0
2016-01-08,26.0,fear,4643.6298828125,-0.03342427472783305,-0.0807278199701077,0.04086674095918941,0.07429753503465863,0.1912706145452534,-20.0
2016-01-11,17.0,extreme fear,4637.990234375,-0.03472194440361975,-0.07641249177247522,0.05047436444344866,0.08297335061025812,0.19703137429458062,-26.0
2016-01-12,16.0,extreme fear,4685.919921875,-0.04571780654395585,-0.08943389667600454,0.055805477763129385,0.06824915148481292,0.18731220232153256,-19.0
2016-01-13,18.0,extreme fear,4526.06005859375,-0.01193090663864893,-0.041658813742593725,0.0927583975223345,0.11223889948951227,0.225677556761942,-17.0
2016-01-14,15.0,extreme fear,4615.0,-0.005161392030065048,-0.038795241400324976,0.07003688295639221,0.08983528575297939,0.2078266776137594,-12.0
2016-01-15,10.0,extreme fear,4488.419921875,0.0066995319117642005,0.010168419513583382,0.10507040470028994,0.12640525466793662,0.23400441065571953,-16.0
2016-01-19,9.0,extreme fear,4476.9501953125,0.020263733703691056,0.0023654146881257887,0.10350347057639198,0.1249555830352389,0.24094521046061246,-8.0
2016-01-20,11.0,extreme fear,4471.68994140625,-0.0007871788020578085,0.00732166916848076,0.10654583561230102,0.13825650760136932,0.23892312542196614,-5.0
2016-01-21,13.0,extreme fear,4472.06005859375,0.007741424921378748,0.02203678023020328,0.10595342457766477,0.13457776413209666,0.2422306510507568,-5.0
2016-01-22,14.0,extreme fear,4591.18017578125,0.004959513384241276,-0.01908008274611961,0.06862065800628048,0.11086038033393897,0.2094798567693641,-1.0
2016-01-25,15.0,extreme fear,4518.490234375,0.022547328317196635,0.005337984073254587,0.08350129913242754,0.1281710523642654,0.23956447185112206,5.0
2016-01-26,16.0,extreme fear,4567.669921875,-0.01110407000286917,0.003181112840030975,0.07019111905302511,0.11874323059444203,0.23834251171724508,7.0
2016-01-27,18.0,extreme fear,4468.169921875,0.00807272622363997,0.027371450752129878,0.08839641771681017,0.15031660578318085,0.2656591568048825,7.0
2016-01-28,18.0,extreme fear,4506.68017578125,0.000639025335761767,0.011376449521928178,0.06625938642949847,0.14385307574552142,0.25608642378864444,5.0
2016-01-29,26.0,fear,4613.9501953125,-0.054359073673694636,0.016395907875339732,0.03498296711844273,0.11880919045396676,0.21668195869142592,12.0
2016-02-01,26.0,fear,4620.3701171875,-0.07285566061802995,0.017974708211915713,0.04268483293770231,0.12203136628115274,0.21522516522557744,11.0
2016-02-02,26.0,fear,4516.9501953125,-0.05494646142989612,0.042167772130886405,0.054521305058182534,0.13743339162793267,0.24921676316011943,10.0
2016-02-03,24.0,extreme fear,4504.240234375,-0.048987260701830015,0.04723988377271238,0.04915366206582261,0.1455295379223831,0.25130985516685445,6.0
2016-02-04,25.0,fear,4509.56005859375,-0.05382347982730695,0.044059717317127545,0.04601996258166374,0.14562173091692454,0.25661260652959594,7.0
2016-02-05,17.0,extreme fear,4363.14013671875,-0.005874294725959683,0.06547570752903709,0.08549347668025531,0.1966427741452248,0.2980444421266535,-9.0
2016-02-08,17.0,extreme fear,4283.75,0.03553194302597018,0.09118876750802452,0.10889056572804212,0.21695713725561716,0.32459182138167497,-9.0
2016-02-09,15.0,extreme fear,4268.759765625,0.06214926759409867,0.09215800659314022,0.12676284141004435,0.22412135312647985,0.3311712317642026,-11.0
2016-02-10,17.0,extreme fear,4283.58984375,0.04761198031367897,0.10852588320799117,0.11137856682342395,0.21500429965739531,0.334203409815256,-7.0
2016-02-11,18.0,extreme fear,4266.83984375,0.05568297398817745,0.11330163753729483,0.11026667313613059,0.22535649187822893,0.34388214528646155,-7.0
2016-02-12,21.0,extreme fear,4337.509765625,0.05374053552653213,0.09018081281337165,0.0876471594759558,0.20642728650196673,0.32886385792539197,4.0
2016-02-16,29.0,fear,4435.9599609375,0.015243626584314107,0.07394346585511746,0.07653360332139925,0.1862190069044649,0.3035667307954366,12.0
2016-02-17,37.0,fear,4534.06005859375,0.0018856840396930252,0.05313784393406884,0.040067824318001044,0.15285412979343094,0.28349423390989736,22.0
2016-02-18,43.0,fear,4487.5400390625,0.02109399702866499,0.06865896696168927,0.05606191274842831,0.16515064171824712,0.29578785965741505,26.0
2016-02-19,43.0,fear,4504.43017578125,0.019101203860392157,0.06758678224009729,0.04619887560781355,0.16333247444220778,0.2961861656812905,25.0
2016-02-22,50.0,neutral,4570.60986328125,-0.002769798418030267,0.05492708861143547,0.043528150785915765,0.14610085732669753,0.2834064535758303,29.0
2016-02-23,50.0,neutral,4503.580078125,0.041304921041549925,0.05890420078123615,0.05822028308207927,0.1645402117152457,0.30132689574656957,21.0
2016-02-24,53.0,neutral,4542.60986328125,0.03540036750538644,0.05082763954375147,0.07010291548182268,0.15794229230275603,0.2846160998316183,16.0
2016-02-25,53.0,neutral,4582.2001953125,0.027327423775721726,0.04028410717166642,0.06824013095851322,0.13868659574146136,0.2756557569382032,10.0
2016-02-26,52.0,neutral,4590.47021484375,0.027567939397207697,0.055800362567534734,0.06781436108241823,0.1354392799365789,0.2769715580309624,9.0
2016-02-29,55.0,neutral,4557.9501953125,0.0329753064967826,0.06830698678326685,0.08239445114466681,0.145014688234693,0.27808328125157344,5.0
2016-03-01,61.0,greed,4689.60009765625,-0.008695895724217695,0.03843611315388795,0.05511124651341093,0.11573054613761058,0.25896231282214077,11.0
2016-03-02,66.0,greed,4703.419921875,-0.006174239073878707,0.04488651251520359,0.052904074536854306,0.11046649483358806,0.24616137027952156,13.0
2016-03-03,69.0,greed,4707.419921875,-0.00961455879784201,0.03916792762755272,0.056068917960716114,0.10744745558354318,0.24712689699066348,16.0
2016-03-04,68.0,greed,4717.02001953125,0.0066673864393786975,0.026904731318611486,0.04780560588386251,0.1081593758970203,0.2400159743995549,16.0
2016-03-07,71.0,greed,4708.25,0.008926838030319129,0.04512721602373504,0.055319908870068435,0.11504272337784749,0.23908674683401476,16.0
2016-03-08,70.0,greed,4648.81982421875,0.01717642340971315,0.0429249359007553,0.0673138963465505,0.13489237177236357,0.2557057544531789,9.0
2016-03-09,71.0,greed,4674.3798828125,0.019166249700985905,0.03771838468713984,0.06423531279738182,0.13040238668021842,0.24910901659122975,5.0
2016-03-10,72.0,greed,4662.16015625,0.024201244561223856,0.036729700472470705,0.06358854071970721,0.12812082901484945,0.25729914546385335,3.0
2016-03-11,75.0,greed,4748.47021484375,0.009935765702502763,0.0260335694051137,0.030763505557453996,0.07948663976587023,0.23740478918632002,7.0
2016-03-14,74.0,greed,4750.27978515625,0.012334080239722711,0.041500742195181184,0.020664078894201632,0.09717540280573522,0.23294207691097135,3.0
2016-03-15,75.0,greed,4728.669921875,0.01966519886381235,0.045936852948623264,0.0242943332291099,0.0902114305233328,0.24771868245521933,5.0
2016-03-16,75.0,greed,4763.97021484375,0.001026380984134656,0.03657663506313824,0.014895131106487769,0.08602064794835007,0.2386223044046749,4.0
2016-03-17,78.0,extreme greed,4774.990234375,-0.00031209160686274107,0.038749772475810795,0.014644990684290482,0.0994137545274758,0.2358140457584379,6.0
2016-03-18,79.0,extreme greed,4795.64990234375,-0.006017925384241507,0.030169044598218342,0.0009779574201107533,0.09360981952740177,0.23060062876400345,4.0
2016-03-21,76.0,extreme greed,4808.8701171875,0.007850076853828325,0.02895893676297656,0.005893243747363774,0.08861950054454626,0.20482149380935244,2.0
2016-03-22,76.0,extreme greed,4821.66015625,0.009878316029959144,0.02576498061725041,0.004583402533327341,0.08704262179536526,0.20739329360916114,1.0
2016-03-23,70.0,greed,4768.85986328125,0.021177018673287806,0.0288056519012454,0.013516849474613846,0.11036606811462502,0.21993308845174253,-5.0
2016-03-24,72.0,greed,4773.5,0.029546462566774956,0.025618527089661614,0.02860375805226778,0.11857547282523306,0.22106216285220492,-6.0
2016-03-28,64.0,greed,4766.7900390625,0.02622514618864691,0.025486699665430157,-0.012337455208183745,0.11306559687355122,0.22522076058045637,-15.0
2016-03-29,67.0,greed,4846.6201171875,-0.0005550138738356081,0.003408564965235339,-0.052032172871760096,0.08477456603838984,0.21221387165951455,-9.0
2016-03-30,67.0,greed,4869.2900390625,0.010562150820482286,-0.013143599885522939,-0.03643650726321479,0.08962701304994058,0.21117242090244726,-9.0
2016-03-31,71.0,greed,4869.85009765625,-0.004410809375649527,-0.019403109434616095,-0.01860428880549192,0.09213829954379893,0.21448088239850338,1.0
2016-04-01,74.0,greed,4914.5400390625,-0.012992080062172007,-0.01972721649267395,-0.014623976326624821,0.07215524961902542,0.20290814346539054,2.0
2016-04-04,73.0,greed,4891.7998046875,-0.011938326316581649,-0.0262847203437353,-0.0059753018593975415,0.08589889449479293,0.20501255389330408,9.0
2016-04-05,72.0,greed,4843.93017578125,0.0058133926268266745,-0.02442026098021155,-0.00434157237497923,0.09433247896323205,0.21773222346870358,5.0
2016-04-06,72.0,greed,4920.72021484375,0.005425975439674158,-0.041382229064656495,-0.012510375698266518,0.07497681747751339,0.1917930149286018,5.0
2016-04-07,72.0,greed,4848.3701171875,0.020113979992067987,-0.023143852103970963,0.005865876721216079,0.09645507480667126,0.21256217104209685,1.0
2016-04-08,68.0,greed,4850.68994140625,0.01804491206298886,-0.020714574974384004,0.021866956144387162,0.09404026267606702,0.211747221445725,-6.0
2016-04-11,66.0,greed,4833.39990234375,0.026196904817683553,-0.004866143916592791,0.0321182268199498,0.09496420930894378,0.21672741643610838,-7.0
2016-04-12,66.0,greed,4872.08984375,0.014006357962084826,-0.02286491134531432,0.030937438615199042,0.09371339461457362,0.2041588327968218,-6.0
2016-04-13,70.0,greed,4947.419921875,0.00014350124887529958,-0.042464526372845035,0.011785952984490367,0.06051035123657811,0.17963711356811207,-2.0
2016-04-14,70.0,greed,4945.89013671875,0.0,-0.046141332425329806,0.017826906671545073,0.059267366380881814,0.17373207691084258,-2.0
2016-04-15,70.0,greed,4938.22021484375,-0.006478089875141868,-0.03295929440671974,0.01850254240011462,0.055710327063645204,0.18601232514046862,2.0
2016-04-18,72.0,greed,4960.02001953125,-0.012949540569560103,-0.049251825214525424,0.01930632643576513,0.05123772398458337,0.17932391236528877,6.0
2016-04-19,73.0,greed,4940.330078125,-0.010535792577751169,-0.040728039980248654,0.019440004522724097,0.05252477911197251,0.18676883779827147,7.0
2016-04-20,75.0,greed,4948.1298828125,-0.017176134844189228,-0.047613967950723146,0.02865735062074637,0.05976196420483193,0.1957608076757218,5.0
2016-04-21,75.0,greed,4945.89013671875,-0.02842766292207377,-0.03565183885018175,0.02588204794009541,0.06076156388921006,0.19503665794171154,5.0
2016-04-22,74.0,greed,4906.22998046875,-0.026674272854815606,-0.028626908210911295,0.039527330873861954,0.06840284678709385,0.2196370427068821,4.0
2016-04-25,71.0,greed,4895.7900390625,-0.015972947101194457,-0.007093845976164581,0.04122722627799824,0.0738613911944832,0.23074931447199631,-1.0
2016-04-26,71.0,greed,4888.27978515625,-0.025583554094480432,0.0013522858455388143,0.04536770178431215,0.08623694049772479,0.23258697236704062,-2.0
2016-04-27,72.0,greed,4863.14013671875,-0.028273912767147524,0.007943403177059993,0.05689120899190758,0.08641736692962265,0.24383418354207276,-3.0
2016-04-28,70.0,greed,4805.2900390625,-0.018354812008331445,0.02668100362210679,0.07277186986916484,0.09260210660573653,0.2585317044590141,-5.0
2016-04-29,67.0,greed,4775.35986328125,-0.008208744084956754,0.036162707387583426,0.08099285302144588,0.09226746552661846,0.2756316323919059,-7.0
2016-05-02,69.0,greed,4817.58984375,-0.013986222363847278,0.02795176854349668,0.07609829052552364,0.07732294902388137,0.2652322665233118,-2.0
2016-05-03,63.0,greed,4763.22021484375,0.00979582422482661,0.043697255018541714,0.07862533091749668,0.08941848217466286,0.27488327870364904,-8.0
2016-05-04,63.0,greed,4725.64013671875,0.007416943244399565,0.04589428660200312,0.09186059139019997,0.09055703122231185,0.2856120373076936,-9.0
2016-05-05,60.0,greed,4717.08984375,0.004290830797258893,0.053342235471916855,0.09521975860712595,0.0823558578142145,0.2933312630685465,-10.0
2016-05-06,60.0,greed,4736.16015625,-0.00390189095365856,0.04763137991697852,0.10239517772589046,0.06804035112173046,0.28852487139750105,-7.0
2016-05-09,60.0,greed,4750.2099609375,0.00531555451393495,0.04724636966088047,0.09745467665388974,0.06234675070900453,0.28848827611443983,-9.0
2016-05-10,62.0,greed,4809.8798828125,-0.01957427308739723,0.030923897893272656,0.08640550445788575,0.0740746230141125,0.27428133052146686,-1.0
2016-05-11,62.0,greed,4760.68994140625,-0.004530818953602855,0.02811774447165738,0.09324071556477587,0.09091125410299372,0.2846793293013574,-1.0
2016-05-12,61.0,greed,4737.330078125,-0.005235078105126578,0.023454110532493466,0.10365961757368436,0.10844499699651156,0.29212655219741146,1.0
2016-05-13,59.0,greed,4717.68017578125,0.010996905444932814,0.02668040736470778,0.10920832734325425,0.10410193370620346,0.3035368428417493,-1.0
2016-05-16,58.0,greed,4775.4599609375,-0.002027066682671941,0.012453295667895103,0.10188757995538311,0.09667129577464206,0.2919949424047217,-2.0
2016-05-17,54.0,neutral,4715.72998046875,0.030818150896450236,0.027395534083019868,0.10844129857529894,0.10659429695019007,0.27472104197481517,-8.0
2016-05-18,56.0,greed,4739.1201171875,0.032868974763124115,0.012917952077321937,0.10329766432529763,0.11320666848140437,0.2776907385934766,-6.0
2016-05-19,54.0,neutral,4712.52978515625,0.04015682510295804,0.026457164509383846,0.11196112093538857,0.12351121786054686,0.29096270425180704,-7.0
2016-05-20,55.0,neutral,4769.56005859375,0.03437213063516498,0.015556928966133476,0.09829414421022631,0.11833589457229943,0.28599284668530367,-4.0
2016-05-23,57.0,greed,4765.77978515625,0.03824558157281155,0.014171875770018438,0.1004705072591392,0.11660840523929705,0.2880809096671757,-1.0
2016-05-24,63.0,greed,4861.06005859375,0.018759270674929773,0.01007598751678862,0.08208498037909084,0.10446277119941638,0.26783457625375284,9.0
2016-05-25,68.0,greed,4894.89013671875,0.015622358097246547,-0.038184750020823444,0.06594628187179019,0.10040265403524384,0.26770154024021586,12.0
2016-05-26,74.0,greed,4901.77001953125,0.008313323521428106,-0.06269777588512604,0.06333022041922232,0.09770147402708984,0.266928051838736,20.0
2016-05-27,78.0,extreme greed,4933.5,0.007136913132157696,-0.04897737565876148,0.05785343506131557,0.09433868893787367,0.25736088809288526,23.0
2016-05-31,77.0,extreme greed,4948.0498046875,0.0027688070761779926,-0.034114411000388256,0.057452993534581775,0.08503557371383885,0.2527198116840146,20.0
2016-06-01,78.0,extreme greed,4952.25,0.004521204850068239,-0.022127331642182835,0.054670146776717665,0.08635871005603524,0.26141250504821034,15.0
2016-06-02,79.0,extreme greed,4971.35986328125,-0.0025626280221325848,-0.02188335627561977,0.048650743099266425,0.07087000784277508,0.2684255370975053,11.0
2016-06-03,77.0,extreme greed,4942.52001953125,-0.009705618723684917,-0.02420225243697538,0.05760015948974351,0.06243572965421529,0.2737793981415848,3.0
2016-06-06,79.0,extreme greed,4968.7099609375,-0.024205482001722123,-0.022047937100122095,0.0565921423502036,0.05774938437986621,0.262915345819414,1.0
2016-06-07,80.0,extreme greed,4961.75,-0.023822279500680166,-0.01711894823524962,0.06331640172318242,0.06996324617700411,0.2691852436766262,3.0
2016-06-08,80.0,extreme greed,4974.64013671875,-0.02808443567732155,-0.003594304432550155,0.06217334934030139,0.07203734409573248,0.2707974028036537,2.0
2016-06-09,79.0,extreme greed,4958.6201171875,-0.02292980559619684,0.0060541075585109905,0.060674110169967266,0.08775418123465939,0.25194505228525066,0.0
2016-06-10,63.0,greed,4894.5498046875,-0.01924793182148754,0.026206704324145624,0.04726897483828374,0.1068147387310383,0.26170132236130783,-14.0
2016-06-13,54.0,neutral,4848.43994140625,-0.002316204924566523,0.03244137103137534,0.07496229709036761,0.12293852575203146,0.2829632195842635,-25.0
2016-06-14,54.0,neutral,4843.5498046875,4.334856581778013e-05,0.03933277484250852,0.06435366784312668,0.11747380688113118,0.27899792229315934,-26.0
2016-06-15,53.0,neutral,4834.93017578125,-0.00033306614655292943,0.04026111254797926,0.070081641602042,0.1300742470892311,0.27519938775615316,-27.0
2016-06-16,50.0,neutral,4844.919921875,0.01344090681323351,0.04352184694100103,0.08354524451553846,0.12213824161019171,0.2697340440756446,-29.0
2016-06-17,53.0,neutral,4800.33984375,-0.01924027595702449,0.04916949239433732,0.092541360597028,0.13676328661626336,0.2997016812774487,-10.0
2016-06-20,60.0,greed,4837.2099609375,-0.05018802605049599,0.05224503730137253,0.08224158707835971,0.12402814849000765,0.2792559833307189,6.0
2016-06-21,61.0,greed,4843.759765625,-0.03135779968185548,0.04751270662760754,0.08208299983266154,0.12669500666329303,0.2870064778095205,7.0
2016-06-22,61.0,greed,4833.31982421875,-0.011186891450430725,0.055208498865348954,0.09555758119878899,0.1346114349659584,0.2903532495729968,8.0
2016-06-23,66.0,greed,4910.0400390625,-0.013720889575548845,0.03820535927560731,0.0874697511735063,0.1143351443679752,0.2760079246107854,16.0
2016-06-24,44.0,fear,4707.97998046875,0.032835705417466166,0.08540177016188544,0.12696953300802538,0.15706097826962884,0.32692788165206954,-9.0
2016-06-27,45.0,neutral,4594.43994140625,0.04972531230162813,0.11870219746970401,0.1443158037594907,0.18897841980153274,0.3378388216140582,-15.0
2016-06-28,48.0,neutral,4691.8701171875,0.03565530052711274,0.09870474921817673,0.13083052778919657,0.16956347988073617,0.32876870001404934,-13.0
2016-06-29,58.0,greed,4779.25,0.020413257016006714,0.08011296391954814,0.11284193224616823,0.13795261988675,0.28563061100721865,-3.0
2016-06-30,62.0,greed,4842.669921875,0.023559285598764523,0.07052520178894728,0.08806711738544926,0.12171383377019152,0.26798233638387914,-4.0
2016-07-01,71.0,greed,4862.56982421875,0.02592668425491551,0.05658739436080151,0.09242647242673963,0.10705250758067719,0.25654957758378916,27.0
2016-07-05,69.0,greed,4822.89990234375,0.04145222292045636,0.06984186668845394,0.09910431991579882,0.12568790314032197,0.2753447070904709,24.0
2016-07-06,69.0,greed,4859.16015625,0.030163612539139573,0.06319813175019795,0.08859555687751475,0.12714951223727744,0.25319186137650784,21.0
2016-07-07,69.0,greed,4876.81005859375,0.032244438087741356,0.07060149041216368,0.0900609118789728,0.12531344782140685,0.2617018100350761,11.0
2016-07-08,75.0,greed,4956.759765625,0.014693082087632092,0.05172338043730518,0.0706288681689029,0.11384459196149832,0.2460539604020866,13.0
2016-07-11,80.0,extreme greed,4988.64013671875,0.013458507047505952,0.04747583254337129,0.060890294208472584,0.10888331741989976,0.24148057084773167,9.0
2016-07-12,86.0,extreme greed,5022.81982421875,0.002697746175049698,0.03618689506437178,0.06089211008157602,0.10531932629741125,0.24654479774194638,17.0
2016-07-13,86.0,extreme greed,5005.72998046875,0.016820762534341727,0.044483007022713794,0.04815682418634504,0.11145625594106745,0.25345153771532325,17.0
2016-07-14,90.0,extreme greed,5034.06005859375,0.007914058093523968,0.03949696185796858,0.04071464355845511,0.10199126943365777,0.25395210652435485,21.0
2016-07-15,88.0,extreme greed,5029.58984375,0.014031027318796907,0.046212550725200474,0.03653185251344593,0.10826534376638253,0.25545628409995524,13.0
2016-07-18,89.0,extreme greed,5055.77978515625,0.008277674154068437,0.03388796296627161,0.031326596059178424,0.09552437325898566,0.25486281606264183,9.0
2016-07-19,89.0,extreme greed,5036.3701171875,0.014629522013990703,0.03818028353521452,0.032453871186601146,0.10310596184821996,0.2677861019928671,3.0
2016-07-20,88.0,extreme greed,5089.93017578125,0.009799718481372732,0.02951312127566519,0.030238070593006983,0.0884393079664707,0.2554199722433723,2.0
2016-07-21,87.0,extreme greed,5073.89990234375,0.015979833990723336,0.032416875309813076,0.03399953826967761,0.09488365656540965,0.2589428492764221,-3.0
2016-07-22,85.0,extreme greed,5100.16015625,0.01215054521112613,0.028320667779274666,0.02777754375054098,0.08877756213231658,0.2569821068731757,-3.0
2016-07-25,85.0,extreme greed,5097.6298828125,0.016982463319254792,0.0318677893544661,0.03134202035144629,0.0987380586068165,0.25787278976347205,-4.0
2016-07-26,82.0,extreme greed,5110.0498046875,0.005416811350030137,0.02106440070701665,0.03909556287577454,0.10690503222911496,0.2568859884904344,-7.0
2016-07-27,84.0,extreme greed,5139.81005859375,0.0038776093968544423,0.014084204648324272,0.02793679963132445,0.1002702651094669,0.24171708071881826,-4.0
2016-07-28,82.0,extreme greed,5154.97998046875,0.0021862392432074884,0.01240352855850202,0.018485045416962942,0.0981186748743701,0.23660619438556796,-5.0
2016-07-29,80.0,extreme greed,5162.1298828125,0.011427499058365376,0.01359907575092878,0.010429867758754652,0.08747941031637985,0.22974823596047012,-5.0
2016-08-01,64.0,greed,5184.2001953125,0.00558233484741133,0.007482357470989243,0.0011380544966386186,0.08305810492027965,0.22737157163790744,-21.0
2016-08-02,78.0,extreme greed,5137.72998046875,0.017079527404823658,0.014693305148767877,0.010006395128867585,0.09827685063140135,0.23841656267098,-4.0
2016-08-03,80.0,extreme greed,5159.740234375,0.008690329689713838,0.013076186687268843,-0.0011938888335811804,0.09234185042170329,0.2288098926976323,-4.0
2016-08-04,81.0,extreme greed,5166.25,0.012029983516815834,0.016191609454391465,-0.011745497368739422,0.09688265560730702,0.22943335274014043,-1.0
2016-08-05,85.0,extreme greed,5221.1201171875,0.0022543092798237296,0.01049392426007123,-0.031163803414878788,0.08473846178017586,0.222682082819049,5.0
2016-08-08,80.0,extreme greed,5213.14013671875,0.009376284068831175,0.01357915521278441,-0.031990319684024104,0.08844574786650816,0.22200052058205166,16.0
2016-08-09,75.0,greed,5225.47998046875,0.0003119106414324335,0.006506579324211614,-0.011350164734231671,0.08745038093185031,0.2156452807910607,-3.0
2016-08-10,78.0,extreme greed,5204.580078125,0.004626709122261152,-0.015115517619884833,-0.002130785497298948,0.09810591632595234,0.19449984895365224,-2.0
2016-08-11,78.0,extreme greed,5228.39990234375,0.0022473414848647177,-0.003157709037826084,0.004335919650070741,0.09672748640402284,0.19664910401920555,-3.0
2016-08-12,75.0,greed,5232.89013671875,0.0010490849129869417,-0.014836951415042265,-0.004603638028287671,0.10148690500728796,0.21161152151463858,-10.0
2016-08-15,78.0,extreme greed,5262.02001953125,-0.0033105008742539965,-0.016771125855173263,-0.004733953150603765,0.09892585029235046,0.20353205463272928,-2.0
2016-08-16,78.0,extreme greed,5227.10986328125,0.0063075419698666035,0.004319801709854465,-0.0016663053131300565,0.11331884992238761,0.21388492479440457,3.0
2016-08-17,77.0,extreme greed,5228.66015625,-0.00209809291786478,0.0030427810363105046,0.008981260884084685,0.11212045315146302,0.18996262337163627,-1.0
2016-08-18,78.0,extreme greed,5240.14990234375,-0.005333760970988477,-0.0009770936486397375,0.010387140977952791,0.11420096503605581,0.18632670839736787,0.0
2016-08-19,76.0,extreme greed,5238.3798828125,-0.0037148815803430546,0.0005670102035737479,0.018248071764495055,0.11980236762879737,0.1860785246213672,1.0
2016-08-22,74.0,greed,5244.60009765625,-0.002339552931163058,0.00964422018517741,0.01466454382348803,0.11745982032672919,0.2007550362673065,-4.0
2016-08-23,75.0,greed,5260.080078125,-0.007051193745936435,0.015102420538541939,0.020680252684484923,0.10939561355596639,0.1935959268680929,-3.0
2016-08-24,70.0,greed,5217.68994140625,-0.0008566485576364524,0.016877211866294983,0.032324679723023886,0.1202869707160763,0.20193613429524282,-7.0
2016-08-25,65.0,greed,5212.2001953125,0.0028797369752793234,0.008689236285135626,0.03232415758325424,0.12464979906480678,0.2021104143992094,-13.0
2016-08-26,63.0,greed,5218.919921875,0.005936090404242034,0.016629885179636705,0.03448989497722188,0.11621562097341886,0.20389278118564258,-13.0
2016-08-29,64.0,greed,5232.330078125,0.008329000172828671,0.016478265949421367,0.026083977583780005,0.12837487257148594,0.20441372058412366,-10.0
2016-08-30,64.0,greed,5222.990234375,0.011667634567871676,0.008837785616551797,0.03004594694954066,0.12219628064173915,0.21928431278328864,-11.0
2016-08-31,62.0,greed,5213.22021484375,0.008873549115244295,0.018947940252934448,0.02118843179173302,0.1261273757981769,0.23314571249944382,-8.0
2016-09-01,63.0,greed,5227.2099609375,-0.019379325767379663,0.014091677357606969,0.004572210131667198,0.11898703505152475,0.23112140629813616,-2.0
2016-09-02,63.0,greed,5249.89990234375,-0.007240093398358183,0.007573526094944993,0.0010952589776869193,0.1112459826475487,0.2144174065818778,0.0
2016-09-06,65.0,greed,5275.91015625,-0.02287001724376647,0.007602453812397547,0.006251050433389471,0.10645360360660527,0.21179282232849328,1.0
2016-09-07,64.0,greed,5283.93017578125,-0.020848147607043677,0.00433766554676529,0.009286614808738491,0.10501272052302602,0.21081655213991346,0.0
2016-09-08,69.0,greed,5259.47998046875,-0.0018614081808193683,0.006259159079842425,0.025531000337467358,0.11450751827870342,0.2092811390146978,7.0
2016-09-09,47.0,neutral,5125.91015625,0.023148994881244445,0.03955585631515124,0.05685813799835859,0.14629004528921308,0.254852225176474,-16.0
2016-09-12,55.0,neutral,5211.89013671875,0.00443978054611649,0.006696208367454659,0.0446306152239222,0.12374199581766865,0.23837602402334435,-8.0
2016-09-13,36.0,fear,5155.25,0.016701439824693187,0.016249458228262403,0.049908353438242514,0.14447404193540558,0.2531283529229911,-29.0
2016-09-14,34.0,fear,5173.77001953125,0.02346647720939865,0.007646273113108837,0.05606357791296457,0.14051450747700933,0.24262965958186955,-30.0
2016-09-15,39.0,fear,5249.68994140625,0.017111501655836303,-0.006767977833512351,0.035617337891514333,0.124066385989128,0.22835258592746133,-30.0
2016-09-16,44.0,fear,5244.56982421875,0.011665432596345227,-0.008532634991977872,0.0404762031114958,0.12526479443628413,0.23072822997075004,-3.0
2016-09-19,45.0,neutral,5235.02978515625,0.004290414790463215,0.0016829051515103721,0.038611121500566004,0.10674252409283502,0.23424700324334435,-10.0
2016-09-20,45.0,neutral,5241.35009765625,0.01227925287990761,0.0009654112966070993,0.041227897340158304,0.11071384819762109,0.23175134627038507,9.0
2016-09-21,54.0,neutral,5295.18017578125,0.004413377473562852,-0.010075218573347033,0.0356474679536567,0.09867648470486823,0.21293133154976118,20.0
2016-09-22,59.0,greed,5339.52001953125,-0.013179109157769875,-0.015379681485810592,0.024704496989896185,0.09162250783857884,0.20365124549888125,20.0
2016-09-23,53.0,neutral,5305.75,0.0011779672996277135,0.0007689917777882194,0.026701205649531268,0.1007624025232059,0.20069544244451776,9.0
2016-09-26,47.0,neutral,5257.490234375,0.008251062936621256,0.004928143812678032,0.03902997397685959,0.11747999041545998,0.21353723389435086,2.0
2016-09-27,45.0,neutral,5305.7099609375,-0.0030250060417293945,-0.010449108943839436,0.03425177437264937,0.11154771898715388,0.2162858153076901,0.0
2016-09-28,45.0,neutral,5318.5498046875,-0.0004756531853891133,-0.019287135330262717,0.02256446932215983,0.11202114503795779,0.21338530845847425,-9.0
2016-09-29,44.0,fear,5269.14990234375,0.007154891398274854,-0.015002382955994098,0.03092338316922305,0.12195332149222438,0.23282883981874525,-15.0
2016-09-30,43.0,fear,5312.0,-0.003689777420227802,-0.02312873932252446,0.013388576277767239,0.10969129815159073,0.2267922091196819,-10.0
2016-10-03,45.0,neutral,5300.8701171875,0.005244385180720013,-0.027786011693613832,0.02418658788144845,0.11276257159284908,0.2321958124872998,-2.0
2016-10-04,49.0,neutral,5289.66015625,-0.00810451256246525,-0.03480192046245878,0.03541623435461139,0.10866857363975857,0.2353591137781328,4.0
2016-10-05,49.0,neutral,5316.02001953125,-0.0144845203210483,-0.04845915973506154,0.03233996885703205,0.10589316325240006,0.238776347546924,4.0
2016-10-06,52.0,neutral,5306.85009765625,-0.017622510116227508,-0.04908372682013196,0.04036480341363036,0.10758923851828084,0.24182519847164663,8.0
2016-10-07,55.0,neutral,5292.39990234375,-0.01478341537628347,-0.023851179577878967,0.04523844121623766,0.11120291064491705,0.2432412708561391,12.0
2016-10-10,55.0,neutral,5328.669921875,-0.024180536521374862,-0.025368373249216813,0.041877223700361954,0.10098206598372084,0.23619028699044353,10.0
2016-10-11,47.0,neutral,5246.7900390625,-0.0005622857576795814,0.0008156959063325697,0.06039118411871236,0.11232965542734186,0.25858853804400117,-2.0
2016-10-12,45.0,neutral,5239.02001953125,0.0014105952432323932,-0.005768295355064068,0.05887937318310721,0.10806026331297613,0.25815701048127715,-4.0
2016-10-13,34.0,fear,5213.330078125,0.005466755331603679,0.004561342711835836,0.06920529367138406,0.12342590077644267,0.26709794041341595,-18.0
2016-10-14,33.0,fear,5214.16015625,0.008292753731762526,0.0008131215702433803,0.0622477665611596,0.12184321914857743,0.2703867548180474,-22.0
2016-10-17,33.0,fear,5199.81982421875,0.021156551116226163,0.014577484515079009,0.06843123226456438,0.12754479642708483,0.2738249362794365,-22.0
2016-10-18,38.0,fear,5243.83984375,0.007544101225917643,0.009676160196897765,0.056492998108643944,0.12832961369106455,0.2632384687985829,-9.0
2016-10-19,41.0,fear,5246.41015625,0.0007357151206814905,0.016689518353695698,0.05888215230503602,0.12658367216869282,0.25896939574009314,-4.0
2016-10-20,38.0,fear,5241.830078125,-0.00493336542692735,0.015200738351385468,0.05935138275076124,0.14155165944622894,0.2646441616548372,4.0
2016-10-21,44.0,fear,5257.39990234375,-0.012800967386463746,0.02120058641303113,0.065347902951151,0.14609699591024738,0.25286837609377777,11.0
2016-10-24,49.0,neutral,5309.830078125,-0.022729529877699606,0.014411010975001082,0.06525816467320156,0.13473122337586574,0.24268198392353812,16.0
2016-10-25,49.0,neutral,5283.39990234375,-0.02457126596855963,0.018412438057991087,0.07036761939458258,0.14489534262263604,0.24236102851252395,11.0
2016-10-26,43.0,fear,5250.27001953125,-0.027560524463352998,0.0283128109203461,0.07818831490530664,0.15186644511308156,0.2488443442222512,2.0
2016-10-27,46.0,neutral,5215.97021484375,-0.03020723894192523,0.029302284609495022,0.07625422111534519,0.1678747858491616,0.2847580583482576,8.0
2016-10-28,33.0,fear,5190.10009765625,-0.02769310374835654,0.03657344186954492,0.08182692692151194,0.17442245862272543,0.29071883680290145,-11.0
2016-10-31,26.0,fear,5189.14013671875,-0.004426593662639977,0.025927231779786508,0.08739593722203232,0.17024201403189632,0.296490313350664,-23.0
2016-11-01,22.0,extreme fear,5153.580078125,0.007744161465425448,0.01892466667399373,0.09364754401237296,0.17885814359177643,0.3032745554232059,-27.0
2016-11-02,18.0,extreme fear,5105.56982421875,0.028498288145978767,0.02939536296479206,0.10991920875323147,0.19492240350635748,0.31521851088066644,-25.0
2016-11-03,14.0,extreme fear,5058.41015625,0.029730615705743757,0.04951753075208143,0.11963040357449262,0.20643838038909523,0.33726600502103166,-32.0
2016-11-04,14.0,extreme fear,5046.3701171875,0.03779741510518764,0.05679921927174214,0.12441618095308682,0.2128697859286619,0.344816131954377,-19.0
2016-11-07,34.0,fear,5166.169921875,0.01011000049525923,0.04405388270066801,0.09993482236258355,0.1863992531035934,0.3100188122925629,8.0
2016-11-08,30.0,fear,5193.490234375,0.015814005438749668,0.04310581493433596,0.10045074080495153,0.177620383390114,0.3072365231865162,8.0
2016-11-09,42.0,fear,5251.06982421875,0.008285978926727333,0.036836336643081724,0.09199269382513298,0.16571102373019042,0.28546182599881287,24.0
2016-11-10,38.0,fear,5208.7998046875,0.024030566512386775,0.039114621796685345,0.10658120432088802,0.1806308847463849,0.29606438998307216,24.0
2016-11-11,48.0,neutral,5237.10986328125,0.01611574027413476,0.04329109389767538,0.10415285819414688,0.17810591686190835,0.29033002439676814,34.0
2016-11-14,57.0,greed,5218.39990234375,0.02883258541951217,0.041827001306131706,0.11517707540822109,0.15193169302244547,0.29117550269792614,23.0
2016-11-15,63.0,greed,5275.6201171875,0.02098899807209431,0.03435235601561204,0.102221117741083,0.14775699317041924,0.27116998797719827,33.0
2016-11-16,60.0,greed,5294.580078125,0.01626193133086784,0.026929440299539698,0.10274658083793686,0.1490430035136905,0.2830649341067757,18.0
2016-11-17,63.0,greed,5333.97021484375,0.012176615994311968,0.023147809528238472,0.09973433653384833,0.14991645437359735,0.27162128130878416,25.0
2016-11-18,61.0,greed,5321.509765625,0.008888510037939223,0.030523325697998205,0.10130961718233022,0.15356547884048122,0.2760870993421818,13.0
2016-11-21,68.0,greed,5368.85986328125,0.0020600386069660193,0.019104673079940016,0.08691787720802058,0.14791970296737045,0.27820061525589046,11.0
2016-11-22,67.0,greed,5386.35009765625,-0.011634951449269737,0.011337886158815147,0.08520797063250796,0.15203424454809955,0.2749560906316557,4.0
2016-11-23,70.0,greed,5380.68017578125,-0.024080656769603803,0.015241523923709588,0.08943473888830966,0.1541644807953224,0.2803511695897676,10.0
2016-11-25,71.0,greed,5398.919921875,-0.026536792840871293,0.016395875621823874,0.07900099014306616,0.14896868839868516,0.2740548330160075,8.0
2016-11-28,72.0,greed,5368.81005859375,-0.011160745345998424,0.01299170565521357,0.09969056843532464,0.15454261780213274,0.2875031502030454,11.0
2016-11-29,72.0,greed,5379.919921875,-0.008721304881178837,0.009697155837371296,0.08946235259223112,0.16113811522084265,0.26849288387555137,4.0
2016-11-30,73.0,greed,5323.68017578125,0.013163749047615525,0.011165197653431047,0.1027615871267975,0.18448133555696256,0.29120645641245635,6.0
2016-12-01,71.0,greed,5251.10986328125,0.031659973668141106,0.03389192370325733,0.11389407726584588,0.19892372083171028,0.30402715274198444,1.0
2016-12-02,71.0,greed,5255.64990234375,0.03593277732826783,0.0421165986641423,0.11003021209225072,0.1939646238223356,0.28915933197263244,0.0
2016-12-05,75.0,greed,5308.89013671875,0.01952383637153443,0.03372640986655728,0.09958007311401951,0.1861951783964968,0.27375210011729467,3.0
2016-12-06,79.0,extreme greed,5333.0,0.024532172909244254,0.03526346495288779,0.09484531381844175,0.18540404380742537,0.27065064369257463,7.0
2016-12-07,83.0,extreme greed,5393.759765625,0.007955518620512247,0.025596256524738292,0.08676141229466205,0.1509448309950192,0.2630966412647717,10.0
2016-12-08,83.0,extreme greed,5417.35986328125,0.0072895719264773895,0.024820201044583934,0.08462054089892757,0.13993903244173178,0.2626224306210332,12.0
2016-12-09,86.0,extreme greed,5444.5,-0.001348120809991693,0.02188445262994776,0.07573143984181274,0.14250530208237677,0.2627569249931123,15.0
2016-12-12,87.0,extreme greed,5412.5400390625,0.008295532600166577,0.02493287704821756,0.0900704220396753,0.14454398341813657,0.2678557155592636,12.0
2016-12-13,86.0,extreme greed,5463.830078125,0.0036805433173630053,0.020185481152508178,0.07996765661679195,0.1284208900793249,0.2584212368198391,7.0
2016-12-14,86.0,extreme greed,5436.669921875,0.006393666418185173,0.018772531726287234,0.08540707543357007,0.13153085510539508,0.2611635217301491,3.0
2016-12-15,86.0,extreme greed,5456.85009765625,-0.001728135391752872,0.01810564756578792,0.08149017831569028,0.1433353773644419,0.2711692558870735,3.0
2016-12-16,84.0,extreme greed,5437.16015625,0.004695426366446709,0.018928984785687053,0.06559856830132338,0.1380995974604735,0.2864730051375337,-2.0
2016-12-19,79.0,extreme greed,5457.43994140625,0.005497082940370435,0.017937006686238766,0.06673462268439634,0.14228470899235623,0.27602871903741644,-8.0
2016-12-20,75.0,greed,5483.93994140625,-0.008275051021230384,0.012582194687986714,0.060859528653848916,0.1372644500200293,0.26933555715646595,-11.0
2016-12-21,75.0,greed,5471.43017578125,-0.00719013690522563,0.023673844131210986,0.06530469129905891,0.1450845206309157,0.2730418993762789,-11.0
2016-12-22,71.0,greed,5447.419921875,-0.011803717284451287,0.038352086835833576,0.072135102662922,0.14680894660925703,0.2776617299115587,-15.0
2016-12-23,66.0,greed,5462.68994140625,-0.006152621445067341,0.03523726157619844,0.07550313119296748,0.125200255390147,0.2697498987494089,-18.0
2016-12-27,70.0,greed,5487.43994140625,-0.0019025158393942698,0.031588472147465296,0.07473610056061086,0.13612362464459626,0.26458602150489785,-9.0
2016-12-28,66.0,greed,5438.56005859375,0.009079587663001432,0.03220519778337039,0.08748267556675149,0.12977516685638957,0.2779412346964327,-9.0
2016-12-29,65.0,greed,5432.08984375,0.016378634632878253,0.033633500285844775,0.08829942147898584,0.1303973421831348,0.27085345332820365,-10.0
2016-12-30,58.0,greed,5383.1201171875,0.027623330669600765,0.04821177672175847,0.09503040011320119,0.13504063174909264,0.30164286692614617,-13.0
2017-01-03,70.0,greed,5429.080078125,0.02260783490527185,0.03815013118374044,0.08648422539356027,0.13294697716183368,0.3014230189060718,4.0
2017-01-04,70.0,greed,5477.0,0.01582068693513783,0.03464853378332111,0.07074675560868182,0.11182398410398031,0.2922969063812306,0.0
2017-01-05,70.0,greed,5487.93994140625,0.010851119655928887,0.03199923198070764,0.07124900383039834,0.1212003308746692,0.3004078278533513,4.0
2017-01-06,68.0,greed,5521.06005859375,0.009610483861909769,0.027741077732273522,0.06461621431643438,0.11869642263806801,0.2963796917184385,3.0
2017-01-09,62.0,greed,5531.81982421875,0.0012491650974868485,0.02722980427422428,0.06310949428144186,0.11957728224855368,0.29497711526363757,4.0
2017-01-10,62.0,greed,5551.81982421875,0.0006898779582673598,0.02942464934648492,0.056729181652940275,0.12776893345166673,0.28850900258194123,-8.0
2017-01-11,61.0,greed,5563.64990234375,-0.004236396004863807,0.030641751990349686,0.04898048200183336,0.1277560686848882,0.296231774418122,-9.0
2017-01-12,55.0,neutral,5547.490234375,0.0014132235333053078,0.03902120011336763,0.04644616882282415,0.13789658893467793,0.30889100328660724,-15.0
2017-01-13,58.0,greed,5574.1201171875,-0.003799734368109875,0.03739598405648037,0.05071112856061388,0.13281200315562702,0.29593367016480143,-10.0
2017-01-17,58.0,greed,5538.72998046875,0.011235424129392824,0.05068128649119363,0.056103156404223586,0.14544490902530383,0.31768109492468644,-4.0
2017-01-18,55.0,neutral,5555.64990234375,0.018123881665720543,0.04666420752874134,0.055327439312334414,0.14928768934285386,0.3132666623952549,-7.0
2017-01-19,53.0,neutral,5540.080078125,0.020775890606838487,0.05388008761436991,0.06799535416801072,0.1534129308402794,0.3242371553039798,-8.0
2017-01-20,53.0,neutral,5555.330078125,0.01898171765643153,0.05591389041141159,0.06393678438746009,0.14984166740204818,0.33349948265478435,-2.0
2017-01-23,55.0,neutral,5552.93994140625,0.010943755951349221,0.055410277196034086,0.07759491140892516,0.15448935631208172,0.343484733813495,-3.0
2017-01-24,59.0,greed,5600.9599609375,0.00246923352808337,0.04187671512085589,0.07579598433095058,0.14483409390445234,0.32389092411090936,1.0
2017-01-25,55.0,neutral,5656.33984375,-0.002420282688879949,0.03340856809594883,0.06521710981110096,0.1354957759648845,0.31023954730000836,0.0
2017-01-26,58.0,greed,5655.18017578125,-0.0033562114519415376,0.03655404781757321,0.06962815567067282,0.12855642844740411,0.32723799883075255,5.0
2017-01-27,60.0,greed,5660.77978515625,0.0010581995064897765,0.02908789292276892,0.06833512215743665,0.12611343626137805,0.3189896178621454,7.0
2017-01-30,55.0,neutral,5613.7099609375,0.008878236335116307,0.05171621374080848,0.08512911070292306,0.13082438554188358,0.31864311337390894,0.0
2017-01-31,54.0,neutral,5614.7900390625,0.010584576692590497,0.043889472993080325,0.08559181639590618,0.13324628296673913,0.3199923646131999,-5.0
2017-02-01,55.0,neutral,5642.64990234375,0.007053475522594166,0.04042428674540055,0.07618759089859273,0.12759962295391358,0.3089346302015714,0.0
2017-02-02,51.0,neutral,5636.2001953125,0.014012983522912359,0.037787866485984756,0.07791413243318113,0.12493162486015263,0.28472196593276333,-7.0
2017-02-03,60.0,greed,5666.77001953125,0.011886817896100466,0.029498313090854378,0.0765850289667569,0.12084309698510487,0.22954165444190688,0.0
2017-02-06,57.0,greed,5663.5498046875,0.017729191004358213,0.03072278094137837,0.07753270770199028,0.12716763155285604,0.25643459106212196,2.0
2017-02-07,57.0,greed,5674.22021484375,0.019095065977798642,0.029006601351042605,0.07866625051642306,0.12270227797511057,0.24281041508061008,3.0
2017-02-08,61.0,greed,5682.4501953125,0.024107513728277574,0.031549732772693684,0.07860868569947654,0.1178857464276748,0.19264752409806163,6.0
2017-02-09,66.0,greed,5715.18017578125,0.01744822096511922,0.028100533042783038,0.07012548560666576,0.08778199916289964,0.20284750837890697,15.0
2017-02-10,70.0,greed,5734.1298828125,0.01821552658330594,0.021396435712766282,0.06750807979019546,0.09110888425237529,0.2176145472158295,10.0
2017-02-13,72.0,greed,5763.9599609375,0.01769447308208072,0.023610476941596348,0.06691752953723928,0.0999781440947971,0.21678669060085953,15.0
2017-02-14,78.0,extreme greed,5782.56982421875,0.013499198620450015,0.020438999441259265,0.06697719262232615,0.09518950192367392,0.23537118173106264,21.0
2017-02-15,80.0,extreme greed,5819.43994140625,0.0027614039118113443,0.014015104445607829,0.03295854839983137,0.09032998487273214,0.2469293005587332,19.0
2017-02-16,79.0,extreme greed,5814.89990234375,0.005229695568403914,0.014897914713473126,0.04131283160556598,0.06999436976416407,0.24498621410934573,13.0
2017-02-17,78.0,extreme greed,5838.580078125,0.003994091698103164,-0.007664534767222175,0.041982830398417326,0.06473315463245721,0.23905298236775652,8.0
2017-02-21,83.0,extreme greed,5865.9501953125,-0.006906000316644678,-0.007553773407274811,0.04563112760297483,0.05918558391058837,0.23053038981423013,11.0
2017-02-22,80.0,extreme greed,5860.6298828125,0.007405330691676815,-0.007326847500160327,0.04744883804051958,0.07453978606248501,0.2302585196337117,2.0
2017-02-23,75.0,greed,5835.509765625,0.004405861741539896,-0.0011600582505879586,0.056123675061860334,0.07589746370299566,0.2573691813422738,-5.0
2017-02-24,68.0,greed,5845.31005859375,0.004352197086422871,-0.0008451119541532659,0.061579232482638524,0.07288236470962173,0.26964350676770366,-11.0
2017-02-27,71.0,greed,5861.89990234375,-0.002169898287996075,0.0022586933580537316,0.05941589669984704,0.0688753204764847,0.25050755212066544,-7.0
2017-02-28,64.0,greed,5825.43994140625,0.001457440890370032,0.012378440771263488,0.06484488790537801,0.07854858735605497,0.24849107342600285,-19.0
2017-03-01,81.0,extreme greed,5904.02978515625,-0.011260102487269275,0.0017462748273511242,0.04987953060728101,0.06738793096247409,0.2162133864308946,1.0
2017-03-02,78.0,extreme greed,5861.22021484375,-0.0038234625945712253,0.008619368950394612,0.06579003162254149,0.08651608797529509,0.23828654292952245,3.0
2017-03-03,77.0,extreme greed,5870.75,-0.001536433936251802,0.004076170128390677,0.074104638195716,0.09503217753268323,0.24868372200102207,9.0
2017-03-06,69.0,greed,5849.18017578125,0.004547579075292685,0.008450703519899294,0.07633548404761914,0.10021060810722249,0.2603492359748265,-2.0
2017-03-07,65.0,greed,5833.93017578125,0.003923538291994433,0.005236573590531313,0.07561452906032184,0.09284301184920607,0.2678674031872912,1.0
2017-03-08,65.0,greed,5837.5498046875,0.01070654676895666,0.007092083495674029,0.07877107579549225,0.09520437041239105,0.2724431386174937,-16.0
2017-03-09,62.0,greed,5838.81005859375,0.010609988406810711,0.006679443175685806,0.08271372114947106,0.09574897161980922,0.2949231063725912,-16.0
2017-03-10,65.0,greed,5861.72998046875,0.006699390736539801,0.0032755168485198993,0.05905934639769361,0.08503632248472126,0.29455294759447925,-12.0
2017-03-13,64.0,greed,5875.77978515625,0.004382397050524567,-0.0015333736039191415,0.05100262207551065,0.09470742621678285,0.27830007935283185,-5.0
2017-03-14,58.0,greed,5856.81982421875,-0.010754940050106798,-0.0035274549309711745,0.062072985661163704,0.10201098529050201,0.2800137760074872,-7.0
2017-03-15,50.0,neutral,5900.0498046875,-0.013289662047675344,-0.016084593433152605,0.04997251579079953,0.09493820480527582,0.26808086067864556,-15.0
2017-03-16,51.0,neutral,5900.759765625,-0.014077818368860684,-0.007451536464617048,0.04486544866938158,0.08953428600461599,0.2679706565858673,-11.0
2017-03-17,45.0,neutral,5901.0,-0.012245342420776129,-0.00873238182617353,0.042494452741060895,0.09277583711976778,0.24457553539654286,-20.0
2017-03-20,43.0,fear,5901.52978515625,-0.01036335834864055,-0.006523732218862377,0.0571851693975336,0.09372321613180778,0.2478628546805719,-21.0
2017-03-21,37.0,fear,5793.830078125,0.014033904601507219,0.02122079960464407,0.06803784400229107,0.1152069938353737,0.2677779534465712,-21.0
2017-03-22,32.0,fear,5821.64013671875,0.013039223687147272,0.015267155084339512,0.07082369382353138,0.10897271000012654,0.2310414260371314,-18.0
2017-03-23,31.0,fear,5817.68994140625,0.016613106459294702,0.028555987769321334,0.0720217138108119,0.10399316671966874,0.201966758679603,-20.0
2017-03-24,31.0,fear,5828.740234375,0.01423978366894918,0.03375514984175587,0.07488921243233371,0.10262589572481451,0.2387822666172974,-14.0
2017-03-27,27.0,fear,5840.3701171875,0.009299078226895574,0.03165208018875898,0.06964965866788919,0.09078529543908997,0.20006265321570504,-16.0
2017-03-28,39.0,fear,5875.14013671875,0.003994751787419926,0.029582239851825287,0.04620825616942148,0.08595880400791645,0.18281944238863312,2.0
2017-03-29,39.0,fear,5897.5498046875,-0.0056073836277678035,0.025444475004599232,0.05711869551228821,0.09422726036087226,0.19769233482323756,7.0
2017-03-30,43.0,fear,5914.33984375,-0.0059837022173993,0.029971266208784098,0.03889026670479789,0.09115308991454163,0.16160388119183322,12.0
2017-03-31,47.0,neutral,5911.740234375,-0.00573945647746088,0.031061899801474224,0.03868229631780773,0.0988236464054082,0.1741516896826396,16.0
2017-04-03,45.0,neutral,5894.68017578125,-0.0023326117091971854,0.03017460211616596,0.03653800993265155,0.10552566390594009,0.19465512178494504,18.0
2017-04-04,43.0,fear,5898.60986328125,-0.005397855509685856,0.029961293349623164,0.04276431326137575,0.10733039009704437,0.19969788962292734,4.0
2017-04-05,43.0,fear,5864.47998046875,-0.004829042696550601,0.0402899806876591,0.03836315943067925,0.11427268991890815,0.17915141433026482,4.0
2017-04-06,43.0,fear,5878.9501953125,-0.01255331147856864,0.038052705586087754,0.046629053437308166,0.12015915163424862,0.18224166098426164,0.0
2017-04-07,40.0,fear,5877.81005859375,-0.003576165157041289,0.04130446250152131,0.050797843950138644,0.1211965187861026,0.20696309237062893,-7.0
2017-04-10,32.0,fear,5880.93017578125,-0.005349487240480788,0.042205901705766546,0.05311568401077871,0.118824706942668,0.2020257975970896,-13.0
2017-04-11,31.0,fear,5866.77001953125,-0.00063752871896261,0.042474809916984047,0.0672260717619304,0.12280692409454907,0.2170666271609707,-12.0
2017-04-12,28.0,fear,5836.16015625,0.013813813663066332,0.04884544230909538,0.07509728544493277,0.13148879192694785,0.21769274867023136,-15.0
2017-04-13,25.0,fear,5805.14990234375,0.01815114492477754,0.05934730805007371,0.08739142331108041,0.13545901079380696,0.23274676891065282,-18.0
2017-04-17,30.0,fear,5856.7900390625,0.02168931860439094,0.053455916301741846,0.07813838871915668,0.12788741966664285,0.2431895371174584,-10.0
2017-04-18,32.0,fear,5849.47021484375,0.030091617371531765,0.027655499316970422,0.08459566859478707,0.1324102451519089,0.24716255770692364,0.0
2017-04-19,30.0,fear,5863.02978515625,0.02766491067863086,0.03276464638515053,0.08903421490845087,0.12973332883613842,0.23452554802275416,-1.0
2017-04-20,34.0,fear,5916.77978515625,0.0223365007738765,0.028211360945866515,0.0799793522873613,0.11956511064722997,0.2077735089516748,6.0
2017-04-21,37.0,fear,5910.52001953125,0.023194210204345422,0.03774627222630467,0.08074246917221295,0.11751077779829311,0.20608678662788837,12.0
2017-04-24,39.0,fear,5983.81982421875,0.018011951663596815,0.025884826293039787,0.07135746845966362,0.10782911241031412,0.17104964780104037,9.0
2017-04-25,46.0,neutral,6025.490234375,0.011597377158432787,0.02282466319033305,0.06417397961978577,0.09316085860493062,0.16235193518680902,14.0
2017-04-26,48.0,neutral,6025.22998046875,0.007853612952889888,0.02987932174204655,0.06597590810970577,0.09513333054017403,0.1814785823706322,18.0
2017-04-27,50.0,neutral,6048.93994140625,0.004364384933472021,0.026657563401516038,0.05509229769646651,0.08513065103978956,0.17703264929958906,16.0
2017-04-28,49.0,neutral,6047.60986328125,0.008788579876234381,0.02572587875908172,0.054082574751695534,0.08419196472004975,0.16844012416126763,12.0
2017-05-01,51.0,neutral,6091.60009765625,0.0018156245348419642,0.01755202576678294,0.042110449704330755,0.10008202413078915,0.17057917148173352,12.0
2017-05-02,47.0,neutral,6095.3701171875,0.004137521771054864,0.02484836162949633,0.043897223478565506,0.09902431388834287,0.16496615723479935,1.0
2017-05-03,47.0,neutral,6072.5498046875,0.009319039588208344,0.03841055363925561,0.04777237025414216,0.10788221393948927,0.1672444245533058,-1.0
2017-05-04,45.0,neutral,6075.33984375,0.006686065015653053,0.03626798462277381,0.04361895907314861,0.10553976532948584,0.18670235782849076,-5.0
2017-05-05,47.0,neutral,6100.759765625,0.0033553550098941454,0.02857026004381491,0.04110968184354591,0.10067273575364744,0.19086970148761573,-2.0
2017-05-08,55.0,neutral,6102.66015625,0.007703159674860016,0.031907352134475264,0.046063496259635794,0.10844119911846839,0.1907757791332032,4.0
2017-05-09,61.0,greed,6120.58984375,0.008051556254471404,0.0328677344848427,0.040824515866334954,0.10878855055712955,0.19921614478792438,14.0
2017-05-10,61.0,greed,6129.14013671875,-0.019235961279042924,0.012853317659404118,0.03641456002435861,0.10419726653197348,0.20815808574545325,14.0
2017-05-11,63.0,greed,6115.9599609375,-0.00994612105270809,0.009728644461380664,0.01649947954115305,0.11006614833148998,0.21041993899478229,18.0
2017-05-12,62.0,greed,6121.22998046875,-0.006131085627561372,0.01619611369529994,0.02210831459638074,0.10272769136679227,0.2107566367978888,15.0
2017-05-15,54.0,neutral,6149.669921875,-0.0026098644140898353,0.00735327512179107,0.03098703849387241,0.09777273043427437,0.19545113415957593,-1.0
2017-05-16,66.0,greed,6169.8701171875,-0.005050374749899,-0.0007082997055847251,0.026441342417085734,0.09525807987942914,0.1991013853076007,5.0
2017-05-17,45.0,neutral,6011.240234375,0.025249329462546655,0.023376129678938096,0.055540889382033276,0.12087852996745996,0.2281109932402028,-16.0
2017-05-18,47.0,neutral,6055.1298828125,0.024793833611834515,0.030367619914222432,0.027543632699094767,0.10752536951735614,0.21456351656886996,-16.0
2017-05-19,49.0,neutral,6083.7001953125,0.020791581115586544,0.0171490353722783,0.021833684366316275,0.11663787184923091,0.21538534143408627,-13.0
2017-05-22,52.0,neutral,6133.6201171875,0.0113423757731268,0.016357400068494066,0.012962942618862217,0.10583797324779054,0.20295352825352464,-2.0
2017-05-23,49.0,neutral,6138.7099609375,0.009743098953092666,0.015961005014445417,0.02586374344798048,0.10621124049659891,0.20969389467675903,-17.0
2017-05-24,54.0,neutral,6163.02001953125,0.013598861974834842,0.016587643743614766,0.018722985866193254,0.11349305352259753,0.20467403192792832,9.0
2017-05-25,57.0,greed,6205.259765625,0.016202390046498483,0.0067507466731380195,0.010647469243109997,0.1066998196149751,0.19799176479882719,10.0
2017-05-26,58.0,greed,6210.18994140625,0.013766122321798413,-0.010236373576096303,0.008928904886272182,0.10933163417703806,0.19104083989983378,9.0
2017-05-30,52.0,neutral,6203.18994140625,0.011585993314144227,0.0050329290475783495,0.012869197764223683,0.10886819273696213,0.20300204665678478,0.0
2017-05-31,50.0,neutral,6198.52001953125,0.015948946356508786,-0.008739170270373076,0.01667658035495334,0.11516294881693101,0.2006285522572684,1.0
2017-06-01,58.0,greed,6246.830078125,0.011994833629681567,-0.01703426456605961,0.01944665997785755,0.09245650215718793,0.20930615746674008,4.0
2017-06-02,57.0,greed,6305.7998046875,-0.015522199537597037,-0.031041224294536596,0.01948370632876273,0.09010283037115974,0.20626410551174446,0.0
2017-06-05,58.0,greed,6295.68017578125,-0.019095667423866813,-0.023003124119472695,0.022181860965708955,0.0876648197746579,0.21319057671690644,0.0
2017-06-06,55.0,neutral,6275.06005859375,-0.008715445094641283,-0.02957742171759281,0.01601733922647508,0.07972992352616148,0.22536520169946694,3.0
2017-06-07,55.0,neutral,6297.3798828125,-0.016274982294378737,-0.022914260751735638,0.01523334745027416,0.07381325039540099,0.21242008046191097,5.0
2017-06-08,55.0,neutral,6321.759765625,-0.024717763948366556,-0.022995120709380257,0.012039424841221447,0.07191353895785912,0.20939580893250342,-3.0
2017-06-09,54.0,neutral,6207.919921875,-0.00904653361460206,-0.0023550750285908917,0.024528347892293523,0.09744325466303594,0.2338964213745358,-3.0
2017-06-12,53.0,neutral,6175.4599609375,0.010290699816609683,0.013879121794919458,0.04158391541874962,0.10762277164640599,0.24748441213972083,-5.0
2017-06-13,55.0,neutral,6220.3701171875,-0.005199100925182942,0.008692380549728096,0.03760381835197135,0.10525257317542436,0.2371772178071072,0.0
2017-06-14,52.0,neutral,6194.89013671875,0.006305206021690379,0.01898017164631738,0.042825586706533914,0.10773874479935786,0.25281318437929445,-3.0
2017-06-15,52.0,neutral,6165.5,0.0115464992954748,0.02415540925817039,0.042750803361446765,0.11520554775565639,0.25640740942543183,-3.0
2017-06-16,50.0,neutral,6151.759765625,0.018448417802197747,0.03130003451121244,0.04823180041534103,0.11456396972284044,0.2593192972920286,-4.0
2017-06-19,57.0,greed,6239.009765625,0.0013047161367818472,0.023406001741186788,0.03456163384801969,0.11180785712876995,0.2382717985657905,4.0
2017-06-20,50.0,neutral,6188.02978515625,-0.006691898618213288,0.03263885628479568,0.04416430569194474,0.1303694404322231,0.25751006956869626,-5.0
2017-06-21,47.0,neutral,6233.9501953125,7.378322301088147e-05,0.02467132393889626,0.035625861097991374,0.11708465410785363,0.23724924865651098,-5.0
2017-06-22,50.0,neutral,6236.68994140625,-0.01480590579578811,0.027918674621211004,0.02982351243166992,0.11613051576008626,0.23347799818378845,-2.0
2017-06-23,52.0,neutral,6265.25,-0.019924197458201953,0.02344996957423895,0.025804225190535046,0.11174492051893381,0.20218822323530583,2.0
2017-06-26,53.0,neutral,6247.14990234375,-0.021944381981064298,0.028108833692364277,0.019759401220697193,0.11410164150636515,0.21041274837595858,-4.0
2017-06-27,48.0,neutral,6146.6201171875,0.000689768687980985,0.038325098953168935,0.03799487110151212,0.12846570436401228,0.21124779735560328,-2.0
2017-06-28,60.0,greed,6234.41015625,-0.02325002553243749,0.02249932487849371,0.0351034987897938,0.11307079095418637,0.20359103551421076,13.0
2017-06-29,47.0,neutral,6144.35009765625,0.0014208142976879223,0.03316380354188775,0.05030639412525595,0.13114650789529803,0.22230987579179273,-3.0
2017-06-30,49.0,neutral,6140.419921875,0.005857940548269047,0.036238567127719,0.057901583863328776,0.12425375211322254,0.23243850383043974,-3.0
2017-07-03,52.0,neutral,6110.06005859375,0.013623392453675498,0.04133999360525675,0.06655583617022476,0.1467808556952892,0.22792081418619703,-1.0
2017-07-05,57.0,greed,6150.85986328125,0.017934087435850676,0.030805445853170355,0.06191818804551352,0.14870602520719078,0.23339343513090172,9.0
2017-07-06,44.0,fear,6089.4599609375,0.03037707475791862,0.04304159963897658,0.07310499202403231,0.16232148690576564,0.2625733950199234,-16.0
2017-07-07,49.0,neutral,6153.080078125,0.025904121951118908,0.037491782729495604,0.07025421084524175,0.15983539430360238,0.2605394528972247,2.0
2017-07-10,46.0,neutral,6176.39013671875,0.02234963077248797,0.03142123795985641,0.06699545040111876,0.15883064027447635,0.256267823689426,-3.0
2017-07-11,44.0,fear,6193.2998046875,0.024382842534436344,0.025677793495017864,0.062394876393481624,0.15666612372020605,0.24596097502672287,-8.0
2017-07-12,47.0,neutral,6261.169921875,0.01978386128041798,-0.007075323819710988,0.052079736246377184,0.14252925786695592,0.24959392885028286,-10.0
2017-07-13,54.0,neutral,6274.43994140625,0.018417589406051427,-0.0028496380520764975,0.05245246848398222,0.14939020095870426,0.24727944701862326,10.0
2017-07-14,64.0,greed,6312.47021484375,0.011925566789880326,0.004397607383512581,0.044204493848555515,0.1502723674670805,0.23655557161895646,15.0
2017-07-17,67.0,greed,6314.43017578125,0.015263433141150529,0.002942401661991889,0.04614345567139,0.1439971209298394,0.2439950872076322,21.0
2017-07-18,74.0,greed,6344.31005859375,0.010696176992379236,0.0001260664564173286,0.044085162740019834,0.15036618919188705,0.23802901637301566,30.0
2017-07-19,69.0,greed,6385.0400390625,0.005905986604124225,-0.02554876426999697,0.037371749547014055,0.1426787866719097,0.22556785185586237,22.0
2017-07-20,73.0,greed,6390.0,-0.001222231391823203,-0.027147138473200272,0.03665418072672133,0.14810326804577456,0.223818496919014,19.0
2017-07-21,73.0,greed,6387.75,-0.0020460763521975567,-0.02733671749637978,0.03402134150816005,0.1597244389896677,0.22764198930570223,9.0
2017-07-24,73.0,greed,6410.81005859375,-0.009778786274008189,-0.017677965356824088,0.034042460172595046,0.16370473791559492,0.22305448888173274,6.0
2017-07-25,70.0,greed,6412.169921875,-0.007677585133981424,-0.020860296476030826,0.027238853364467186,0.15640417346043956,0.23706020442694564,-4.0
2017-07-26,75.0,greed,6422.75,-0.009357377705227488,-0.02357555904791564,0.027352796820871106,0.1538920487719435,0.22255734316005604,6.0
2017-07-27,73.0,greed,6382.18994140625,-0.00655732562654332,-0.018261726109301546,0.028469882122070578,0.17604930101428962,0.21234560439455352,0.0
2017-07-28,69.0,greed,6374.68017578125,-0.0036268670035146666,-0.014378785087640344,0.028564545785653372,0.17127597930196403,0.19692279292504344,-4.0
2017-07-31,66.0,greed,6348.1201171875,0.00561582038235664,-0.007282467819659355,0.05562901172606627,0.16609009341625036,0.20851368553836447,-7.0
2017-08-01,66.0,greed,6362.93994140625,0.0011818466935880068,0.0008439679200105132,0.05280892521782743,0.1647886116666326,0.21127813715606747,-4.0
2017-08-02,61.0,greed,6362.64990234375,-0.0016219380882402934,0.010374648129222841,0.05736918188706097,0.16081506552177105,0.2263270903106025,-14.0
2017-08-03,59.0,greed,6340.33984375,-0.01947367642827702,0.014981883734298096,0.059332772481758944,0.14204449189743018,0.23211215142129982,-14.0
2017-08-04,64.0,greed,6351.56005859375,-0.014956955318632836,0.0037801367543575104,0.05721112285175378,0.09697928081921936,0.23744089692531412,-5.0
2017-08-07,58.0,greed,6383.77001953125,-0.006820427259955908,0.00149442085684659,0.0596308953346274,0.11468299469456888,0.23495366094483527,-8.0
2017-08-08,52.0,neutral,6370.4599609375,-0.005878727053013066,0.0043026965741994605,0.06529826464956434,0.10698128921776551,0.2382669581937258,-14.0
2017-08-09,41.0,fear,6352.330078125,-0.0011366246330010155,0.0012373197212021125,0.06540115232076804,0.06687783425926686,0.24234409863752626,-20.0
2017-08-10,31.0,fear,6216.8701171875,0.0008107036125084566,0.03464599458850226,0.09204792591981725,0.10577993504631977,0.2609415534689743,-28.0
2017-08-11,25.0,fear,6256.56005859375,-0.006398128214643473,0.03160198650869184,0.07887557083639174,0.11594229026018388,0.24984174813389237,-39.0
2017-08-14,36.0,fear,6340.22998046875,-0.020046606834103087,0.018920443155380884,0.06477840113098465,0.10619169765612702,0.2414202893215609,-22.0
2017-08-15,27.0,fear,6333.009765625,-0.0056102527030832405,0.015169771728674952,0.067044003995681,0.1279976474949429,0.22755536544167598,-25.0
2017-08-16,32.0,fear,6345.10986328125,-0.010511986154445818,0.016289765471302564,0.06189967744753,0.14362561596825185,0.2303207017276545,-9.0
2017-08-17,17.0,extreme fear,6221.91015625,0.007942885807400657,0.037404908560913386,0.0778378010169456,0.16354464031782845,0.25625891114377186,-14.0
2017-08-18,17.0,extreme fear,6216.52978515625,0.00789996240020674,0.03937728081782965,0.09277849119028292,0.16372161135103758,0.25809897739087595,-8.0
2017-08-21,15.0,extreme fear,6213.1298828125,0.011248780894165478,0.03909626240422992,0.09168650374199672,0.16177033421378773,0.2649292820380227,-21.0
2017-08-22,23.0,extreme fear,6297.47998046875,0.0007003049257285898,0.019882550055868586,0.07832180205391248,0.1449166755768425,0.2527392103069501,-4.0
2017-08-23,19.0,extreme fear,6278.41015625,0.014318896043173712,0.023654040103952445,0.09302830010832008,0.1686700859157093,0.25484951840788717,-13.0
2017-08-24,22.0,extreme fear,6271.330078125,0.02508719460864972,0.015827546052985975,0.09504041052395862,0.18339488888079147,0.2670326520023383,5.0
2017-08-25,29.0,fear,6265.64013671875,0.02708261848806326,0.01827746519627338,0.09951417667242235,0.16992836130149613,0.2796617308670779,12.0
2017-08-28,35.0,fear,6283.02001953125,0.014730146394536625,0.02709520987750258,0.09477926190730623,0.1575659066844115,0.27805418637860524,20.0
2017-08-29,29.0,fear,6301.89013671875,0.01450674637158933,0.024049936654824577,0.09687089322702125,0.13942958426953833,0.28686628383984814,6.0
2017-08-30,34.0,fear,6368.31005859375,0.0046417429933174326,0.02004454889433216,0.07161712823789723,0.139685418958728,0.2700951726378915,15.0
2017-08-31,43.0,fear,6428.66015625,-0.010650775306139448,0.013698042275284594,0.06926949749565092,0.140316921841096,0.2614665952093196,21.0
2017-09-01,49.0,neutral,6435.330078125,-0.00047710256703636933,0.014976680549784849,0.06406194563762235,0.1455527029893875,0.2573170143212715,20.0
2017-09-05,62.0,greed,6375.56982421875,0.01234555704158491,0.024948367436826047,0.06270816632735121,0.16015510868475524,0.25403221081571514,27.0
2017-09-06,41.0,fear,6393.31005859375,0.010460916520480978,0.030039182039881096,0.0577009247108049,0.16183168456346153,0.23922192226844796,12.0
2017-09-07,38.0,fear,6397.8701171875,0.00487817982638572,0.03005844993275497,0.05916183959536103,0.1817698577972191,0.23518294280979424,4.0
2017-09-08,38.0,fear,6360.18994140625,0.01388013160782764,0.034517843191010034,0.07116924282353554,0.19309641600750016,0.24589992268343375,-5.0
2017-09-11,59.0,greed,6432.259765625,0.0034793947864721897,0.024095767276578695,0.06340233873629542,0.16770933378110886,0.23945090922009626,10.0
2017-09-12,59.0,greed,6454.27978515625,0.0010907551728220888,0.023127292974584934,0.06519709510215521,0.1615254231518044,0.23239621541695965,-3.0
2017-09-13,67.0,greed,6460.18994140625,-0.0006423808558865263,0.020327548479196045,0.062247377625086475,0.15813007082364194,0.24047590452008927,26.0
2017-09-14,68.0,greed,6429.080078125,-0.000993942623376598,0.027487560337565276,0.0694842374234017,0.1637730660460328,0.24590764801899567,30.0
2017-09-15,77.0,extreme greed,6448.47021484375,-0.0033419233168113793,0.0272203761990244,0.06328005817150029,0.13891201939171172,0.22444390312715723,39.0
2017-09-18,80.0,extreme greed,6454.64013671875,-0.013021685359437818,0.02618581608752124,0.07466565620980492,0.14093112066681068,0.23261865801333115,21.0
2017-09-19,81.0,extreme greed,6461.31982421875,-0.012560849822747078,0.025211627818577442,0.08255897493369302,0.13680954338932327,0.2304049722571586,22.0
2017-09-20,79.0,extreme greed,6456.0400390625,-0.0004306468703226818,0.02308377647203863,0.07865658445753554,0.11007368796026618,0.24352233441763982,12.0
2017-09-21,73.0,greed,6422.68994140625,0.004789310115679513,0.032129818684049294,0.0838075673030847,0.08874474490729534,0.24355371873809495,5.0
2017-09-22,70.0,greed,6426.919921875,0.010742321345488026,0.02488130522767551,0.08377884709183747,0.12348374133094353,0.24371395585523903,-7.0
2017-09-25,72.0,greed,6370.58984375,0.02293827960641881,0.03576440135363246,0.09251421479687849,0.10018227989828743,0.2569432990101608,-8.0
2017-09-26,67.0,greed,6380.16015625,0.023753291606487537,0.02879707969223433,0.08715922956969258,0.08919365819701097,0.2523776710150669,-14.0
2017-09-27,73.0,greed,6453.259765625,0.012609149506260353,0.016039994927466772,0.07532318483663625,0.09455538004805586,0.24618727696062037,-6.0
2017-09-28,79.0,extreme greed,6453.4501953125,0.02044017757579719,0.03839954796466816,0.07696812494164562,0.06456545092385624,0.24682919277826953,6.0
2017-09-29,84.0,extreme greed,6495.9599609375,0.01450443281829461,0.03125019261521178,0.06272054911533798,0.0685533511438825,0.23727668474230446,14.0
2017-10-02,91.0,extreme greed,6516.72021484375,0.009668938292221929,0.03237053304064674,0.07521877130515309,0.08062178996740887,0.2275423128441465,19.0
2017-10-03,92.0,extreme greed,6531.7099609375,0.008503139207750143,0.028295779409075683,0.08172742320330006,0.08341458010358416,0.2286353637475591,25.0
2017-10-04,91.0,extreme greed,6534.6298828125,0.010546874591363498,0.02759300248480856,0.08313864490878742,0.058225176833579306,0.20580811873520588,18.0
2017-10-05,94.0,extreme greed,6585.35986328125,0.0009338749091056808,0.02719366622977093,0.08370084653777088,0.05542293633849993,0.1826916610494529,15.0
2017-10-06,92.0,extreme greed,6590.18017578125,0.002370136853564686,0.029780637310380387,0.08606896106148709,0.07649557606313673,0.173860196378534,8.0
2017-10-09,84.0,extreme greed,6579.72998046875,0.006728242596985234,0.028580170500264623,0.08873465923211876,0.07436472410569062,0.17603914484344574,-7.0
2017-10-10,85.0,extreme greed,6587.25,0.005527368211317274,0.030645583086644557,0.08597211647026448,0.08395005503055142,0.12672963750996247,-7.0
2017-10-11,83.0,extreme greed,6603.5498046875,0.0031301967529004937,0.02218503749241174,0.09210651823008909,0.07618631077774674,0.10986670432791312,-8.0
2017-10-12,79.0,extreme greed,6591.509765625,0.0020572007136310244,0.024187201635152755,0.1015776835316975,0.08568143560623231,0.13735553815232837,-15.0
2017-10-13,74.0,greed,6605.7998046875,0.003519634364865576,0.02297985065503072,0.09353752081319411,0.10222839216071233,0.12488123377613092,-18.0
2017-10-16,78.0,extreme greed,6624.0,-0.005611401249245196,0.017190537015021157,0.10179344582672867,0.10133457644550115,0.1542104822426027,-6.0
2017-10-17,78.0,extreme greed,6623.66015625,-0.003809069287007971,0.012462868374913061,0.10151330723135632,0.09275836740567223,0.153848478790227,-7.0
2017-10-18,82.0,extreme greed,6624.22021484375,-0.009107498870555397,0.025522977608729347,0.107508453051262,0.0787880914344059,0.1299654742675711,-1.0
2017-10-19,83.0,extreme greed,6605.06982421875,-0.007312535063656589,0.026906636806791173,0.1215672176535203,0.0792618832760672,0.12777457065525022,4.0
2017-10-20,89.0,extreme greed,6629.0498046875,0.010892957975129347,0.024386625687393026,0.1253935720602397,0.05706704642666116,0.12665164734941659,15.0
2017-10-23,80.0,extreme greed,6586.830078125,0.01702334529395033,0.04184864328885429,0.12574029854198288,0.06329450605300524,0.12915316637098706,2.0
2017-10-24,75.0,greed,6598.43017578125,0.01958643838774088,0.04075661639749928,0.12317020242962906,0.0788445109125373,0.07728652315429252,-3.0
2017-10-25,75.0,greed,6563.89013671875,0.023254449001762767,0.049554458218560304,0.14349415715287095,0.08469210428415952,0.11493941722315215,-7.0
2017-10-26,71.0,greed,6556.77001953125,0.02412314621434719,0.04907141764032796,0.13874815547652664,0.07770594339626147,0.09310070958534111,-12.0
2017-10-27,74.0,greed,6701.259765625,0.009428104265610138,0.03150155419121581,0.10464005864102632,0.06408353723136839,0.052084277530606515,-15.0
2017-10-30,65.0,greed,6698.9599609375,0.013058740607326591,0.01872382825284058,0.1063627822357569,0.06000034986774261,0.06906892175863932,-15.0
2017-10-31,69.0,greed,6727.669921875,0.0059619249676374775,0.021746056906426947,0.09783326902916967,0.05358169836731297,0.08594803062329759,-6.0
2017-11-01,69.0,greed,6716.52978515625,0.01080771385718804,0.01951306147460219,0.07807907162345007,0.0734144488007773,0.10683050569108854,-6.0
2017-11-02,66.0,greed,6714.93994140625,0.0052286191071870824,0.008999362065566618,0.03761609872226224,0.08194712452126751,0.09561519515754457,-5.0
2017-11-03,66.0,greed,6764.43994140625,-0.0019957306320903534,-0.00032966224669983557,0.05195403380774044,0.07427961003273298,0.08343782502896535,-8.0
2017-11-06,58.0,greed,6786.43994140625,-0.0042496277870285315,-0.0014823764272001716,0.039128031980708355,0.08155531023959273,0.08686734497337834,-7.0
2017-11-07,61.0,greed,6767.77978515625,-0.004419420979735578,0.006658026712479614,0.001386033735069736,0.09415058555614464,0.11864603168751175,-8.0
2017-11-08,54.0,neutral,6789.1201171875,-0.012212209361284199,0.0075061215677254545,0.01257454805835212,0.09040343299733222,0.1092571279961807,-15.0
2017-11-09,54.0,neutral,6750.0498046875,0.006405913382294237,0.01852286680176407,0.03435680668444152,0.09796520598589331,0.0973104075765645,-12.0
2017-11-10,59.0,greed,6750.93994140625,0.004717876019145084,0.016498425964266428,0.03889381723103513,0.08897871209340424,0.06664704169883762,-7.0
2017-11-13,49.0,neutral,6757.60009765625,0.004899648218712027,0.01749137346441154,0.057123833010647385,0.09481172276729799,0.06559577558976737,-9.0
2017-11-14,49.0,neutral,6737.8701171875,0.018493954486208608,0.017610857126210133,0.0769620146388641,0.09566822845277945,0.059146289940299246,-12.0
2017-11-15,36.0,fear,6706.2099609375,0.02402995183306511,0.034351760313107604,0.07951738120524077,0.09664622589924021,0.08243401674549844,-18.0
2017-11-16,50.0,neutral,6793.2900390625,0.014112472253684283,0.029657165438840005,0.06491994556324165,0.08843285014265434,0.06691604149257468,-4.0
2017-11-17,44.0,fear,6782.7900390625,0.014113658231706294,0.026694038522645513,0.0641977621153722,0.08782078148438921,0.03622254853700424,-15.0
2017-11-20,51.0,neutral,6790.7099609375,0.017914165535492188,0.02507101628244124,0.06175788470202925,0.09354691978514418,0.017392859356482493,2.0
2017-11-21,54.0,neutral,6862.47998046875,-0.005550448796704299,0.014991647786996243,0.06920386763992581,0.08188733474077337,0.015995677924550034,5.0
2017-11-22,54.0,neutral,6867.35986328125,0.0009625753847333218,0.013484089883124994,0.08068604364523568,0.08249025035136714,0.010429061329731981,18.0
2017-11-24,59.0,greed,6889.16015625,-0.006034162591253778,0.00683535332057561,0.06404117938904252,0.07365624778510171,0.027970019136721147,9.0
2017-11-27,51.0,neutral,6878.52001953125,-0.014995944193061939,0.008841992760950657,0.057350962848638165,0.0848918334355655,0.02968373650167333,7.0
2017-11-28,60.0,greed,6912.35986328125,-0.021721945227613615,0.0054685076755836,0.03880009151971242,0.07663956512454728,0.054862592221686324,9.0
2017-11-29,67.0,greed,6824.39013671875,-0.00703509807388214,0.01157612598596014,0.0635192261556683,0.10696046485953303,0.0657479910171117,13.0
2017-11-30,73.0,greed,6873.97021484375,-0.008893022399448891,0.019338123870969115,0.06644482472552182,0.10655992435230544,0.06642010511375607,19.0
2017-12-01,70.0,greed,6847.58984375,-0.001096702021639695,0.0318272481820987,0.07658459893792458,0.1154084922671812,0.08673415543676133,11.0
2017-12-04,64.0,greed,6775.3701171875,0.01471653344583479,0.04465291693733864,0.09169680392517754,0.13488120964332695,0.056537141435567984,13.0
2017-12-05,60.0,greed,6762.2099609375,0.014804311587416352,0.05535913552207283,0.09845009815144845,0.12907908336526108,0.06300452176856597,0.0
2017-12-06,62.0,greed,6776.3798828125,0.01467153902147178,0.05622622410420619,0.11575947472644876,0.12825873074455973,0.02846211701865964,-5.0
2017-12-07,60.0,greed,6812.83984375,0.0064128824995541844,0.05148223683795594,0.11382624547972675,0.12433733236931421,0.03048364273112525,-13.0
2017-12-08,62.0,greed,6840.080078125,0.014108021967259354,0.045831297662188186,0.09808798725115442,0.12627190779530473,0.02803329753597894,-8.0
2017-12-11,62.0,greed,6875.080078125,0.017407751784709324,0.048973932405900866,0.0904323983726325,0.11936153584574716,0.03246943714576056,-2.0
2017-12-12,67.0,greed,6862.31982421875,0.01479532811618256,0.058105749161930786,0.09026399614459368,0.13096448983213427,0.03031194395401582,7.0
2017-12-13,67.0,greed,6875.7998046875,0.012385490949277322,0.050596315570674344,0.08816289695843627,0.12661509974904916,0.005070006770519164,5.0
2017-12-14,69.0,greed,6856.52978515625,0.015872472159401463,0.06442763523850625,0.07113080005494865,0.12987619508746961,-0.014992978650811395,9.0
2017-12-15,68.0,greed,6936.580078125,0.003370520133722632,0.051822327791776424,0.06166147031320879,0.11374622028990888,-0.02200939370057231,6.0
2017-12-18,74.0,greed,6994.759765625,-0.008364799876693363,0.04883943532504942,0.05011326838702068,0.1124770580208343,-0.051171119451308034,12.0
2017-12-19,72.0,greed,6963.85009765625,-0.0035196412275587674,0.06378363710750934,0.029126140752694374,0.10756981944633859,-0.06252862070549181,5.0
2017-12-20,72.0,greed,6960.9599609375,-0.0015514820869685364,0.0717329335216792,0.004555400564784984,0.10513777803466673,-0.0902130927467546,5.0
2017-12-21,68.0,greed,6965.35986328125,-0.008896844926732483,0.06456237784398611,0.036635605451839304,0.08135256662486512,-0.11089734867515777,-1.0
2017-12-22,66.0,greed,6959.9599609375,0.006744283253021344,0.06482798720751881,0.00701873256892549,0.08644732516449061,-0.05827621134786187,-2.0
2017-12-26,64.0,greed,6936.25,0.018638282235537984,0.08210776998107772,0.0018713253514146544,0.07335809380068481,-0.05143409848621372,-10.0
2017-12-27,61.0,greed,6939.33984375,0.01996880331848927,0.0759683102060209,0.017885037245189972,0.0813247866134601,-0.05113163963836165,-11.0
2017-12-28,58.0,greed,6950.16015625,0.02681951180306652,0.06508048937721189,-0.011516287001030245,0.0805937756605204,-0.04530548419241687,-14.0
2017-12-29,53.0,neutral,6903.39013671875,0.03679351665915398,0.07360004775733286,0.0054885567361993015,0.09622805484426067,-0.03439617211397561,-15.0
2018-01-02,67.0,greed,7006.89990234375,0.02236084116584025,0.054083826830570336,0.005025041234815175,0.07075454572505291,-0.07755211433261477,1.0
2018-01-03,67.0,greed,7065.52978515625,0.012460500732367041,0.024827637203481245,0.0015596876478252142,0.07372418013428272,-0.04623431388843491,3.0
2018-01-04,72.0,greed,7077.91015625,0.018913722546766154,-0.015595051174290608,-0.023001181051301223,0.08625144527013795,-0.03594845594099161,11.0
2018-01-05,75.0,greed,7136.56005859375,0.017445379703640018,-0.002897779267806655,-0.026093834188294363,0.08682616437489199,-0.03356800147786543,17.0
2018-01-08,75.0,greed,7157.39013671875,0.009263125723351306,-0.014727457108873576,-0.008814711902818462,0.08408233267966647,-0.027986466402903143,22.0
2018-01-09,75.0,greed,7163.580078125,0.018803406336250106,-0.05394229109757387,-0.013198748661646498,0.0772001958692421,-0.024779544860299985,8.0
2018-01-10,75.0,greed,7153.56982421875,0.01991732575061711,-0.03901263239213981,-0.0018619828345919354,0.09370847201165877,-0.025454402238939022,8.0
2018-01-11,77.0,extreme greed,7211.77978515625,0.017277302048616328,-0.03186728256619542,-0.014577522601131654,0.08516624378585247,-0.04241114848109906,5.0
2018-01-12,79.0,extreme greed,7261.06005859375,0.020240808556397427,-0.034092858476740484,-0.01443043751077211,0.07501110744916284,-0.032671535361834536,4.0
2018-01-16,75.0,greed,7223.68994140625,0.032753357297363506,-0.0110843384569691,0.007947483448995207,0.08741102966807679,-0.026163913669197014,0.0
2018-01-17,75.0,greed,7298.27978515625,0.016001068316813027,-0.005734174436572981,-0.00041647495995322803,0.0762042799977547,-0.029297290664799025,0.0
2018-01-18,72.0,greed,7296.0498046875,0.015777078644466647,-0.007754825057169845,-0.007948101732596857,0.07253925263229055,-0.01902671006022494,-3.0
2018-01-19,80.0,extreme greed,7336.3798828125,0.02308906291992785,-0.013912832466306257,-0.025932408495600523,0.06594809977513338,-0.04307574370182421,3.0
2018-01-22,78.0,extreme greed,7408.02978515625,0.00789413409027162,-0.02562082094591589,-0.03771983855409222,0.058563524258575805,-0.051600732814404804,-1.0
2018-01-23,78.0,extreme greed,7460.2900390625,-0.007749036336530235,-0.03353759625998953,-0.060713449347764126,0.05100069547920194,-0.051851881910694564,3.0
2018-01-24,78.0,extreme greed,7415.06005859375,-0.000482811750236678,-0.010474618042369599,-0.05547086887611208,0.06974726727693326,-0.03374216706748423,3.0
2018-01-25,77.0,extreme greed,7411.16015625,-0.00341381004260366,0.0013897695462448123,-0.039464803661285686,0.059507554854192124,-0.04391754780717638,5.0
2018-01-26,79.0,extreme greed,7505.77001953125,-0.03528216605753243,-0.02337134250297146,-0.05142313364776596,0.030862909700265062,-0.06361505604705031,-1.0
2018-01-29,62.0,greed,7466.509765625,-0.06682908027067747,-0.025915723152315828,-0.05360466384660878,0.021896473654623883,-0.03796013082375915,-16.0
2018-01-30,61.0,greed,7402.47998046875,-0.038716767679539354,-0.029979131650545443,-0.03671469370715408,0.03638105868632091,-0.01631071565371589,-17.0
2018-01-31,61.0,greed,7411.47998046875,-0.04850583162167066,-0.02072593647774179,-0.041905271139294986,0.03991241417008329,-0.01991638156889608,-17.0
2018-02-01,58.0,greed,7385.85986328125,-0.08241419662690819,-0.0074669575871493254,-0.04030809769591792,0.05643622893486877,-0.005188268519587869,-19.0
2018-02-02,17.0,extreme fear,7240.9501953125,-0.05060937460593662,0.018099775136879437,-0.004326790998408159,0.07886528078624,0.022252588191644884,-62.0
2018-02-05,18.0,extreme fear,6967.52978515625,0.002071060508703093,0.061588558702928786,0.042723918657001425,0.12804400097802993,0.058521457758053286,-44.0
2018-02-06,18.0,extreme fear,7115.8798828125,-0.014386150254554142,0.043855477838203205,0.02122295795015039,0.10789674447596775,0.024237370175447914,-43.0
2018-02-07,16.0,extreme fear,7051.97998046875,0.012994951343106242,0.07215421477858164,0.040829692735757206,0.1185979115046576,0.0349150473378661,-45.0
2018-02-08,10.0,extreme fear,6777.16015625,0.07071841427404668,0.11969020198241687,0.09263615498517819,0.16446706337289818,0.07831300040980937,-48.0
2018-02-09,10.0,extreme fear,6874.490234375,0.05309193380531907,0.09259152454201858,0.0768623753068054,0.14031871397282591,0.07857017239062336,-7.0
2018-02-12,13.0,extreme fear,6981.9599609375,0.03614316023983122,0.07374005301329722,0.061495606632438804,0.11998779779417568,0.06279324492375515,-5.0
2018-02-13,10.0,extreme fear,7013.509765625,0.029189410392944204,0.0667612200449077,0.04820983052518346,0.12224697758260628,0.05894914864364731,-8.0
2018-02-14,15.0,extreme fear,7143.6201171875,0.009304767816890713,0.04736675685950664,0.03565134810111781,0.0882605723228509,0.04602568917003769,-1.0
2018-02-15,18.0,extreme fear,7256.43017578125,0.011156995792188429,0.012100999591620365,0.017369427667500492,0.07580722620138425,0.031742859528749,8.0
2018-02-16,18.0,extreme fear,7239.47021484375,0.02513854476817934,0.017242917801885582,0.01586713191674205,0.07968260745081346,0.03447760705793401,8.0
2018-02-20,17.0,extreme fear,7234.31005859375,0.013275632131416915,0.015340782959242238,0.02207950435840167,0.08109960760311896,0.03115706964702092,4.0
2018-02-21,15.0,extreme fear,7218.22998046875,0.007589088364387653,-0.007141612947631826,0.02219796001267671,0.08879461351889861,0.042851233533800936,5.0
2018-02-22,18.0,extreme fear,7210.08984375,-0.004095619582583643,-0.0301549532095593,0.029940003781592894,0.09417500594598605,0.047762250492067615,3.0
2018-02-23,18.0,extreme fear,7337.39013671875,-0.010837643637525152,-0.01592529434566836,0.01186253387657854,0.07374145495018136,0.028880796035130052,0.0
2018-02-26,20.0,extreme fear,7421.4599609375,-0.012228052226604724,-0.05560225407341857,0.0016695012550043131,0.07067612333584439,0.01792771306290164,2.0
2018-02-27,17.0,extreme fear,7330.35009765625,0.005683175757467573,-0.05199207570036202,0.009036368687892482,0.09379494778937403,0.027581177543572366,0.0
2018-02-28,15.0,extreme fear,7273.009765625,0.016999858477176888,-0.028813321728640817,0.02604704734247254,0.10408761954583268,0.044320074139698296,0.0
2018-03-01,8.0,extreme fear,7180.56005859375,0.03445276339171777,-0.04323338832528989,0.036426136187067026,0.1293951829983666,0.05528952649728991,-10.0
2018-03-02,10.0,extreme fear,7257.8701171875,0.04173950987202879,-0.04362028073243229,0.04084668864980756,0.11442609645590807,0.04388198479048677,-8.0
2018-03-05,14.0,extreme fear,7330.7099609375,0.03514118886901163,-0.03936864221802361,0.037615729099823136,0.10624210782790233,0.02390081750214179,-6.0
2018-03-06,26.0,fear,7372.009765625,0.01885510253230316,-0.04007861768105658,0.036062092442672,0.09756365729854988,0.006707830955824612,9.0
2018-03-07,23.0,extreme fear,7396.64990234375,0.01354128660574605,-0.06510245116642821,0.03955714220549189,0.08091771645723012,0.0015534376409189754,8.0
2018-03-08,25.0,fear,7427.9501953125,0.007241572391861961,-0.06429907834652715,0.027883820362305967,0.06661054155539259,0.017516254129350095,17.0
2018-03-09,44.0,fear,7560.81005859375,-0.010424785652320634,-0.06170109423341563,0.011202464600334583,0.04519753542549765,0.003996890059174474,34.0
2018-03-12,40.0,fear,7588.31982421875,-0.03216516903580546,-0.06843280872336754,0.00943691795039392,0.044257535239802026,0.007259885364270469,26.0
2018-03-13,36.0,fear,7511.009765625,-0.019532654798151805,-0.04936217328884651,0.025666359045328546,0.06143787102110787,0.01596328514625789,10.0
2018-03-14,29.0,fear,7496.81005859375,-0.02021126563791753,-0.05204348959098293,0.026529968768617573,0.06101527426997433,0.025573507273634055,6.0
2018-03-15,21.0,extreme fear,7481.740234375,-0.04211053160415812,-0.043500634748506184,0.037330860994645665,0.071102405309176,0.031107702058997377,-4.0
2018-03-16,19.0,extreme fear,7481.990234375,-0.06539975289621247,-0.02684982610586517,0.035336807474406706,0.07057611519745732,0.032338983794157894,-25.0
2018-03-19,14.0,extreme fear,7344.240234375,-0.016843157544536247,-0.006671895041049147,0.05484427768252709,0.07509964095481925,0.05238526630270157,-26.0
2018-03-20,16.0,extreme fear,7364.2998046875,-0.04827203610959385,-0.017142124769743416,0.04905965925403155,0.08036202684429727,0.06445421409213559,-20.0
2018-03-21,16.0,extreme fear,7345.2900390625,-0.05392027496361462,-0.02711399484443222,0.05938767894020103,0.08233167060577862,0.040485791742875143,-13.0
2018-03-22,11.0,extreme fear,7166.68017578125,-0.0144041561694912,-0.005313489257367188,0.07622357997462892,0.12021602521052666,0.06570125242541902,-10.0
2018-03-23,7.0,extreme fear,6992.669921875,-0.017525466818350766,0.002099366328635943,0.10012626223833165,0.14219032932644038,0.0999403812083357,-12.0
2018-03-26,8.0,extreme fear,7220.5400390625,-0.038675812667124054,-0.030025427947858674,0.04313662480610536,0.1070155357850251,0.05856069510901851,-6.0
2018-03-27,6.0,extreme fear,7008.81005859375,0.004751135272480278,0.015676001527931804,0.07887499013344179,0.14248640609478458,0.09421854177251654,-10.0
2018-03-28,7.0,extreme fear,6949.22998046875,0.018321429075824236,0.02454514020951204,0.07135324331614701,0.14982093550579556,0.11225558025025673,-9.0
2018-03-29,8.0,extreme fear,7063.4501953125,-0.02100111530901605,0.000399213435471113,0.06232506329001919,0.13853286884936522,0.10836913119957736,-3.0
2018-04-02,7.0,extreme fear,6870.1201171875,0.011676611936057402,0.03792947920562373,0.09318318698655847,0.17120952187227223,0.1424385320091548,0.0
2018-04-03,9.0,extreme fear,6941.27978515625,0.02204492892772869,0.02299577630177696,0.0902441877634097,0.1578988390404692,0.13747753282787012,1.0
2018-04-04,11.0,extreme fear,7042.10986328125,0.0038227068872307424,0.006537818914550186,0.06540086245958587,0.13595924516862534,0.1206555902095936,5.0
2018-04-05,13.0,extreme fear,7076.5498046875,0.009001589343765382,0.01880440556100571,0.07205211369472808,0.13403990153989853,0.12183057570621059,6.0
2018-04-06,9.0,extreme fear,6915.10986328125,0.02769877020747913,0.05062827700182426,0.11182472711584301,0.13946270144812112,0.15021742822150186,1.0
2018-04-09,12.0,extreme fear,6950.33984375,0.029630197376814493,0.045545982744773506,0.11594546017590202,0.12058552105421994,0.13797022346591636,5.0
2018-04-10,14.0,extreme fear,7094.2998046875,0.026331040146530427,0.034620802379991655,0.09372318747872388,0.09044590844624789,0.12262527009539315,5.0
2018-04-11,18.0,extreme fear,7069.02978515625,0.0320002116406064,0.047522848240492355,0.0916080562405901,0.09463678251572305,0.12425044239724992,7.0
2018-04-12,22.0,extreme fear,7140.25,0.013698408122089667,0.03678160888099158,0.09574873735163325,0.03946637788417773,0.1181905614299219,9.0
2018-04-13,23.0,extreme fear,7106.64990234375,0.005555357448483456,0.042871103271109545,0.10121929291715448,0.03129606204136359,0.1223304757132524,14.0
2018-04-16,25.0,fear,7156.27978515625,-0.003867887831525807,0.02729771662385949,0.09075112337482771,0.047596008231679754,0.11793141417738373,13.0
2018-04-17,28.0,fear,7281.10009765625,-0.037597340556836834,0.016096428487362147,0.07883699054158377,0.020551858196115047,0.09819669704841694,14.0
2018-04-18,32.0,fear,7295.240234375,-0.039957560085061905,0.011957108699138352,0.07665267887907445,0.04801075615709416,0.09633950379140077,14.0
2018-04-19,32.0,fear,7238.06005859375,-0.016493353446378256,0.01606504839901013,0.08113220135504684,0.055904501129183215,0.10737821386473834,10.0
2018-04-20,38.0,fear,7146.1298828125,-0.003684522749625274,0.03469152678658416,0.09432662483804544,0.04743969945489224,0.13639409825876858,15.0
2018-04-23,40.0,fear,7128.60009765625,-0.008743663169644367,0.03505034086052872,0.10005751616867387,0.04494987558712271,0.13654990525962996,15.0
2018-04-24,32.0,fear,7007.35009765625,0.017602959169616295,0.059738682590050995,0.1189351053194494,0.06582799185537125,0.15859491286109817,4.0
2018-04-25,38.0,fear,7003.740234375,0.013872540202430894,0.060066468390912675,0.13257202136693147,0.061938305843836305,0.16314992128926642,6.0
2018-04-26,42.0,fear,7118.68017578125,-0.0042887547527936665,0.044273645407929996,0.1030387630695182,-0.0014441263244940883,0.1465397933487742,10.0
2018-04-27,40.0,fear,7119.7998046875,0.012615567145703332,0.038876098577978135,0.08674683756990942,0.027885621015886652,0.1370249668240595,2.0
2018-04-30,42.0,fear,7066.27001953125,0.028153458735142856,0.05606637938915493,0.07977758830480486,0.01428475576609034,0.13916395983587582,2.0
2018-05-01,38.0,fear,7130.7001953125,0.019100467457709547,0.04367311951773223,0.07588172674903593,-0.011276614364303161,0.12706603831337238,6.0
2018-05-02,39.0,fear,7100.89990234375,0.03365914985329699,0.06385531158263325,0.08539623780904204,0.008555253677065444,0.14971343242077806,1.0
2018-05-03,32.0,fear,7088.14990234375,0.04469718006319834,0.07312346179676132,0.10080769296741754,0.030720287098894294,0.1460381271531057,-10.0
2018-05-04,40.0,fear,7209.6201171875,0.026805818126849124,0.059398378712470556,0.08355359070881185,0.031130619610760357,0.10460185643341391,0.0
2018-05-07,41.0,fear,7265.2099609375,0.02011089343141248,0.05836448990701748,0.08182423055080434,0.012632845290221573,0.09333658172677883,-1.0
2018-05-08,49.0,neutral,7266.89990234375,0.011659714817514155,0.050663959435612416,0.08487254017457024,0.00852498261225798,0.08857834152891586,11.0
2018-05-09,49.0,neutral,7339.91015625,0.007955090347772309,0.04163533379421258,0.07471752517406705,0.004911477650282103,0.07861537442183875,10.0
2018-05-10,53.0,neutral,7404.97021484375,-0.0030384997302078665,0.034430923223217835,0.06574092213587268,0.022387636998719262,0.03268747849954812,21.0
2018-05-11,54.0,neutral,7402.8798828125,-0.006556912962372485,0.04064771562059688,0.05892706451735874,0.01729056826886821,0.0447947767371466,14.0
2018-05-14,54.0,neutral,7411.31982421875,-0.0023315395322413,0.03837108340196704,0.05510356406212713,-0.0005963744622862199,0.05543278226672754,13.0
2018-05-15,55.0,neutral,7351.6298828125,0.003649541469399331,0.055689712727128304,0.07063199075353843,-0.020506985257441213,0.07432636443688279,6.0
2018-05-16,53.0,neutral,7398.2998046875,0.00373871794604419,0.04704865811256509,0.05079819991369949,-0.02668581873025888,0.05649676162135542,4.0
2018-05-17,53.0,neutral,7382.47021484375,0.00568372911998094,0.04938178681432248,0.057440096925128525,-0.03333302688173567,0.043333688949467764,0.0
2018-05-18,52.0,neutral,7354.33984375,0.010811338012047589,0.05048039768185353,0.06281872257611498,-0.01295970279028491,0.05865657288877579,-2.0
2018-05-21,56.0,greed,7394.0400390625,0.00034484593997730073,0.052402979225904645,0.05774511962429618,-0.01976861378932071,0.04825505444960232,2.0
2018-05-22,59.0,greed,7378.4599609375,0.011383165974967024,0.045333340039226844,0.06515044650000679,-0.047432659704272795,0.03385799008754242,4.0
2018-05-23,54.0,neutral,7425.9599609375,0.0021761706681704407,0.035936076235934866,0.062367712612913184,-0.06963949973323891,0.0284205416939598,1.0
2018-05-24,48.0,neutral,7424.43017578125,0.01749627907707829,0.014489945665416615,0.06115348577690316,-0.06090436101834151,0.024637570499577377,-5.0
2018-05-25,44.0,fear,7433.85009765625,0.023219443627962022,0.017188910655669076,0.06889160745573353,-0.06656982730167282,0.015262610820370393,-8.0
2018-05-29,34.0,fear,7396.58984375,0.032619088610830405,0.0065557554764204,0.08399952839331037,-0.04255200744430898,0.023136387809627124,-22.0
2018-05-30,42.0,fear,7462.4501953125,0.030390827828232103,0.0055249923804716605,0.0760594481563881,-0.05088811182130748,-0.001246278732230821,-17.0
2018-05-31,43.0,fear,7442.1201171875,0.025926712279963793,0.009161325862309111,0.08970156537476526,-0.020226799765009407,-0.014659814130691617,-11.0
2018-06-01,52.0,neutral,7554.330078125,0.01206985749325784,0.0017685040424610943,0.07069187864886062,-0.037230303295114564,-0.003601902571915838,4.0
2018-06-04,55.0,neutral,7606.4599609375,0.007029579478277981,-0.013644985919272212,0.06613852971139478,-0.03627441980789614,-0.0040728513168866165,11.0
2018-06-05,58.0,greed,7637.85986328125,0.00863202218440895,-0.00673352070090294,0.05936088705926745,-0.025707475807483227,-0.0029209829707670387,24.0
2018-06-06,65.0,greed,7689.240234375,0.0008401299400973006,-0.00011055678198867991,0.03978672510872161,-0.06903283580876385,0.006874523577106828,23.0
2018-06-07,62.0,greed,7635.06982421875,0.016498894934027675,0.01586499847185685,0.037676165755227364,-0.058520756048156986,0.02463632972413543,19.0
2018-06-08,63.0,greed,7645.509765625,0.013193380203504912,0.014870222283759782,0.033618461203611893,-0.08845188697103412,0.02315869889929778,11.0
2018-06-11,64.0,greed,7659.93017578125,0.01137080983458394,0.007399504460132933,0.03449508995580386,-0.08347467164539601,0.017335672260087698,9.0
2018-06-12,65.0,greed,7703.7900390625,0.002829750626245353,0.015593608107616452,0.03487636272781214,-0.0872245943269857,0.01730834343536003,7.0
2018-06-13,64.0,greed,7695.7001953125,0.011150326563496682,0.016928905992934062,0.033594056238537284,-0.07762648252365967,0.013119009105759583,-1.0
2018-06-14,63.0,greed,7761.0400390625,-0.006196314348071441,0.005756983027579876,0.032556193577571335,-0.08899708769199122,0.010820712178530867,1.0
2018-06-15,61.0,greed,7746.3798828125,-0.006914205009824981,0.014037555092833776,0.03403656420659207,-0.10788519788666406,0.026786705937362543,-2.0
2018-06-18,61.0,greed,7747.02978515625,-0.02775515591062272,0.01386468869085844,0.019202230794475916,-0.12821685629642454,0.031017053725920896,-3.0
2018-06-19,53.0,neutral,7725.58984375,-0.021222969928974877,0.012906452834557935,0.029838500903298648,-0.12189097616434019,0.042165065268580326,-12.0
2018-06-20,57.0,greed,7781.509765625,-0.04323450045467858,0.004972098070019193,0.021657786022705627,-0.14710251891691362,0.03215316858147066,-7.0
2018-06-21,52.0,neutral,7712.9501953125,-0.027132292343652442,0.016714735426834437,0.04087667846576526,-0.15357807441598637,0.037955645062756505,-11.0
2018-06-22,52.0,neutral,7692.81982421875,-0.02372602292811221,0.019232244962597234,0.03823567215141699,-0.17676607809826728,0.024945389988317856,-9.0
2018-06-25,42.0,fear,7532.009765625,0.004737138810426034,0.05313727427393866,0.06123733886804472,-0.17778652516641869,0.050180557511184665,-19.0
2018-06-26,47.0,neutral,7561.6298828125,-0.0077972555984940906,0.03842429442747086,0.05896087734267974,-0.13320805635049182,0.05370930462169654,-6.0
2018-06-27,36.0,fear,7445.080078125,0.018985705482411408,0.03926617856118808,0.07324166205608207,-0.116263335607801,0.07537328683660371,-21.0
2018-06-28,39.0,fear,7503.68017578125,0.024615916005277905,0.016834382764134626,0.07173680466817811,-0.122494580621475,0.07829224683174663,-13.0
2018-06-29,34.0,fear,7510.2998046875,0.032741754260132705,0.021502501707615806,0.0713753521043432,-0.11650933282118947,0.07972917921182976,-18.0
2018-07-02,35.0,fear,7567.68994140625,0.02530630289943714,0.018446857460747035,0.0620545856023782,-0.11915789454667247,0.07962007478209854,-7.0
2018-07-03,32.0,fear,7502.669921875,0.028515174415774336,0.03998843380494499,0.06622707489287016,-0.13850668264708887,0.08785140810549996,-15.0
2018-07-05,33.0,fear,7586.43017578125,0.03130454516696224,0.029734616231476663,0.057821618047592116,-0.11172188932889204,0.06748229340666523,-3.0
2018-07-06,40.0,fear,7688.39013671875,0.01789579369716021,0.022279051403029326,0.024858211603166147,-0.11249688250655432,0.0589642091112037,1.0
2018-07-09,47.0,neutral,7756.2001953125,0.00638457212091792,0.016433299518819888,0.004157963846715962,-0.11077591780466967,0.05754494042001923,13.0
2018-07-10,45.0,neutral,7759.2001953125,0.01236208880561529,0.016642164084193833,-0.002996442856835424,-0.10337664926754664,0.05629959696282927,10.0
2018-07-11,41.0,fear,7716.60986328125,0.017861480697741516,0.022700372958924575,0.002774554711114652,-0.09467111231561742,0.06836289439310006,9.0
2018-07-12,49.0,neutral,7823.919921875,0.00017636719525238043,0.0019414745495771601,-0.0513642932443501,-0.10895305037860903,0.05550548985021142,16.0
2018-07-13,47.0,neutral,7825.97998046875,-0.0007385381984971184,-0.0008011801137873809,-0.06349619129044026,-0.11756483672203843,0.05070544841784552,7.0
2018-07-16,45.0,neutral,7805.72021484375,0.004631206518907138,0.00834899536253797,-0.0395645846411089,-0.1001688652934124,0.04861687783429547,-2.0
2018-07-17,49.0,neutral,7855.1201171875,-0.0018268463679952385,-0.010311745561059849,-0.05402589349129494,-0.10444527436138074,0.04482682784405023,4.0
2018-07-18,56.0,greed,7854.43994140625,0.009905262953073146,-0.006100997936514974,-0.026602750621305238,-0.09803117551509266,0.03718282845720777,15.0
2018-07-19,50.0,neutral,7825.2998046875,0.003435059584253608,-0.0011462470175426231,-0.023334519306930535,-0.08537306440560444,0.04841218269018488,1.0
2018-07-20,53.0,neutral,7820.2001953125,-0.010585441724000777,0.00010352296517734949,-0.04284545794551242,-0.10227875400308573,0.05513927834877741,6.0
2018-07-23,58.0,greed,7841.8701171875,-0.027017804939555412,0.002206081512314606,-0.05009523572320307,-0.10406957593795829,0.06116269150661724,13.0
2018-07-24,64.0,greed,7840.77001953125,-0.02155145222316468,0.006163945378401703,-0.04746219258972706,-0.09786156929515744,0.050730989244731184,15.0
2018-07-25,70.0,greed,7932.240234375,-0.02835897409380772,-0.006779960244325256,-0.06236576057904508,-0.09674194785077805,0.050171164110469846,14.0
2018-07-26,72.0,greed,7852.18017578125,-0.006302737999777985,0.011945702032769123,-0.09472277212022806,-0.0976162012130265,0.05618183644134955,22.0
2018-07-27,67.0,greed,7737.419921875,0.009640144195757205,0.03624980720973747,-0.05416276773866047,-0.09164939863321486,0.06929834946292601,14.0
2018-07-30,64.0,greed,7630.0,0.030102251085353915,0.05242988716415464,-0.060654002498361725,-0.05857403956422014,0.0714836070609437,6.0
2018-07-31,66.0,greed,7671.7900390625,0.027616777324290576,0.057079234456898886,-0.08101108044348249,-0.0508420854457019,0.05726565454581789,2.0
2018-08-01,66.0,greed,7707.2900390625,0.023489454548219157,0.049442777200207955,-0.07079532935095312,-0.05753253343621889,0.03850637301205673,-4.0
2018-08-02,68.0,greed,7802.68994140625,0.01141783723549361,0.03932619391011549,-0.06366907345967987,-0.05833243480923456,-0.009823522774754179,-4.0
2018-08-03,71.0,greed,7812.009765625,0.003469030181643795,0.03574499299831069,-0.04838059838254849,-0.05247429276187077,0.002721483273075309,4.0
2018-08-06,72.0,greed,7859.68017578125,-0.0050854759926382,0.017238582622133514,-0.0639580657435953,-0.06163105619966913,0.00040076724158022436,8.0
2018-08-07,73.0,greed,7883.66015625,-0.0016198084745099317,0.004955797617401947,-0.07037467972968214,-0.07551188747295257,0.019724340841445587,7.0
2018-08-08,74.0,greed,7888.330078125,-0.014478344568036539,0.0018013902558293715,-0.06495292566526156,-0.07481049562682218,0.00897655877637682,8.0
2018-08-09,70.0,greed,7891.77978515625,-0.010803616921162273,0.004103050512718864,-0.04067900953851744,-0.07398583066277742,-0.0035948328106685246,2.0
2018-08-10,56.0,greed,7839.10986328125,-0.002905914772664664,0.017012180450125536,-0.03931951278199497,-0.054150248369662424,0.022610985569962105,-15.0
2018-08-13,56.0,greed,7819.7099609375,0.00016622159824253302,0.017202686570631176,-0.05279096803537431,-0.05106712143031,-0.0058531607642596795,-16.0
2018-08-14,58.0,greed,7870.89013671875,-0.0014890583708028204,0.018145320508601293,-0.08512633360304667,-0.05640276178360193,-0.013247551130820212,-15.0
2018-08-15,46.0,neutral,7774.1201171875,0.01479009569385803,0.03034683260854365,-0.07373824836236109,-0.03880953167554757,0.01567638721172604,-28.0
2018-08-16,51.0,neutral,7806.52001953125,0.009215366286932314,0.011435315519322753,-0.08584233193995428,-0.04095935182386168,0.025144371444817848,-19.0
2018-08-17,54.0,neutral,7816.330078125,0.016587055695945097,0.017883045337023562,-0.0712994829284943,-0.041868786327502905,0.016917143870217588,-2.0
2018-08-20,61.0,greed,7821.009765625,0.025174516158274596,0.016497904657351903,-0.07328205252428788,-0.0461960559460608,0.025469881931106553,5.0
2018-08-21,61.0,greed,7859.169921875,0.021741496733886034,0.02151118505825833,-0.10569690561011158,-0.04219655333948824,0.016823686999785092,3.0
2018-08-22,61.0,greed,7889.10009765625,0.0279613442622606,0.012404439298510539,-0.12425755299121233,-0.04241803660447496,-0.01740757202026111,15.0
2018-08-23,59.0,greed,7878.4599609375,0.02664225031090628,0.014570111370958871,-0.11502374390815151,-0.04177975871960027,-0.0031376343454259104,8.0
2018-08-24,68.0,greed,7945.97998046875,0.020584000840145666,0.007738533765016209,-0.12673074969672837,-0.04926644867039498,-0.014979874785592928,14.0
2018-08-27,77.0,extreme greed,8017.89990234375,0.00914829301308795,-0.0034335406392642653,-0.1167450100510582,-0.060535816497985895,-0.02008256794078722,16.0
2018-08-28,78.0,extreme greed,8030.0400390625,-0.004342458694834961,0.0014856931874829282,-0.11797448569890334,-0.05413297309747911,-0.007054747182850152,17.0
2018-08-29,78.0,extreme greed,8109.68994140625,-0.023053897533483303,-0.007810390311792426,-0.10087933121576143,-0.06561534670648927,-0.018103042120534263,17.0
2018-08-30,73.0,greed,8088.35986328125,-0.022973733533088292,-0.006312782746666246,-0.10079667558529115,-0.06330084326790753,-0.026482465005501665,14.0
2018-08-31,71.0,greed,8109.5400390625,-0.022859481785594715,-0.013563066936619461,-0.09605970206049519,-0.07443333583408529,-0.01635853027557599,3.0
2018-09-04,67.0,greed,8091.25,-0.014680029063031008,-0.008176753437355133,-0.08030158929399045,-0.08277955063340026,0.0031614494824656614,-10.0
2018-09-05,62.0,greed,7995.169921875,-0.005120584278545115,-0.01446625367317722,-0.10465565513553476,-0.07342305302982,0.013495635914945625,-16.0
2018-09-06,53.0,neutral,7922.72998046875,0.011483413001962095,-0.016948676212275138,-0.09270418361529154,-0.046028316347268006,0.020789546197276243,-25.0
2018-09-07,52.0,neutral,7902.5400390625,0.01360322117554924,-0.021080544094245757,-0.11810000764934037,-0.0394190035566343,0.02298249882819281,-21.0
2018-09-10,56.0,greed,7924.16015625,-0.0035802049211642872,-0.023490203762721262,-0.11403607687131667,-0.0354296221257675,0.03098372757365353,-15.0
2018-09-11,59.0,greed,7972.47021484375,-0.0020521056989387665,-0.069040133775782,-0.11798603335856872,-0.04284243771244289,0.027845762447053612,-8.0
2018-09-12,59.0,greed,7954.22998046875,-0.0005267563820179344,-0.07859590726067467,-0.10760562920316263,-0.0334036350426018,0.02797002111015634,-3.0
2018-09-13,72.0,greed,8013.7099609375,0.0018118973112362102,-0.06449195525392948,-0.11772074200476013,-0.037339756732815865,0.01744885687235942,19.0
2018-09-14,73.0,greed,8010.0400390625,-0.0028813936025844367,-0.07232171148489064,-0.1372502356356725,-0.03571640620456673,0.021969925195198803,21.0
2018-09-17,67.0,greed,7895.7900390625,0.012343281730560207,-0.031700412935146804,-0.14464164484411135,-0.02112769252898694,0.03566458787063764,11.0
2018-09-18,73.0,greed,7956.10986328125,0.006455460324842566,-0.039392325314056675,-0.14733327306616817,-0.014724520444899358,0.028502625457427433,14.0
2018-09-19,71.0,greed,7950.0400390625,0.0050729402527331935,-0.058477680622923356,-0.1651828109651079,-0.03866271310298286,0.021085413656893648,12.0
2018-09-20,74.0,greed,8028.22998046875,0.0017114898811354529,-0.07214544136398571,-0.18681824360631716,-0.04866451787713222,0.010491724909932332,2.0
2018-09-21,75.0,greed,7986.9599609375,0.0074358876229772,-0.06489704226139115,-0.20708376336574985,-0.03699028702424745,0.0008351014538223733,2.0
2018-09-24,70.0,greed,7993.25,0.005510875387045422,-0.0695224046461077,-0.22523129867388114,-0.043770696173333734,0.010525115918118333,3.0
2018-09-25,64.0,greed,8007.47021484375,-0.0009891276450292308,-0.11227894558175933,-0.1814693420737069,-0.042248086335885504,0.002896038422130154,-9.0
2018-09-26,53.0,neutral,7990.3701171875,0.004345196286692277,-0.08410502437076661,-0.17657253195038602,-0.03267061339339261,-0.0063501732248743,-18.0
2018-09-27,48.0,neutral,8041.97021484375,-0.020201573106908954,-0.10877437127180978,-0.18123048909362538,-0.02649351500960384,-0.005300985946834702,-26.0
2018-09-28,47.0,neutral,8046.35009765625,-0.032051787358702066,-0.12379029578689149,-0.1753677500201014,-0.024565194634965537,-0.017109611215537446,-28.0
2018-10-01,49.0,neutral,8037.2998046875,-0.03749388683986221,-0.10894826914793632,-0.17062445057498643,-0.017636520155354773,-0.031360010303522534,-21.0
2018-10-02,45.0,neutral,7999.5498046875,-0.03269306292749141,-0.08671111741029369,-0.1920170312318601,-0.013472010570907411,-0.015912150329748798,-19.0
2018-10-03,51.0,neutral,8025.08984375,-0.0751443349300509,-0.07364774683694641,-0.16027608481797562,-0.010766222438124973,-0.005310797727634431,-2.0
2018-10-04,43.0,fear,7879.509765625,-0.06985836979765303,-0.06631371072468673,-0.13402350935439,0.009438419317905566,0.009744295739369413,-5.0
2018-10-05,33.0,fear,7788.4501953125,-0.03743492624106737,-0.05901046885205241,-0.1144579695520197,0.015513945241181881,0.004536151475297734,-14.0
2018-10-08,28.0,fear,7735.9501953125,-0.039453454744633465,-0.04653471458401215,-0.10068189395265836,0.029510277767924364,0.02168964830773734,-21.0
2018-10-09,23.0,extreme fear,7738.02001953125,-0.011957811549039521,-0.02161664341899472,-0.09717604676836322,0.027053412012583822,0.02749537544332803,-22.0
2018-10-10,8.0,extreme fear,7422.0498046875,0.029729036645057993,0.014663075698611916,-0.060706925455308314,0.07573518992118466,0.08555456391224481,-43.0
2018-10-11,5.0,extreme fear,7329.06005859375,0.021296056639894312,0.01062071304201262,-0.05773457078204636,0.08827185230562606,0.09818310097025873,-38.0
2018-10-12,11.0,extreme fear,7496.89013671875,-0.006384027335292863,-0.039485708624884874,-0.06310083914352249,0.06713981858753804,0.08694536165419109,-22.0
2018-10-15,11.0,extreme fear,7430.740234375,0.005099040908767227,-0.030935022613777896,-0.0532989016540506,0.0760812282381651,0.09332043908604959,-17.0
2018-10-16,13.0,extreme fear,7645.490234375,-0.027199066238752345,-0.06658828695735919,-0.07338054934856153,0.04611474390923376,0.06688385539780262,-10.0
2018-10-17,14.0,extreme fear,7642.7001953125,-0.06990988516028052,-0.0502008976345254,-0.06352077177402615,0.04874845469501188,0.0584662269002858,6.0
2018-10-18,12.0,extreme fear,7485.14013671875,-0.02228419106684487,-0.03169880793110469,-0.06209373037085786,0.084925555953407,0.0905594398067473,7.0
2018-10-19,14.0,extreme fear,7449.02978515625,-0.037833091334972924,-0.056456990617158365,-0.05682079114093941,0.08765973546916794,0.08796716329917387,3.0
2018-10-22,16.0,extreme fear,7468.6298828125,-0.056012930124268445,-0.07495485348417608,-0.052910631277150455,0.08703742228071931,0.08718602561207511,5.0
2018-10-23,12.0,extreme fear,7437.5400390625,-0.0370942724704344,-0.06255966846817129,-0.036662683407297836,0.09530837609723997,0.10060581344034247,-1.0
2018-10-24,6.0,extreme fear,7108.39990234375,0.027784030543200222,-0.02383376346329924,-0.0031961801354210007,0.14819793621419097,0.1596308916820528,-8.0
2018-10-25,9.0,extreme fear,7318.33984375,0.015812358719932584,-0.0323146712427842,-0.03963327897859348,0.1061784926033964,0.13768838454332677,-3.0
2018-10-26,7.0,extreme fear,7167.2099609375,0.02647896105623171,-0.011791166449091395,0.0022142670961218247,0.12312045839184882,0.1548217025153753,-7.0
2018-10-29,7.0,extreme fear,7050.2900390625,0.03951043957771572,0.0342255146030257,0.03282846436531517,0.13992048199479834,0.17782111413025037,-9.0
2018-10-30,7.0,extreme fear,7161.64990234375,0.029924676787623117,0.015559288334491495,0.014273277280741903,0.13996077877644053,0.15788407205561805,-5.0
2018-10-31,7.0,extreme fear,7305.89990234375,0.036251536593224554,0.0033726354108472023,0.005699521930952134,0.11188082887044892,0.14789423653814682,1.0
2018-11-01,6.0,extreme fear,7434.06005859375,0.013023815177122033,0.0010021047681256778,-0.0043018189544731245,0.0712530841634671,0.13440033156091435,-3.0
2018-11-02,8.0,extreme fear,7356.990234375,0.006783979097260584,-0.026989305717165735,0.00248600993050041,0.07969693735682393,0.1464851004001031,1.0
2018-11-05,9.0,extreme fear,7328.85009765625,-0.0174624912180531,-0.01918313653000081,-0.005526105659188207,0.07937667414971261,0.14760566401845243,2.0
2018-11-06,12.0,extreme fear,7375.9599609375,-0.023737905937296522,-0.055139936102067244,-0.010542324800678071,0.07334367097079397,0.14351482056824438,5.0
2018-11-07,25.0,fear,7570.75,-0.05737342578757054,-0.07267839784284913,-0.03471916225687677,0.01007430169154322,0.11948084011656701,18.0
2018-11-08,29.0,fear,7530.8798828125,-0.03609805253655485,-0.06626713112586835,-0.01543774000304221,0.02703672807571844,0.12394307240980851,23.0
2018-11-09,18.0,extreme fear,7406.89990234375,-0.021470492007854558,-0.04166248333561973,0.0018199220519348192,0.056062591026591724,0.14570062450347998,10.0
2018-11-12,11.0,extreme fear,7200.8701171875,-0.023940181382702375,-0.01812837017444857,0.031396216630178886,0.09681881163721129,0.1779270381685374,2.0
2018-11-13,10.0,extreme fear,7200.8701171875,-0.040557639315235705,-0.040302068529858404,0.03770933715557101,0.08546323679687684,0.17749930123190683,-2.0
2018-11-14,7.0,extreme fear,7136.39013671875,-0.023000443301747553,-0.05362096927424198,0.049097635653311045,0.07931037054456591,0.19679977054225328,-18.0
2018-11-15,10.0,extreme fear,7259.02978515625,-0.04408988723836882,-0.06545222198671874,0.031690190820390596,0.07255658748838756,0.17783514915050924,-19.0
2018-11-16,10.0,extreme fear,7247.8701171875,-0.02290604230580129,-0.08430615190157564,0.02922787526885262,0.06939552150220862,0.18250741496121092,-8.0
2018-11-19,8.0,extreme fear,7028.47998046875,0.007714358580293457,-0.07114907143626792,0.07100540372606523,0.08533848091682228,0.21316849339326538,-3.0
2018-11-20,7.0,extreme fear,6908.81982421875,0.05540309767370921,-0.08334702662605109,0.09345158118836294,0.10540004804490533,0.2312102757578256,-3.0
2018-11-21,13.0,extreme fear,6972.25,0.04314677157660718,-0.11177598022517843,0.0827637856771486,0.09108969093997632,0.22196993550324495,6.0
2018-11-23,9.0,extreme fear,6938.97998046875,0.05642905148824173,-0.055428912933903285,0.0887060903603687,0.08766851609851534,0.24405752123121816,-1.0
2018-11-26,17.0,extreme fear,7081.85009765625,0.05078611704698188,-0.0709362463697879,0.06363869346078843,0.06860779464229272,0.22113989540135104,7.0
2018-11-27,19.0,extreme fear,7082.7001953125,0.010692247078150974,-0.07033760600384542,0.07238057353931682,0.05230345727134167,0.22907640411792318,11.0
2018-11-28,21.0,extreme fear,7291.58984375,-0.014171131445849139,-0.0900091849181982,0.03922052482338656,0.005681912541578571,0.18841979763715377,14.0
2018-11-29,23.0,extreme fear,7273.080078125,-0.0417746092248894,-0.08347771923271208,0.041698947612087256,0.034928810948550826,0.1780415095586061,10.0
2018-11-30,22.0,extreme fear,7330.5400390625,-0.04229156622557628,-0.11827778505298026,0.023924551517070736,0.03341362847771512,0.16234814939053277,13.0
2018-12-03,20.0,extreme fear,7441.509765625,-0.05505330240812922,-0.09442303033579846,-0.00269431947534593,0.02338773240162273,0.1512005213575769,3.0
2018-12-04,20.0,extreme fear,7158.43017578125,-0.008398505777272414,-0.046792376640168,0.03488334101271695,0.08153602222030476,0.19728767129828428,1.0
2018-12-06,15.0,extreme fear,7188.259765625,-0.016405874487724015,-0.04051881472311758,0.05144503746750684,0.08832598945383219,0.20425952256677204,-6.0
2018-12-07,11.0,extreme fear,6969.25,-0.008406908024536364,-0.0017462312121103718,0.08921760378179133,0.12244069651953216,0.23712452245578786,-12.0
2018-12-10,9.0,extreme fear,7020.52001953125,-0.03800146403974125,-0.0049070717292535315,0.08872421629535343,0.10999187996960647,0.22728511043762967,-13.0
2018-12-11,8.0,extreme fear,7031.830078125,-0.03525681353510557,-0.008582416950601579,0.08519547137361161,0.1145220797062021,0.23069666196983185,-12.0
2018-12-12,10.0,extreme fear,7098.31005859375,-0.06501265465433526,-0.027103653564108265,0.08314933014907333,0.09838258569879943,0.22808390173745008,-10.0
2018-12-13,11.0,extreme fear,7070.330078125,-0.07664704701010416,-0.006576779229001906,0.09110605802361271,0.10956913366789967,0.2354274533571601,-4.0
2018-12-14,8.0,extreme fear,6910.66015625,-0.08359113439438282,0.01794760302951337,0.11768630212946607,0.15095804206476737,0.27545419243028624,-3.0
2018-12-17,10.0,extreme fear,6753.72998046875,-0.08303708620504047,0.04896997384041035,0.14440024063670265,0.1826531186940319,0.3064425698212627,1.0
2018-12-18,8.0,extreme fear,6783.91015625,-0.03383746065051674,0.05503018401191695,0.15552237284797843,0.1868287843305707,0.3012761123084782,0.0
2018-12-19,8.0,extreme fear,6636.830078125,-0.00863964318432564,0.057788097727613064,0.15155425585856852,0.2101726074636181,0.3390759778308603,-2.0
2018-12-20,5.0,extreme fear,6528.41015625,0.008594720910348075,0.07618391788774193,0.16989280027859,0.22628633981402202,0.3670954715357695,-6.0
2018-12-21,3.0,extreme fear,6332.990234375,0.04773251490906216,0.11692260672427457,0.21451632402372134,0.24502327068910912,0.412547636986502,-5.0
2018-12-24,2.0,extreme fear,6192.919921875,0.07638077441634938,0.15694372826832548,0.23421261363546764,0.2772602124086383,0.445663757283314,-8.0
2018-12-26,4.0,extreme fear,6554.35986328125,-0.013862507579155636,0.0810636467302559,0.1700867944159008,0.21564270681289277,0.3765477997298583,-4.0
2018-12-27,8.0,extreme fear,6579.490234375,0.024222184885025255,0.06821194176149303,0.17475967725225683,0.2168481066429504,0.36889330272606724,0.0
2018-12-28,12.0,extreme fear,6584.52001953125,0.03628969076010358,0.09090412920277835,0.18898722048495453,0.2288154842341883,0.3586396894290045,7.0
2018-12-31,12.0,extreme fear,6635.27978515625,0.03944373460019612,0.09742776041862511,0.18287249302802788,0.2221172439315675,0.3522564081544166,9.0
2019-01-02,12.0,extreme fear,6665.93994140625,0.04367578155187091,0.08969930437973761,0.18446158742646146,0.2256681056663037,0.3639772499614522,10.0
2019-01-03,10.0,extreme fear,6463.5,0.08084935781213742,0.13677419959193937,0.22097621801752143,0.26275083763634255,0.39564779627910585,6.0
2019-01-04,16.0,extreme fear,6738.85986328125,0.03451920976350942,0.09841727358918817,0.1780464503591539,0.20174332856200383,0.346143102929205,8.0
2019-01-07,19.0,extreme fear,6823.47021484375,0.012083251547268414,0.08086934549990343,0.16566492303427394,0.19319491755928864,0.3290275757923362,7.0
2019-01-08,22.0,extreme fear,6897.0,0.018389166032332982,0.05674207592522107,0.14677102873078884,0.18928958582535893,0.3236537964876034,10.0
2019-01-09,27.0,fear,6957.080078125,0.01115552249071805,0.04903208147051186,0.1447676532309572,0.17808620096714645,0.3228868410524912,15.0
2019-01-10,31.0,fear,6986.06982421875,0.014083760854731064,0.04606740073070914,0.13760097783878078,0.18008262955766252,0.31388041953745693,21.0
2019-01-11,30.0,fear,6971.47998046875,0.026644270731666087,0.06356471480377879,0.14526042943799133,0.18456776076580428,0.33026698971836366,14.0
2019-01-14,28.0,fear,6905.919921875,0.016571281263159987,0.07449550049196363,0.15495254156660776,0.1906885538364249,0.3396231324404362,9.0
2019-01-15,31.0,fear,7023.830078125,0.0002761942394209349,0.05739320466236464,0.1390124606494465,0.16534851639271553,0.3181839669139739,9.0
2019-01-16,36.0,fear,7034.68994140625,0.005511262024932906,0.06222309987926056,0.13666418061441465,0.1666811618898949,0.3301410525197914,9.0
2019-01-17,44.0,fear,7084.4599609375,0.011348769389206925,0.056787681885707375,0.12895832606771496,0.1499098420053686,0.32528668119468684,13.0
2019-01-18,51.0,neutral,7157.22998046875,-0.009996857007913862,0.04636428403943316,0.11988437445827382,0.1462730233380296,0.3092788125971013,21.0
2019-01-22,51.0,neutral,7020.35986328125,0.001129596763654206,0.06258227586796417,0.15675264265201871,0.1753529094402253,0.33665078628378375,23.0
2019-01-23,55.0,neutral,7025.77001953125,0.022390436657681256,0.07141850902269176,0.15318459657829164,0.18442533371668768,0.33828469229872704,24.0
2019-01-24,58.0,greed,7073.4599609375,0.029445317367696733,0.06800066765858248,0.1477664708100248,0.1647114827197782,0.316881725165717,22.0
2019-01-25,58.0,greed,7164.85986328125,0.013818868169866327,0.05365630992679171,0.1369936129655145,0.16264799589849366,0.2755740858449982,14.0
2019-01-28,55.0,neutral,7085.68017578125,0.03695620699566482,0.066165784824187,0.15187955075270443,0.17043528248303952,0.30822722131654046,4.0
2019-01-29,55.0,neutral,7028.2900390625,0.05318363883462607,0.07174429957944795,0.15182926312451817,0.1771868129486176,0.3196894414857143,4.0
2019-01-30,58.0,greed,7183.080078125,0.0267572830792413,0.05739460162594545,0.1206390641853945,0.13814962842639367,0.2945602146102344,3.0
2019-01-31,58.0,greed,7281.740234375,0.0009077312659475645,0.0406262212495887,0.1036880966437077,0.11389858139915998,0.25669690694108316,0.0
2019-02-01,61.0,greed,7263.8701171875,0.00472614151563211,0.04301973205087295,0.12391877446743527,0.10190156143896578,0.27664733000699226,3.0
2019-02-04,62.0,greed,7347.5400390625,-0.005395021532105582,0.021555497754417008,0.10557955395626273,0.05151383973244661,0.2885904229479441,7.0
2019-02-05,64.0,greed,7402.080078125,0.0016941236693126527,0.0026181671378795457,0.07588133086534743,0.05825253669985608,0.28459562543784545,9.0
2019-02-06,63.0,greed,7375.27978515625,0.006115035492893384,0.0044554718627265455,0.07701945629313722,0.06610600643924203,0.29786945979869794,5.0
2019-02-07,63.0,greed,7288.35009765625,0.019016663003170065,0.03700562642074945,0.08537456869612314,0.10301509237806661,0.30626405675635104,5.0
2019-02-08,63.0,greed,7298.2001953125,0.02387026339033449,0.04012353484518405,0.08477977166084805,0.09056204594534956,0.3192827533864635,2.0
2019-02-11,62.0,greed,7307.89990234375,0.02447626809038983,0.04591062526713685,0.04640459252578699,0.07601503322836844,0.31897543186054733,0.0
2019-02-12,67.0,greed,7414.6201171875,0.01004093343348389,0.02917075125145363,0.04314045927262322,0.08115584299442169,0.31172734505874233,3.0
2019-02-13,65.0,greed,7420.3798828125,0.005300278253421942,0.03613695074626211,0.05414413087689107,0.047647164185311564,0.30882379068730814,2.0
2019-02-14,67.0,greed,7426.9501953125,0.013543896364551777,0.03871438175763231,0.06343109849751416,0.0457347784679345,0.3102524497393033,4.0
2019-02-15,67.0,greed,7472.41015625,0.010980366839054234,0.03366250430620554,0.04601856987449149,0.05668587099313771,0.3024900976874827,4.0
2019-02-19,69.0,greed,7486.77001953125,0.008352037660182443,0.032350425441232344,0.028798782748605145,0.06892692545867862,0.3112703691831391,7.0
2019-02-20,70.0,greed,7489.06982421875,0.008738059991726166,0.04672010609211408,0.0396111129403105,0.06135478038795461,0.3020268144688727,3.0
2019-02-21,70.0,greed,7459.7099609375,0.009761750068041364,0.024526417500889908,0.03902697079872963,0.07513696952495974,0.2837750923155813,5.0
2019-02-22,69.0,greed,7527.5400390625,0.009008262758067653,0.014613007626552488,0.013382824345135713,0.06162040922389034,0.22500580874837084,2.0
2019-02-25,70.0,greed,7554.4599609375,0.0030591019610595183,0.018142932691742164,0.010927293958052253,0.026118353874929223,0.18679699117101123,3.0
2019-02-26,70.0,greed,7549.2998046875,0.0035844461465086574,0.01246209324824843,0.007689493657770052,0.040326975688323774,0.1896176474354836,1.0
2019-02-27,72.0,greed,7554.509765625,-0.006431898992453,0.015177709713439569,-0.0009530343138889341,0.03606328380528079,0.13395584022271456,2.0
2019-02-28,72.0,greed,7532.52978515625,-0.014745354799343247,0.026125358236259277,0.004671794296366105,0.04305991571323364,0.13738283970287468,2.0
2019-03-01,71.0,greed,7595.35009765625,-0.024647969946147485,0.030750400651817333,-0.018722006686219705,0.049772562712962376,0.1786382203287027,2.0
2019-03-04,65.0,greed,7577.56982421875,-0.002574673157434315,0.03577929646005629,-0.032272854009987695,0.050848763855960266,0.146025710775332,-5.0
2019-03-05,63.0,greed,7576.35986328125,0.0019362757497960459,0.04212972287037209,-0.006499129790862979,0.03930651372726324,0.19029322873852372,-7.0
2019-03-06,61.0,greed,7505.919921875,0.018317572770034873,0.05140740472819494,0.009267359539904874,0.06274513528514336,0.16422636195232365,-11.0
2019-03-07,58.0,greed,7421.4599609375,0.02822223611188779,0.06969383156294917,0.026152515107752627,0.09369721333100856,0.1555165913883343,-14.0
2019-03-08,55.0,neutral,7408.14013671875,0.037848858588370504,0.07366757863944406,0.04508013546911904,0.09380622864510246,0.07323566091486011,-16.0
2019-03-11,59.0,greed,7558.06005859375,0.020695776517037023,0.04646956015692849,0.03507644305893165,0.07004176716095012,0.1040200706677803,-6.0
2019-03-12,59.0,greed,7591.02978515625,0.01751019478492455,0.04916466668969455,0.030501795621361127,0.06496224953010099,0.047558767354226594,-4.0
2019-03-13,60.0,greed,7643.41015625,0.01119396406115758,0.03976624318436062,0.019534482062520064,0.06885277759180841,-0.05777661312619686,-1.0
2019-03-14,60.0,greed,7630.91015625,0.027264087825368932,0.0462919878188679,0.02702426346791653,0.0738522088156055,0.03197124871961443,2.0
2019-03-15,65.0,greed,7688.52978515625,-0.005964711663052791,0.03739076110802997,0.014063855394370828,0.06349460682635955,-0.10196226890084403,10.0
2019-03-18,67.0,greed,7714.47998046875,-0.009973444950410637,0.037040733882705235,0.016921430788983338,0.05691375954119349,-0.04921915621970785,8.0
2019-03-19,67.0,greed,7723.9501953125,-0.004198651591633906,0.03523195721505945,0.02976840627992905,0.05982299374472544,-0.0950433823366722,8.0
2019-03-20,64.0,greed,7728.97021484375,-0.011073963238578788,0.0348157434004861,0.03342613597848132,0.05801806830796097,-0.07483404912182634,4.0
2019-03-21,64.0,greed,7838.9599609375,-0.021659766079758613,0.0224915115617792,0.02709286485334972,0.043873157101043336,-0.12239378006613855,4.0
2019-03-22,59.0,greed,7642.669921875,0.01133764812945004,0.06256320202645149,0.05090368196446393,0.062151055175161396,-0.10232026346731848,-6.0
2019-03-25,55.0,neutral,7637.5400390625,0.025056512464580294,0.0608140480032775,0.048204023071175994,0.06218231517556738,-0.028763211015286005,-12.0
2019-03-26,51.0,neutral,7691.52001953125,0.020434182252129007,0.05553650710981728,0.025118597471228465,0.03927830422518519,-0.03994271796258986,-16.0
2019-03-27,52.0,neutral,7643.3798828125,0.03299193887275553,0.0658112022748445,0.034878592470685144,0.056781163131238044,0.020169108249696865,-12.0
2019-03-28,48.0,neutral,7669.169921875,0.029026591606256202,0.06424165598104215,0.03893378902693545,0.047135509847540336,-0.021748121473584736,-16.0
2019-03-29,49.0,neutral,7729.31982421875,0.027087780289731134,0.047361258276953366,0.03582726765795852,0.027209387549829822,0.005800002994381437,-10.0
2019-04-01,56.0,greed,7828.91015625,0.015962595568009386,0.028194215550236823,0.033497638210937986,0.021769273640717568,-0.01645312770525509,1.0
2019-04-02,56.0,greed,7848.68994140625,0.007719739753045296,0.02396324476174949,0.033177498956863394,0.007643343643697564,-0.06218997908252133,5.0
2019-04-03,64.0,greed,7895.5498046875,0.008699891886783995,0.03400019022780709,0.034789239834593255,-0.013969870042744414,-0.05170504349822258,12.0
2019-04-04,70.0,greed,7891.77978515625,0.0070427811771358595,0.029335620127376227,0.034214114085407754,-0.0024734622686717334,-0.0657265814749265,22.0
2019-04-05,74.0,greed,7938.68994140625,0.0057276723463639545,0.003157929633703427,0.020115402237004698,0.005514798255207509,-0.0032057817119812704,25.0
2019-04-08,72.0,greed,7953.8798828125,0.002782275208897733,-0.0013276613111256053,0.023617416961774218,0.0003030164253809975,-0.008375801265425031,16.0
2019-04-09,70.0,greed,7909.27978515625,0.011499175371592063,0.00016563563678806403,0.037076762517822104,-0.010810086673183839,0.0229629147180197,14.0
2019-04-10,72.0,greed,7964.240234375,0.003997850744453135,-0.005939084153262275,0.02910507441588872,-0.007596455935479196,0.023773748427725394,8.0
2019-04-11,68.0,greed,7947.35986328125,0.006379501643904106,-0.03779114686093976,0.037343191985988344,0.00043032175890278523,0.030835404814872902,-2.0
2019-04-12,72.0,greed,7984.16015625,0.0038964478006990877,-0.031270655521552726,0.03432174055564108,0.00912805872956457,0.06657933554963558,-2.0
2019-04-15,70.0,greed,7976.009765625,0.01815570226830121,-0.01929033035345007,0.030941541737588674,0.009107327956369149,0.052303085644769265,-2.0
2019-04-16,69.0,greed,8000.22998046875,0.012722107415002792,-0.012772154804387648,0.023121832862348812,0.018559464019314298,0.06651438426056,-1.0
2019-04-17,71.0,greed,7996.080078125,0.015332524994546848,-0.02248605456824182,0.02640795917335481,0.016020362027976187,0.08179752627813475,-1.0
2019-04-18,70.0,greed,7998.06005859375,0.01854697797506688,-0.036968986681157445,0.0185582722177442,0.01985356922793846,0.07035086083801945,2.0
2019-04-22,71.0,greed,8015.27001953125,0.0182876032582584,-0.028639060708889774,0.02356372629319048,0.009266065815658475,0.030936006973505625,-1.0
2019-04-23,73.0,greed,8120.81982421875,-0.0031314187545647965,-0.04555943715994748,0.016079727075931416,0.005192875974231681,0.046123429247463266,3.0
2019-04-24,70.0,greed,8102.009765625,-0.006463782496096582,-0.058470675076038425,0.027090838041969212,0.0002826507408342227,0.04847442125302148,1.0
2019-04-25,71.0,greed,8118.68017578125,-0.010089097547449355,-0.059328659305131426,0.014763466559355676,0.00013670489010775277,0.06353734157524094,0.0
2019-04-26,72.0,greed,8146.39990234375,0.002160475531183481,-0.06617030972570026,0.022563348325297383,0.0048364802631915005,0.07165867879114307,2.0
2019-04-29,69.0,greed,8161.85009765625,-0.004724426218612243,-0.0752942080177349,0.016109090328246145,0.009957303620975244,0.0546298162498462,-2.0
2019-04-30,65.0,greed,8095.39013671875,-0.016259916924411866,-0.06518153084205491,0.022015024826955054,0.028485359415885814,0.10120819508160728,-8.0
2019-05-01,65.0,greed,8049.64013671875,-0.013208082683723421,-0.07410147835728531,0.015625516547317586,0.02822604101515358,0.10434126913791708,-5.0
2019-05-02,59.0,greed,8036.77001953125,-0.015700359158542843,-0.08756627330254829,0.009251241167230306,0.03324848770953581,0.07069757805691057,-12.0
2019-05-03,58.0,greed,8164.0,-0.030262133585711615,-0.07801076467571044,-0.019589683461691543,0.01572272802088448,0.06696594327994854,-14.0
2019-05-06,40.0,fear,8123.2900390625,-0.058630187675314804,-0.06743696900633778,-0.04890259957354004,0.0323896291154544,0.08442762413099203,-29.0
2019-05-07,42.0,fear,7963.759765625,-0.028789106903955752,-0.04372431755670525,-0.01638544480673554,0.058947085736288374,0.11183535277606449,-23.0
2019-05-08,42.0,fear,7943.31982421875,-0.015254317408391338,-0.02533194319445531,-0.010133010866356096,0.06185824997038658,0.13046690237393,-23.0
2019-05-09,40.0,fear,7910.58984375,-0.0015852217483387498,-0.011050999179798016,0.01625293625880264,0.06321147334639932,0.15305185740435956,-19.0
2019-05-10,41.0,fear,7916.93994140625,-0.012714528213551235,-0.011920024388960782,0.00533036698835998,0.0653762177905084,0.1610975846454643,-17.0
2019-05-13,35.0,fear,7647.02001953125,0.007239403472183437,0.019053199146905175,0.02829731531577906,0.10831533704184326,0.1772624867849295,-5.0
2019-05-14,35.0,fear,7734.490234375,0.00662357555783899,0.013270383092777172,0.0364432070330265,0.09435528612073707,0.14592812884858541,-7.0
2019-05-15,35.0,fear,7822.14990234375,-0.009116427003320826,-0.0032586624408863507,-0.006163262215552079,0.08487947043910693,0.14338383158352586,-7.0
2019-05-16,37.0,fear,7898.0498046875,-0.034156535626192364,-0.006714288522816969,-0.016640777248833838,0.07394860998988206,0.14136524752760482,-3.0
2019-05-17,36.0,fear,7816.27978515625,-0.02293546603483898,0.01760429532186958,0.010198003578393733,0.08478966520010545,0.18148663199885595,-5.0
2019-05-20,33.0,fear,7702.3798828125,-0.012337717251301061,0.03699375332578447,0.0390048504945395,0.10885599101434384,0.19250150591392146,-2.0
2019-05-21,34.0,fear,7785.72021484375,-0.030621464639258744,0.03411625663093276,0.020915193361243478,0.09815665009214403,0.20422774190655413,-1.0
2019-05-22,32.0,fear,7750.83984375,-0.023625778960445265,0.036237378509889284,0.03475366832727311,0.10577180396277619,0.1979192023041858,-3.0
2019-05-23,28.0,fear,7628.27978515625,-0.02295797843614522,0.049476477107023076,0.04760055501229399,0.1177789369160307,0.2223712431070728,-9.0
2019-05-24,27.0,fear,7637.009765625,-0.03980481306466843,0.032435528671669545,0.015026857032813812,0.11381420503413042,0.2230205293967058,-9.0
2019-05-28,23.0,extreme fear,7607.35009765625,-0.010546376785454892,0.03977996454780408,0.03238843139277381,0.11995369917803456,0.23727187926612658,-10.0
2019-05-29,25.0,fear,7547.31005859375,0.0037324452892888438,0.05570855096280347,0.0370516295935579,0.14378370139247276,0.24136813800394918,-9.0
2019-05-30,24.0,extreme fear,7567.72021484375,0.006320211171382262,0.05794611944970063,0.03820961396030165,0.14273908680416936,0.2539932565917986,-8.0
2019-05-31,24.0,extreme fear,7453.14990234375,0.03876886941743063,0.08560276691947633,0.06980139151788745,0.1679866635665721,0.2816124631659054,-4.0
2019-06-03,25.0,fear,7333.02001953125,0.06684147882294766,0.1058322249430268,0.08589365112922631,0.18170545061684207,0.31028960199493616,-2.0
2019-06-04,28.0,fear,7527.1201171875,0.039251360737105445,0.08543903289290777,0.04610528776737133,0.13828265006835316,0.2864030340289041,5.0
2019-06-05,29.0,fear,7575.47998046875,0.028676761727981948,0.07739576371469337,0.05298672867972032,0.12476564790687572,0.26933337492860754,4.0
2019-06-06,29.0,fear,7615.5498046875,0.029095742764181587,0.06340055419607515,0.06582325456383376,0.12489185174812589,0.2886896323735244,5.0
2019-06-07,32.0,fear,7742.10009765625,0.007047191059989855,0.0516177623347287,0.0466242649939097,0.10702523697763744,0.2819196180380694,8.0
2019-06-10,37.0,fear,7823.169921875,0.0027929979630318957,0.04849189719141078,0.0337804268819859,0.10652463897432085,0.2723422985058157,12.0
2019-06-11,36.0,fear,7822.56982421875,0.016786051328965268,0.04774265020779778,0.033440459837298375,0.10217361709341755,0.28095368076509875,8.0
2019-06-12,34.0,fear,7792.72021484375,0.024971974356826188,0.057928351223732744,0.04837334724522235,0.10567035001304248,0.2181536366040746,5.0
2019-06-13,39.0,fear,7837.1298828125,0.027332705230173726,0.05372637089994159,0.04559575368703239,0.10423712941986274,0.2235103556649718,10.0
2019-06-14,38.0,fear,7796.66015625,0.03014749905433267,0.05465669144189844,0.04874520590497222,0.11808391513794225,0.24745972459160948,6.0
2019-06-17,40.0,fear,7845.02001953125,0.020481805703645772,0.04336380793921513,0.039326861979083194,0.11342990343757209,0.261420632777275,3.0
2019-06-18,44.0,fear,7953.8798828125,-0.008695085793060109,0.03185368088220497,0.02918577350160656,0.10816740994500407,0.24599948948853445,8.0
2019-06-19,42.0,fear,7987.31982421875,-0.009684050604867989,0.019927887408943024,0.023796507049045124,0.1046709717080252,0.24485434707881404,8.0
2019-06-20,45.0,neutral,8051.33984375,-0.010380890602932458,0.01897818346422353,0.016337658279896194,0.09643120346332101,0.23533726189788862,6.0
2019-06-21,52.0,neutral,8031.7099609375,-0.003171146205026454,0.02735288385113166,0.010702572846326586,0.10651651638141835,0.2520970649662453,14.0
2019-06-24,50.0,neutral,8005.7001953125,0.010674888998158938,0.03944686872890979,0.013335468855992128,0.11482565462084704,0.26551955107182534,10.0
2019-06-25,44.0,fear,7884.72021484375,0.02845625751993741,0.04487411278749631,0.013812749850491413,0.13455520891964512,0.25675606132732876,0.0
2019-06-26,48.0,neutral,7909.97021484375,0.03290274913255686,0.05312785442669976,0.021164386643908184,0.13184748357353349,0.2663764499646566,6.0
2019-06-27,47.0,neutral,7967.759765625,0.02435192314339063,0.040860959928108675,0.0078943633436801,0.13236215872903823,0.22458758968332582,2.0
2019-06-28,50.0,neutral,8006.240234375,0.01150847910382402,0.033395215402048484,-0.00831980425424994,0.1249500206747911,0.2333067834050344,-2.0
2019-07-01,55.0,neutral,8091.16015625,0.00625000905212425,0.010413805189595005,-0.011348225807775392,0.10564987734975051,0.24318012954917534,5.0
2019-07-02,62.0,greed,8109.08984375,0.011522924457362915,0.0002503700756337768,-0.02471419996945945,0.10648664427988064,0.2522527285400691,18.0
2019-07-03,62.0,greed,8170.22998046875,0.003159036973922502,-0.020337267940708226,-0.04711984624533938,0.11284387972220267,0.24936873346457,14.0
2019-07-05,61.0,greed,8161.7900390625,0.010089650552252971,-0.053389023475792885,-0.035473869341382414,0.10524400751261753,0.2783531971159916,14.0
2019-07-08,59.0,greed,8098.3798828125,0.019733644159391828,-0.032736160456476315,-0.014312698298427518,0.12015858206592966,0.2772788876440251,9.0
2019-07-09,56.0,greed,8141.72998046875,0.009957321651937523,-0.03425560697945096,-0.02277647893643031,0.11383945425354036,0.28873102217471325,1.0
2019-07-10,58.0,greed,8202.5302734375,-0.002111581661099038,-0.019917039223438904,-0.04617483577083148,0.11297854808759356,0.2859141811590864,-4.0
2019-07-11,62.0,greed,8196.0400390625,0.0013665374082019177,-0.028904190464502322,-0.03566354035539032,0.12291175294852885,0.2954354028389996,0.0
2019-07-12,64.0,greed,8244.1396484375,-0.011844706449266384,-0.04618183442097068,-0.035584048280507985,0.1133800181686826,0.2603910519297621,3.0
2019-07-15,57.0,greed,8258.1904296875,-0.006545111996411723,-0.029283723651720273,-0.024357683724739676,0.12299780036083963,0.2700821284550956,-2.0
2019-07-16,55.0,neutral,8222.7998046875,0.003478205309242144,-0.05458722989040454,-0.021178905783948876,0.12508273311617946,0.2830775994765886,-1.0
2019-07-17,47.0,neutral,8185.2099609375,0.01665076885173633,-0.051139780866666595,-0.00445926252034945,0.13114999364683944,0.2796043263532082,-11.0
2019-07-18,47.0,neutral,8207.240234375,0.0038136820409380157,-0.037923832020460235,-0.010120339629619113,0.14010673692983078,0.27974692219879227,-15.0
2019-07-19,44.0,fear,8146.490234375,0.0225520096724936,-0.0176370647539692,0.0012716965199977004,0.15251355609190398,0.32168449651079123,-20.0
2019-07-22,44.0,fear,8204.1396484375,0.010871393407410723,-0.03115251577810796,-0.013968510323544514,0.14220502963978632,0.301825762265834,-13.0
2019-07-23,50.0,neutral,8251.400390625,0.0026916595833519352,-0.028018326434646412,-0.01071456383942404,0.137233570911377,0.29749247109333,-5.0
2019-07-24,57.0,greed,8321.5,-0.017554536817280586,-0.03966951430406174,-0.02610108698101299,0.12990211725650425,0.2571555515081416,10.0
2019-07-25,55.0,neutral,8238.5400390625,-0.015466323070695398,-0.05908450007201049,-0.014413961628753968,0.13065059004192014,0.2578903104632204,8.0
2019-07-26,60.0,greed,8330.2099609375,-0.0391514905684377,-0.057197805193000995,-0.017335716257714573,0.09712835728860103,0.2648264066160735,16.0
2019-07-29,58.0,greed,8293.330078125,-0.06840316660720147,-0.056235538489255665,-0.006054258116403366,0.11772708914001617,0.25427177572338455,14.0
2019-07-30,53.0,neutral,8273.6103515625,-0.05322227097002341,-0.05036863606603115,0.0063309583829516125,0.12105353795134355,0.2742853460214536,3.0
2019-07-31,48.0,neutral,8175.419921875,-0.0382353257370428,-0.02471185420282551,0.012406663935219386,0.13742532816189912,0.29507837780695034,-9.0
2019-08-01,43.0,fear,8111.1201171875,-0.008871766155332472,-0.01827617298637685,0.023777277216475712,0.12819688248687333,0.3247577863482414,-12.0
2019-08-02,36.0,fear,8004.06982421875,-0.005613355266348541,-0.016230451610463104,0.036017992555666956,0.15858564383902607,0.3621570081382548,-24.0
2019-08-05,22.0,extreme fear,7726.0400390625,0.017780145649383572,0.03246680608458741,0.0854720333086223,0.22546216155920562,0.41614201668085493,-36.0
2019-08-06,27.0,fear,7833.27001953125,0.023373360460380965,0.036199449002361606,0.0765874499775192,0.21388381401270884,0.404062462190363,-26.0
2019-08-07,25.0,fear,7862.830078125,-0.011305107173312678,0.030553851947292543,0.07272821664631035,0.21739250314660374,0.4127318283786279,-23.0
2019-08-08,25.0,fear,8039.16015625,-0.03390155610354584,0.0060055757340169436,0.04620752906305814,0.1842667120175896,0.3696680069484093,-18.0
2019-08-09,25.0,fear,7959.14013671875,-0.007934261900027884,0.0157077294008785,0.05972748140695905,0.20972736791224755,0.3780835822906288,-11.0
2019-08-12,23.0,extreme fear,7863.41015625,0.017727665169920304,0.03894875295139233,0.07781603679621751,0.225796472288333,0.37126515064581644,1.0
2019-08-13,27.0,fear,8016.35986328125,-0.008457679775337401,0.02221829687275867,0.05587578624157574,0.21326389119418576,0.3737207937503293,0.0
2019-08-14,21.0,extreme fear,7773.93994140625,0.031678919748214796,0.05181028186055059,0.0916073326667517,0.2492982708592517,0.4204509017601814,-4.0
2019-08-15,19.0,extreme fear,7766.6201171875,0.02894051931725561,0.04981831427788608,0.09212237516344413,0.25294910020961847,0.4188024698545294,-6.0
2019-08-16,20.0,extreme fear,7895.990234375,-0.018264994074573604,0.03673127455168479,0.07383865475628326,0.23261806885268843,0.4095420762169881,-5.0
2019-08-19,26.0,fear,8002.81005859375,-0.018627185092150556,0.021814847140790183,0.06722888780216674,0.2267165677583345,0.4008629171088891,3.0
2019-08-20,23.0,extreme fear,7948.56005859375,-0.015299609285806315,0.029479531197026176,0.07565903341744962,0.22675926893450815,0.40232443093718273,-4.0
2019-08-21,25.0,fear,8020.2099609375,-0.02036481325557571,0.012151796700108797,0.06863289090852631,0.1940572491733834,0.4045704850843723,4.0
2019-08-22,25.0,fear,7991.39013671875,-0.002252424132979547,0.015150032991439133,0.06698963795691504,0.15390190138104565,0.41549838152841123,6.0
2019-08-23,18.0,extreme fear,7751.77001953125,0.027233762450297183,0.03120059840163769,0.09732486122593609,0.15658879571670403,0.46801565292705005,-2.0
2019-08-26,19.0,extreme fear,7853.740234375,0.0026000251174114197,0.028475559639552728,0.08481814123694553,0.1435036053432941,0.4600011439613143,-7.0
2019-08-27,16.0,extreme fear,7826.9501953125,0.019155569379985637,0.026026735299721215,0.10291876388135601,0.0944851129729174,0.4903709975436683,-7.0
2019-08-28,18.0,extreme fear,7856.8798828125,0.033085677672272995,0.010532170687886033,0.10068243583791814,0.09042905644125332,0.4796382300792561,-7.0
2019-08-29,26.0,fear,7973.39013671875,0.01626405898575123,0.0032545387327465036,0.09177897208506591,0.12275578748477534,0.4668327627607527,1.0
2019-08-30,23.0,extreme fear,7962.8798828125,0.01564258916709349,-0.006806545851361867,0.08823313350067075,0.09057149819554566,0.4787941215029845,5.0
2019-09-03,25.0,fear,7874.16015625,0.026669510885337422,-0.011291382761554392,0.08811480391013915,0.14527640596591396,0.516310271184675,6.0
2019-09-04,28.0,fear,7976.8798828125,0.02416988795132413,-0.01311541839973307,0.06816697425726814,0.09548971178301557,0.5114230885769113,12.0
2019-09-05,39.0,fear,8116.830078125,0.009565267190542848,-0.01655324332134933,0.05542063088918492,0.05652330215695245,0.4116470961064935,21.0
2019-09-06,35.0,fear,8103.06982421875,0.009087930662852184,-0.018114096057465723,0.057710272925956874,-0.01880640939092393,0.3961535724398433,9.0
2019-09-09,45.0,neutral,8087.43994140625,0.008173179415877918,-0.03260118877669893,0.07036717875549336,0.03175418432215227,0.34130089475524383,22.0
2019-09-10,55.0,neutral,8084.16015625,0.012599931385884444,-0.02231770751542006,0.06650906358644049,-0.01634187707926138,0.37819629435455626,30.0
2019-09-11,57.0,greed,8169.68017578125,0.0009437286125784095,-0.026794242358951004,0.05465324249073822,-0.11847224741587803,0.3365994272481765,29.0
2019-09-12,65.0,greed,8194.4697265625,-0.0014143494499017084,-0.016771028765231732,0.056084175481820875,-0.0390006741637039,0.3244969066766519,26.0
2019-09-13,68.0,greed,8176.7099609375,-0.007220512815613089,-0.015661563049873317,0.06611587718595269,-0.15557848123081097,0.3522126189440258,33.0
2019-09-16,67.0,greed,8153.5400390625,-0.005038311939132067,-0.0005923903116756835,0.07129907266842128,-0.10041776332533858,0.3724492991864514,22.0
2019-09-17,66.0,greed,8186.02001953125,-0.023502280260703112,-0.007554323542143138,0.0767418657320511,-0.1461247557332197,0.3499197045935487,11.0
2019-09-18,66.0,greed,8177.39013671875,-0.012230094471972985,-0.0025118086234224846,0.07899466749704942,-0.12556696469489548,0.3342007769015831,9.0
2019-09-19,63.0,greed,8182.8798828125,-0.018602219358275773,-0.011406722949221515,0.0788060390470815,-0.15927887026899368,0.31900754111128315,-2.0
2019-09-20,58.0,greed,8117.669921875,-0.021932406808353733,0.00558292132301097,0.09479934662208489,-0.15484738996503333,0.3278194245914643,-10.0
2019-09-23,59.0,greed,8112.4599609375,-0.013943996978991291,-0.0010058793866831728,0.1001545775156103,-0.08562138993607804,0.3514568578740338,-8.0
2019-09-24,54.0,neutral,7993.6298828125,-0.010627175423008284,0.015782586647058006,0.11909739652313478,-0.07622695659642076,0.3301829569614574,-12.0
2019-09-25,59.0,greed,8077.3798828125,-0.03616641622045169,0.013422659754520394,0.10838910794117007,-0.034644878390015954,0.3212538825812874,-7.0
2019-09-26,57.0,greed,8030.66015625,-0.019724454471121144,0.026456101591118886,0.12349289758148574,-0.06578291985452234,0.35898660358810397,-6.0
2019-09-27,52.0,neutral,7939.6298828125,0.0053957593318032515,0.04866226225467796,0.13438790600110861,-0.02084227891113366,0.4002580016361259,-6.0
2019-09-30,54.0,neutral,7999.33984375,-0.005381669678796719,0.03469158343632839,0.11834106427727686,-0.03740805515689527,0.3857706031405912,-5.0
2019-10-01,48.0,neutral,7908.68017578125,-0.010735089640492745,0.04998309252399391,0.13452553522796262,-0.06930361140847452,0.4120573240302805,-6.0
2019-10-02,34.0,fear,7785.25,0.015219836790726138,0.06513732398606331,0.16787391923027517,-0.038269797553867946,0.4548678289875083,-25.0
2019-10-03,29.0,fear,7872.259765625,0.009974266839378965,0.06531042423740208,0.14589327585963074,-0.0634099613531196,0.4068412197994491,-28.0
2019-10-04,32.0,fear,7982.47021484375,0.009341697771710233,0.05646497491849045,0.13642387411527168,-0.008672751492390662,0.41967209765490154,-20.0
2019-10-07,30.0,fear,7956.2900390625,0.011608408294292438,0.06012722589156261,0.13980008692513213,-0.008676188663131468,0.40198504008903146,-24.0
2019-10-08,29.0,fear,7823.77978515625,0.041531099379577,0.07500851426949118,0.16685802579662945,0.03414208023777676,0.45257150909802046,-19.0
2019-10-09,30.0,fear,7903.740234375,0.0278905853266167,0.0671554581926328,0.16443979870092162,0.031610330848601986,0.4450095942017167,-4.0
2019-10-10,36.0,fear,7950.77978515625,0.025918251802763193,0.06597211837454275,0.15446039251382881,0.03039200471504455,0.456453422506649,7.0
2019-10-11,42.0,fear,8057.0400390625,0.004033739418251914,0.05054464572604833,0.15103433054046178,0.056931601815134236,0.47402268178462426,10.0
2019-10-14,42.0,fear,8048.64990234375,0.014206150524444405,0.05434948056056821,0.14942632495805697,0.042805910225505395,0.4740236604365482,12.0
2019-10-15,42.0,fear,8148.7099609375,-0.005449961584458096,0.04091318135455446,0.13621668211237914,0.047081119890646006,0.4442446135849485,13.0
2019-10-16,47.0,neutral,8124.18017578125,-0.0005403790442557455,0.04367694312424919,0.15176296935249667,0.06474000591766438,0.44185257635070263,17.0
2019-10-17,50.0,neutral,8156.85009765625,0.003549128240025956,0.04707454174977199,0.15104977010491738,0.04951425688327893,0.43089053134201283,14.0
2019-10-18,50.0,neutral,8089.5400390625,0.018985019838383632,0.056913049246537284,0.1583859558223395,0.021470989555498754,0.418978066414613,8.0
2019-10-21,56.0,greed,8162.990234375,0.01996817285332453,0.04994124826442525,0.1495505031641715,0.040719104016293084,0.4108175930283666,14.0
2019-10-22,59.0,greed,8104.2998046875,0.02129114283108069,0.05212426418605198,0.16018418559881464,0.048178152921571904,0.41711075681637455,17.0
2019-10-23,55.0,neutral,8119.7900390625,0.022684137003715632,0.047589890873534824,0.14718608627046303,0.06339197069274594,0.41703291714097923,8.0
2019-10-24,57.0,greed,8185.7998046875,0.013017731854861658,0.040812148610535726,0.11648339665954022,0.06650056983445629,0.4107699368392219,7.0
2019-10-25,62.0,greed,8243.1201171875,0.01738180099289721,0.04723576893846726,0.12453531620533465,0.04423208037479176,0.3779904051141132,12.0
2019-10-28,67.0,greed,8325.990234375,0.012876541758945148,0.03866680647736387,0.11400084496330787,0.07070867368206724,0.372971777240273,11.0
2019-10-29,71.0,greed,8276.849609375,0.019068858995121785,0.05175037584829867,0.12348660738831274,0.0740257736009251,0.3295964813378429,12.0
2019-10-30,75.0,greed,8303.98046875,0.01284316773911609,0.04353204576683156,0.10199445484305114,0.03624403112400443,0.3470154326403141,20.0
2019-10-31,72.0,greed,8292.3603515625,0.017143391466425184,0.03323901411985353,0.11830648904176555,0.05045000357421414,0.3158605488838855,15.0
2019-11-01,80.0,extreme greed,8386.400390625,0.010601590139541761,0.01600677901839309,0.12896705207952697,0.05040538334361555,0.30659279800327766,18.0
2019-11-04,86.0,extreme greed,8433.2001953125,0.0036854429404242772,0.015826699647980336,0.1275292258311731,0.049944201888995066,0.3234086768986557,19.0
2019-11-05,89.0,extreme greed,8434.6796875,0.006095092896792442,0.016126339452354088,0.13485641959951433,0.06461187489521958,0.37418143935148684,18.0
2019-11-06,88.0,extreme greed,8410.6298828125,0.008497547455815546,0.0292368578871256,0.13196156509996815,0.08449907314787786,0.41379775987998824,13.0
2019-11-07,91.0,extreme greed,8434.51953125,0.005275937750233162,0.022207613152238403,0.14154571730662258,0.08984747853061048,0.4103032691640611,19.0
2019-11-08,91.0,extreme greed,8475.3095703125,0.007730750985427859,0.01662123560429496,0.13729656123134326,0.0622089647582702,0.3821064795637419,11.0
2019-11-11,89.0,extreme greed,8464.2802734375,0.010120193741553818,0.02242004342005699,0.14905929940190998,0.04712623348370104,0.3650139147472091,3.0
2019-11-12,88.0,extreme greed,8486.08984375,0.009965757381450002,0.02724817589814954,0.1444575658971321,0.05392706078283438,0.38891172548458197,-1.0
2019-11-13,87.0,extreme greed,8482.099609375,0.005261770249157527,0.029801615764817324,0.14726071794116047,0.06277454704127594,0.38050605192230424,-1.0
2019-11-14,83.0,extreme greed,8479.01953125,0.003206789368427332,0.03953416267819154,0.1478615184815093,0.08913890858364093,0.39512475416112114,-8.0
2019-11-15,87.0,extreme greed,8540.830078125,-0.0024529460393033498,0.03307995485838355,0.14944093228643207,0.07543406499798189,0.3961324337025387,-4.0
2019-11-18,83.0,extreme greed,8549.9404296875,0.009655015185938254,0.032491431603770105,0.14047224150296178,0.09659012838060033,0.3917453509304649,-6.0
2019-11-19,80.0,extreme greed,8570.66015625,0.009015586879110193,0.03693526105823408,0.1173689854878266,0.0833331054483204,0.37697673157287603,-8.0
2019-11-20,74.0,greed,8526.73046875,0.020928211511318073,0.04670365665327281,0.08145558338368808,0.09357154866382977,0.396163512446841,-13.0
2019-11-21,70.0,greed,8506.2099609375,0.01872276446929444,0.05166113130354333,0.05400764767560107,0.098047164301724,0.3936841179565618,-13.0
2019-11-22,69.0,greed,8519.8798828125,0.005646834488776564,0.050822312750383736,0.054097052653851785,0.10475270555755567,0.39445978654931246,-18.0
2019-11-25,70.0,greed,8632.490234375,-0.012956931650163428,0.04516650508446585,-0.007646665542944464,0.08531721206787135,0.39435895231383067,-13.0
2019-11-26,69.0,greed,8647.9296875,-0.009396441525473476,0.041477028913170066,-0.009315474711703908,0.09735745549648356,0.3985313049095023,-11.0
2019-11-27,78.0,extreme greed,8705.1796875,-0.015448215546957966,0.0276629036412408,0.028372789906871088,0.09728347347080546,0.4021364345760381,4.0
2019-11-29,79.0,extreme greed,8665.4697265625,-0.0010316178357414607,0.035442958374321654,0.0021487718236927744,0.10881235362921782,0.4077413711321234,9.0
2019-12-02,74.0,greed,8567.990234375,0.006283835797803894,0.061181231650964785,0.05253269402306149,0.1301261896170134,0.4420079871232201,5.0
2019-12-03,63.0,greed,8520.6396484375,0.01121277779656138,0.05869628378242853,0.025579088461095356,0.1285314210038011,0.44934777513471147,-7.0
2019-12-04,67.0,greed,8566.669921875,0.010199982444680789,0.05892602484875642,0.0010447694838393584,0.14561202516566407,0.4448064184070941,-2.0
2019-12-05,67.0,greed,8570.7001953125,0.017107134055125428,0.058090922732870975,-0.07234181635128856,0.15798590241530786,0.45428380233938825,-11.0
2019-12-06,70.0,greed,8656.5302734375,0.009050925359253448,0.05460732487564979,-0.0360745314315748,0.1498544665803352,0.446301208433346,-9.0
2019-12-09,68.0,greed,8621.830078125,0.022315493216823024,0.06745663091303711,-0.07768423494413823,0.1622068074385128,0.45940820188216813,-6.0
2019-12-10,65.0,greed,8616.1796875,0.0240455366040091,0.06530512181388404,-0.16415394456831311,0.10173311293886589,0.4320674176762287,2.0
2019-12-11,61.0,greed,8654.0498046875,0.02007042178026519,0.0716288785947059,-0.09003529439511193,0.10801414213247118,0.43352648185510145,-6.0
2019-12-12,74.0,greed,8717.3203125,0.0194898670660153,0.06125847697247844,-0.20794583699656843,0.11571207465023381,0.419916863607563,7.0
2019-12-13,75.0,greed,8734.8798828125,0.021761040870065917,0.05996880547043504,-0.16028842026908774,0.13291427586307902,0.42417986348508263,5.0
2019-12-16,82.0,extreme greed,8814.23046875,0.014909971135987021,0.06159351244414335,-0.20698240549395663,0.12437839112266524,0.4289460225673771,14.0
2019-12-17,85.0,extreme greed,8823.3603515625,0.014679161463360568,0.06410030369266773,-0.1895853968087422,0.12690056945557227,0.4346224029539836,20.0
2019-12-18,87.0,extreme greed,8827.740234375,0.02204974420345307,0.06151849981072188,-0.22069297046796066,0.1266892605717551,0.4459816058354755,26.0
2019-12-19,90.0,extreme greed,8887.2197265625,0.013435066792388595,0.05587234477880543,-0.22802967261296148,0.1315665391610341,0.4352789782290296,16.0
2019-12-20,91.0,extreme greed,8924.9599609375,0.002356343729220667,0.053503938382076566,-0.16886351359025487,0.135172612709769,0.4277396858945117,16.0
2019-12-23,92.0,extreme greed,8945.650390625,0.003012549962632338,0.041278135127210236,-0.174537402844827,0.10770815862195593,0.4317483204237045,10.0
2019-12-24,91.0,extreme greed,8952.8798828125,0.015560417284548267,0.020823432229656325,-0.12904672673739215,0.11885785703775276,0.4264806988062173,6.0
2019-12-26,93.0,extreme greed,9022.3896484375,-0.00017956630677995467,0.027408485855554332,-0.1684708624713671,0.08144517215040237,0.4192171883163489,6.0
2019-12-27,91.0,extreme greed,9006.6201171875,0.007200215900218465,0.029815850515338083,-0.1368404794259951,0.09632140160791014,0.43221538757461286,1.0
2019-12-30,90.0,extreme greed,8945.990234375,0.013703328590606745,0.03945225110673922,-0.13926799650768817,0.12438861073189433,0.43642228416318685,-1.0
2019-12-31,93.0,extreme greed,8972.599609375,0.017457663533356982,0.019876159427214546,-0.1796602547120998,0.13173777109172002,0.43436691263397176,1.0
2020-01-02,97.0,extreme greed,9092.1904296875,0.012234593926814918,0.019930286583727863,-0.17651196194192664,0.12268104828545012,0.41751103577363935,6.0
2020-01-03,93.0,extreme greed,9020.76953125,0.017525203339342266,0.04957450622846493,-0.18265508806283415,0.1566253138915099,0.40769034740574805,0.0
2020-01-06,93.0,extreme greed,9071.4697265625,0.02231831963729869,0.04819615499099217,-0.1276782624094579,0.14026612668388028,0.41310728551536013,2.0
2020-01-07,89.0,extreme greed,9068.580078125,0.02015199716224858,0.05552912453347569,-0.13026519061672637,0.1570168548557831,0.4049377002024288,-1.0
2020-01-08,92.0,extreme greed,9129.240234375,0.01418080339807859,0.04285893691095177,-0.11373786923927254,0.15538092209292298,0.43138751235245776,-1.0
2020-01-09,93.0,extreme greed,9203.4296875,0.016700317222095418,0.046174086766227695,-0.11407156299579213,0.15363954419166093,0.4344631204909175,-4.0
2020-01-10,91.0,extreme greed,9178.8603515625,0.022887381448094324,0.05012387818349162,-0.10746872617139014,0.13204030192933347,0.4202666984993222,-2.0
2020-01-13,90.0,extreme greed,9273.9296875,0.010446475882071926,0.04874204233473711,-0.08175492791873729,0.13097472501459495,0.40958904455787093,-3.0
2020-01-14,91.0,extreme greed,9251.330078125,0.014315720226884654,0.049791721249541565,-0.09275967708190613,0.14042955394294032,0.41914190548191876,2.0
2020-01-15,87.0,extreme greed,9258.7001953125,0.015529207167793713,0.051030866344144776,-0.07844943981637209,0.13124195158924112,0.41625059369307316,-5.0
2020-01-16,89.0,extreme greed,9357.1298828125,-0.004512038102629123,0.040141619948274254,-0.07555631301790777,0.12247992292808974,0.3891545979153388,-4.0
2020-01-17,89.0,extreme greed,9388.9404296875,-0.02658775622706855,0.04561103151303669,-0.08821122757566224,0.1467843389127106,0.4056090552849798,-2.0
2020-01-21,82.0,extreme greed,9370.8095703125,-0.010792011304219362,0.040568549963322154,-0.11819460135775273,0.13974788105808544,0.43608189869034164,-8.0
2020-01-22,74.0,greed,9383.76953125,-0.011574173325368586,0.020548278797541508,-0.09467300379436738,0.14091995196160267,0.4419482608976186,-17.0
2020-01-23,68.0,greed,9402.48046875,-0.01101313441640861,-0.019271531157627586,-0.0965415957807012,0.11262341428354805,0.4403709335344106,-19.0
2020-01-24,62.0,greed,9314.91015625,-0.01760293162382054,-0.037498998791000826,-0.07304317632559021,0.11253673021705368,0.46388854059163376,-27.0
2020-01-27,48.0,neutral,9139.3095703125,0.014671876390758287,-0.017345872317308886,-0.04476808788615194,0.15285180463470538,0.49092876934319496,-41.0
2020-01-28,52.0,neutral,9269.6796875,0.021391250371886272,-0.07586014214690195,-0.07141015019565633,0.12216281408051621,0.43161361090719996,-30.0
2020-01-29,53.0,neutral,9275.16015625,0.025176873209315387,-0.07631027681883862,-0.03886188370231136,0.13668553988075516,0.43794392027428763,-21.0
2020-01-30,56.0,greed,9298.9296875,0.02938195171991409,-0.03729028794476519,-0.04402440889114423,0.13860518641678343,0.405612352060007,-12.0
2020-01-31,44.0,fear,9150.9404296875,0.040385940524598096,-0.05101667850693714,-0.05966493155213837,0.1742257108777776,0.46470078692176764,-18.0
2020-02-03,46.0,neutral,9273.400390625,0.03828037643790072,-0.02753149180672798,-0.06067789656277056,0.17570678989658983,0.4679383721206971,-2.0
2020-02-04,55.0,neutral,9467.9697265625,0.018057799936277652,-0.07703656685405491,-0.0695872112398701,0.15559832127255535,0.437535230058665,3.0
2020-02-05,60.0,greed,9508.6796875,0.022850730130612673,-0.09812714288179136,-0.06880976755612267,0.15666956423859446,0.4489645973128169,7.0
2020-02-06,64.0,greed,9572.150390625,0.014606888758709857,-0.16939456116692697,-0.06189729686605083,0.16045714486258866,0.44756394741336414,8.0
2020-02-07,57.0,greed,9520.509765625,0.02212800859000752,-0.12355008235714793,-0.04192942005756073,0.156553665698294,0.46921120746513334,13.0
2020-02-10,55.0,neutral,9628.3896484375,0.010837802555532683,-0.17410386419311952,-0.045287926705195436,0.13916872416380155,0.45483312441407864,9.0
2020-02-11,56.0,greed,9638.9404296875,0.018491582048119293,-0.2528432085225589,-0.06602288183459937,0.11867278267322856,0.44959193132916764,1.0
2020-02-12,59.0,greed,9725.9599609375,0.0025714444358651,-0.1903236375185089,-0.08871001346167728,0.1322522690411645,0.4420961619811188,-1.0
2020-02-13,58.0,greed,9711.9697265625,-0.013939487727420818,-0.2890639038066851,-0.07910341790901754,0.13699901368086675,0.4513502536988978,-6.0
2020-02-14,55.0,neutral,9731.1796875,-0.05239852005995549,-0.24625995812429602,-0.07364164882373103,0.13237039686381813,0.4435557096992513,-2.0
2020-02-18,51.0,neutral,9732.740234375,-0.0788195168410104,-0.2818220074278124,-0.05115827035960896,0.1435351402312146,0.43489807578038286,-4.0
2020-02-19,53.0,neutral,9817.1796875,-0.08519752522483304,-0.27162583290293885,-0.06438509818963722,0.14196135760095308,0.4123567860550581,-3.0
2020-02-20,50.0,neutral,9750.9697265625,-0.12147399602583597,-0.29447837369540475,-0.03847714264797186,0.14311296963352893,0.4228800160400714,-9.0
2020-02-21,44.0,fear,9576.58984375,-0.10538403993788559,-0.2835998999839697,-0.030460734530452838,0.17630078964532236,0.41313870861031154,-14.0
2020-02-24,29.0,fear,9221.2802734375,-0.02918362131749641,-0.19557158623094018,0.011203386867015608,0.22670599626733812,0.4602310954694533,-26.0
2020-02-25,22.0,extreme fear,8965.6103515625,-0.03140003823202486,-0.17637511389276628,0.04178291943444923,0.2692632492755249,0.5166808720605047,-29.0
2020-02-26,21.0,extreme fear,8980.7802734375,0.004154379594705215,-0.13175249792879085,0.04805596674060575,0.2767787850769421,0.46083405762675267,-32.0
2020-02-27,13.0,extreme fear,8566.48046875,0.020091025203156088,-0.12421677605164383,0.09368021891283207,0.36170970246951795,0.5399964614989656,-37.0
2020-02-28,10.0,extreme fear,8567.3701171875,0.0009629559464752191,-0.0925861966967465,0.10767598310586801,0.3569321372526826,0.5861145126511642,-34.0
2020-03-02,14.0,extreme fear,8952.169921875,-0.11187117255745649,-0.13986216025226073,0.06700943883411647,0.30645753877322424,0.4922404462430656,-15.0
2020-03-03,10.0,extreme fear,8684.08984375,-0.039133616747941025,-0.15240627278603514,0.10643487753960978,0.3559808998766152,0.49673140580812514,-12.0
2020-03-04,15.0,extreme fear,9018.08984375,-0.11821129058736546,-0.16974545737278934,0.07372074619114088,0.3239688369427596,0.4108830081550494,-6.0
2020-03-05,9.0,extreme fear,8738.58984375,-0.17586247512939868,-0.1562620274026979,0.10038458632886904,0.3796780310395833,0.47851662815662754,-4.0
2020-03-06,7.0,extreme fear,8575.6201171875,-0.08171306853606497,-0.07723988163665729,0.14441637386144746,0.3361249044148251,0.4703496638077944,-3.0
2020-03-09,3.0,extreme fear,7950.68017578125,-0.13157243266026097,-0.00797672762003887,0.2482894268885334,0.4229134656018092,0.6443650132380454,-11.0
2020-03-10,6.0,extreme fear,8344.25,-0.12097794467372747,-0.03036223718803366,0.19288731761392586,0.30001982559097584,0.5662078770560566,-4.0
2020-03-11,4.0,extreme fear,7952.0498046875,-0.12100150081684669,0.025343185516607747,0.26009643494288714,0.40109278034763785,0.6849328476258885,-11.0
2020-03-12,2.0,extreme fear,7201.7998046875,-0.007112073086114168,0.13755174318268693,0.31810529675809396,0.516230683980228,0.8495182749863281,-7.0
2020-03-13,5.0,extreme fear,7874.8798828125,-0.12639683120166645,0.08138033355419494,0.2176451848161871,0.3782495690348451,0.7091955891688329,-2.0
2020-03-16,3.0,extreme fear,6904.58984375,-0.006360974781833839,0.21559424635446867,0.40863103404381707,0.6013478918857758,0.9511036306804521,0.0
2020-03-17,4.0,extreme fear,7334.77978515625,0.011326867412315922,0.16327423610315495,0.3491707191011042,0.5256518450828469,0.8439817678894879,-2.0
2020-03-18,5.0,extreme fear,6989.83984375,0.05643333320293564,0.23753045016790564,0.41784797577287125,0.5809331792406278,0.8764621529351475,1.0
2020-03-19,7.0,extreme fear,7150.580078125,0.09047657027388234,0.19720783142320464,0.39052352341388397,0.5257895379445012,0.8481354085947463,5.0
2020-03-20,8.0,extreme fear,6879.52001953125,0.09053827323896502,0.20113473691338024,0.44575785650016897,0.5689001911172462,0.9445455498469508,3.0
2020-03-23,5.0,extreme fear,6860.669921875,0.133147344336761,0.23827264386022806,0.46581610590028144,0.5711001880909157,0.9280478941475456,2.0
2020-03-24,13.0,extreme fear,7417.85986328125,0.03804874176338946,0.1451753142505976,0.3658076997839028,0.4780057658824244,0.7473893936173497,9.0
2020-03-25,17.0,extreme fear,7384.2998046875,-0.0032121835773031293,0.16930782330490834,0.3419241070879504,0.4399456300007287,0.7574692294131751,12.0
2020-03-26,22.0,extreme fear,7797.5400390625,-0.03978562199291369,0.11960440248019921,0.28463591720195214,0.3686713345216923,0.6849840338017261,15.0
2020-03-27,23.0,extreme fear,7502.3798828125,-0.01723450514465652,0.14733332665142584,0.3005499426809488,0.4546796804191171,0.7407343529143162,15.0
2020-03-30,25.0,fear,7774.14990234375,0.017891387968904215,0.14671186855425744,0.27012606068325784,0.4300637900081896,0.6780470935483991,20.0
2020-03-31,25.0,fear,7700.10009765625,0.02430613441320295,0.15447197983741723,0.3063167236373563,0.4396241424672023,0.7203503784606087,12.0
2020-04-01,22.0,extreme fear,7360.580078125,0.09922041693278993,0.16905870243646404,0.37959641428141944,0.5172051179517578,0.8313923914263508,5.0
2020-04-02,21.0,extreme fear,7487.31005859375,0.0889865671806287,0.16339645250026225,0.3633240513522522,0.512760881676686,0.830509186409218,-1.0
2020-04-03,22.0,extreme fear,7373.080078125,0.11112585718157031,0.19476799707127146,0.4151006472288734,0.5020885998659079,0.8578911035367522,-1.0
2020-04-06,27.0,fear,7913.240234375,0.07613821672982302,0.1189335071585671,0.3071623433727937,0.4320922780970087,0.7298653191755609,2.0
2020-04-07,25.0,fear,7887.259765625,0.06414394059644746,0.13850189078163777,0.3303099316862117,0.41425538664138206,0.7533731588992039,0.0
2020-04-08,31.0,fear,8090.89990234375,0.054562589396374594,0.12735547622555066,0.30365597489897955,0.4046150300392337,0.7180030154199448,9.0
2020-04-09,43.0,fear,8153.580078125,0.06090080253761232,0.1273992228777956,0.30218141331226,0.40073199248892055,0.6986403355696178,22.0
2020-04-13,37.0,fear,8192.419921875,0.044957479033948866,0.09888773897555359,0.26834805134986883,0.4134944912634797,0.7084206794628896,15.0
2020-04-14,45.0,neutral,8515.740234375,-0.02965212168000475,0.04079853047860138,0.23166980079856714,0.3946244764119018,0.6273206394684108,18.0
2020-04-15,41.0,fear,8393.1796875,0.012176576591670818,0.06559373915018418,0.25703137871430215,0.4135167877191954,0.6726390102827164,16.0
2020-04-16,42.0,fear,8532.3603515625,-0.004407965675712777,0.056514164765872454,0.22754192820829067,0.37930537200000414,0.6469463624068159,11.0
2020-04-17,44.0,fear,8650.1396484375,-0.0018057647416502842,0.06759317808159482,0.214222065372635,0.35418277545419863,0.6086179063899235,1.0
2020-04-20,41.0,fear,8560.73046875,0.019791498881840175,0.07293409632556358,0.25773026998736515,0.3633836052797408,0.6104080815971549,4.0
2020-04-21,40.0,fear,8263.23046875,0.0416907166395557,0.13463860277102957,0.2925163338906782,0.3891516067745524,0.6882283241789799,-5.0
2020-04-22,40.0,fear,8495.3798828125,0.04935977954009707,0.09293286596839345,0.2602296813674805,0.3556180410101124,0.6265794286853297,-1.0
2020-04-23,40.0,fear,8494.75,0.04647574145060185,0.0976885539597987,0.23151592711674862,0.3519750939918773,0.6500555720077106,-2.0
2020-04-24,39.0,fear,8634.51953125,-0.003424549082375994,0.08173010585689622,0.20020339869446624,0.33255935364817013,0.6374715723632929,-5.0
2020-04-27,42.0,fear,8730.16015625,-0.0022279310991305534,0.07814291869824475,0.20688158552360458,0.32280279705636117,0.6139703595787054,1.0
2020-04-28,41.0,fear,8607.73046875,0.02339637017778795,0.08843908024173408,0.20845905683435895,0.3196208304762389,0.6323734025419556,1.0
2020-04-29,47.0,neutral,8914.7099609375,-0.006766379698757596,0.0645181008434641,0.18264536657777808,0.2823019099291977,0.5796980346409983,7.0
2020-04-30,47.0,neutral,8889.5498046875,0.010136660859359159,0.07452570878793674,0.1910400192290389,0.23795584241899204,0.5706846796828131,7.0
2020-05-01,42.0,fear,8604.9501953125,0.060008495745714985,0.11661074901358681,0.24873117070490736,0.29990175304481004,0.6147821662880502,3.0
2020-05-04,44.0,fear,8710.7099609375,0.05529169091524477,0.11160975393191319,0.2516545555506102,0.25266366262706197,0.565142228490946,2.0
2020-05-05,44.0,fear,8809.1201171875,0.02195788965603951,0.09157435049058593,0.24202755511616325,0.24389385157583154,0.5418588623141034,3.0
2020-05-06,40.0,fear,8854.3896484375,0.0009916294387439795,0.10838583660668832,0.24214099755208363,0.26045619807001175,0.5396701958057306,-7.0
2020-05-07,40.0,fear,8979.66015625,-0.004002426490771427,0.1052478409321762,0.23702569130843876,0.2907816188756447,0.5314878286126676,-7.0
2020-05-08,45.0,neutral,9121.3203125,-0.011704527253712738,0.09126197293600424,0.2071695863657348,0.3036412800024668,0.4692895208598673,3.0
2020-05-11,44.0,fear,9192.33984375,0.004622352425741605,0.0900760611225635,0.1932065761276267,0.29403728223100156,0.45658558267987237,0.0
2020-05-12,39.0,fear,9002.5498046875,0.020277566761413457,0.05444909216800675,0.19775180881371401,0.30116250701976677,0.4475543007509484,-5.0
2020-05-13,39.0,fear,8863.169921875,0.05783600631387387,0.08187134567357934,0.24247197463696657,0.30358104982808287,0.48084605734360264,-1.0
2020-05-14,38.0,fear,8943.7197265625,0.03814521996220077,0.08746917709911006,0.2346652553527817,0.3178442580769567,0.5016101666137278,-2.0
2020-05-15,39.0,fear,9014.5595703125,0.03439217091187885,0.09776523633804635,0.22238914932429732,0.29896416485093713,0.4841601190088647,-6.0
2020-05-18,47.0,neutral,9234.830078125,0.011412191404273075,0.0731686657573769,0.2051906071464753,0.2809429019255185,0.44059387513263415,3.0
2020-05-19,48.0,neutral,9185.099609375,0.02474232744907212,0.08251954007541507,0.22054635447909332,0.29820365482393263,0.4479690803570915,9.0
2020-05-20,52.0,neutral,9375.7802734375,-0.0007242105578920688,0.060831187070992776,0.18885678160744757,0.2691572857634037,0.4436921343733995,13.0
2020-05-21,52.0,neutral,9284.8798828125,0.02207785528323991,0.08310291524242897,0.2132575044040541,0.271055711902237,0.4508523970580951,14.0
2020-05-22,50.0,neutral,9324.58984375,0.024393562049269013,0.08652179741484933,0.2131149996124997,0.27670065498021645,0.4650692578217457,11.0
2020-05-26,50.0,neutral,9340.2197265625,0.0287102620816706,0.060914005448337694,0.2183567474542274,0.269238848080666,0.46218936188787874,3.0
2020-05-27,53.0,neutral,9412.3603515625,0.02874409761018004,0.06423889713669184,0.2182353095585643,0.26223704140696813,0.45957012766934935,5.0
2020-05-28,50.0,neutral,9368.990234375,0.026344283616810182,0.04143770913145772,0.24507116332699108,0.2847478477348917,0.4661430879753543,-2.0
2020-05-29,52.0,neutral,9489.8701171875,0.03416379327998498,0.040493733706798984,0.22502623325632887,0.27445373237725623,0.4487806539600665,0.0
2020-06-01,58.0,greed,9552.0498046875,0.03901782370623774,0.053048270991409296,0.2244104796305686,0.2778251641218614,0.4380662527543633,8.0
2020-06-02,58.0,greed,9608.3798828125,0.035944677604316855,0.05685141581226749,0.2255406327138958,0.2695938735932104,0.43170131134514844,8.0
2020-06-03,60.0,greed,9682.91015625,0.03484897078252791,0.054190291771302856,0.233066271318064,0.27597077244258883,0.40603491573628636,7.0
2020-06-04,62.0,greed,9615.8095703125,-0.012799660877487629,0.08505168642663974,0.25381439196863,0.2842777331317474,0.4366434914669435,12.0
2020-06-05,66.0,greed,9814.080078125,-0.02295380779647549,0.053984639018119784,0.16751641704192144,0.26116554878006304,0.41446978382660915,14.0
2020-06-08,67.0,greed,9924.75,-0.020023725408700455,0.05720547117055852,0.1398906655394343,0.25587349492430533,0.4030489590417894,9.0
2020-06-09,67.0,greed,9953.75,-0.005814882111013442,0.05967600150696972,0.08980941149692323,0.2578124018899912,0.39763908074846155,9.0
2020-06-10,67.0,greed,10020.349609375,-0.01095963117242471,0.059587823138811835,0.11189329760395794,0.2557216087029148,0.39918571952895077,7.0
2020-06-11,56.0,greed,9492.73046875,0.04743833583181867,0.09461022599941815,0.15031074354183027,0.29983151169542155,0.48212571379661817,-6.0
2020-06-12,54.0,neutral,9588.8095703125,0.037263285317632455,0.09383547574020468,0.13189752336835503,0.29377995040402016,0.47819596838396317,-12.0
2020-06-15,53.0,neutral,9726.01953125,0.033976997109477214,0.08476959155551245,0.136811452526868,0.2726552807566367,0.4469290655181153,-14.0
2020-06-16,52.0,neutral,9895.8701171875,0.023797806277891187,0.058404157905597165,0.13080711246040444,0.2570941101436037,0.41874130533659537,-15.0
2020-06-17,52.0,neutral,9910.5302734375,-0.00013726324676555102,0.059801054020133027,0.11502305342634389,0.2708764539138895,0.428919464312689,-15.0
2020-06-18,51.0,neutral,9943.0498046875,0.007437375530155554,0.08287598425525533,0.09727704152643524,0.27306919690978404,0.41107408274250923,-5.0
2020-06-19,52.0,neutral,9946.1201171875,-0.018992369728027758,0.07382177429228798,0.08517493718842739,0.2833898896859024,0.4218087356810283,-2.0
2020-06-22,52.0,neutral,10056.48046875,-0.01813060530387156,0.06460007714242089,0.07182625553562905,0.2683999822875407,0.41732185286306756,-1.0
2020-06-23,52.0,neutral,10131.3701171875,-0.007165919821084832,0.03257701583002892,0.08214777681826924,0.2577291505354029,0.40866736716473606,0.0
2020-06-24,48.0,neutral,9909.169921875,0.024770991200346204,0.04581713394809683,0.07304550413472377,0.2925320710870909,0.4501426531414734,-4.0
2020-06-25,49.0,neutral,10017.0,0.01903063619971057,0.05183882711889787,0.0654157463561944,0.274943630983578,0.4336018417128382,-2.0
2020-06-26,45.0,neutral,9757.2197265625,0.06932616903368727,0.066091585027233,0.11851120259207093,0.3123339258099447,0.48613131322128966,-7.0
2020-06-29,48.0,neutral,9874.150390625,0.047572625413776715,0.067731400941339,0.12592272080370837,0.30638276829592725,0.4713498886870211,-4.0
2020-06-30,47.0,neutral,10058.76953125,0.043119634802498696,0.05259490610843698,0.10204831371878931,0.27751408227817387,0.44192091788687193,-5.0
2020-07-01,48.0,neutral,10154.6298828125,0.038713387068187055,0.05816456682849691,0.09974562288349653,0.2674021750200344,0.4301239976646274,0.0
2020-07-02,50.0,neutral,10207.6298828125,0.04014747317249756,0.06810297099873486,0.10961211325818732,0.2626124204541007,0.4341556508406079,1.0
2020-07-06,51.0,neutral,10433.650390625,-0.004103122615021326,0.048642566335749926,0.06147121252992083,0.21706686728956348,0.4054179601046719,6.0
2020-07-07,49.0,neutral,10343.8896484375,0.01398800979178616,0.06327510872917785,0.09557338869008847,0.23927849161402004,0.41775096880772855,1.0
2020-07-08,52.0,neutral,10492.5,0.005526827197998463,0.0586676495115559,0.06310217863950451,0.21427591508815813,0.38763690954848706,5.0
2020-07-09,53.0,neutral,10547.75,-0.0070081222891137385,0.04391746758787418,0.07744301954208233,0.23888795892488912,0.39384417737195143,5.0
2020-07-10,59.0,greed,10617.4404296875,-0.010760597222711499,0.03305127296912258,0.07568114409342153,0.24342402071179503,0.387645198665705,9.0
2020-07-13,53.0,neutral,10390.83984375,0.0362097776173802,0.03772365608981776,0.11443738945247373,0.25460789344581225,0.4125566952563011,2.0
2020-07-14,61.0,greed,10488.580078125,0.01828467457072458,0.049926696688157746,0.132303865457837,0.2463488470440227,0.39627576718950097,12.0
2020-07-15,62.0,greed,10550.490234375,0.014751887825117826,0.04663382977427544,0.12448806899708997,0.24439243140915967,0.3784316709216897,10.0
2020-07-16,62.0,greed,10473.830078125,-0.001184872788409952,0.0520792988327865,0.12363198380785745,0.25194313356522335,0.37745601434826126,9.0
2020-07-17,63.0,greed,10503.1904296875,-0.01333030597938667,0.05965235451616402,0.11526780320748897,0.23757634282812323,0.3591089835333703,4.0
2020-07-20,65.0,greed,10767.08984375,-0.021437576527141622,0.041213550405877264,0.08400317445920824,0.22569606820552357,0.3465922633894154,12.0
2020-07-21,65.0,greed,10680.3603515625,-0.026054411897421637,0.04364081304680045,0.07476522373453243,0.2599996214576459,0.3699865654038439,4.0
2020-07-22,65.0,greed,10706.1298828125,-0.015242618472897762,0.05219629489056765,0.07569124981973574,0.26384700207797507,0.3716067122396385,3.0
2020-07-23,68.0,greed,10461.419921875,0.01208150034903177,0.08128723339308297,0.09781373039742203,0.29457183359916006,0.41825778385500145,6.0
2020-07-24,63.0,greed,10363.1796875,0.03686994293950874,0.09809151917809977,0.11027793713771783,0.3158114252156259,0.43206143369667394,0.0
2020-07-27,65.0,greed,10536.26953125,0.03478748074452653,0.08828553526972494,0.09605019491822331,0.2932527523046322,0.39143935475858127,0.0
2020-07-28,63.0,greed,10402.08984375,0.051824209002472754,0.1214149988640354,0.09198637969007883,0.2757628331145898,0.41919367164425725,-2.0
2020-07-29,64.0,greed,10542.9404296875,0.04320046802645172,0.10266580004707304,0.08426578767208626,0.26503229769698344,0.401720882725602,-1.0
2020-07-30,62.0,greed,10587.8095703125,0.04913771245435661,0.10463168091030406,0.03939063543836396,0.2345037321351935,0.38580880115573657,-6.0
2020-07-31,65.0,greed,10745.26953125,0.024728177988206257,0.09587385655533742,0.04097806120353109,0.24737584380335975,0.36628218303912075,2.0
2020-08-03,67.0,greed,10902.7998046875,0.006013184507599023,0.09510127084436726,0.0008062185145067957,0.24855821599006922,0.3538990262589339,2.0
2020-08-04,67.0,greed,10941.169921875,-0.01447282242261927,0.10193338699389964,0.0015026208170507704,0.24397483415832433,0.350909489476656,4.0
2020-08-05,70.0,greed,10998.400390625,0.001258350601765379,0.04179691613535419,0.014744864354386822,0.2527040064952628,0.35429876965418083,6.0
2020-08-06,73.0,greed,11108.0703125,-0.0059029435946416076,0.018460413424080002,0.0434557891116607,0.24740836300746993,0.3355838906538251,11.0
2020-08-07,72.0,greed,11010.98046875,0.000755549059514804,-0.014829745591314891,0.07991560980853274,0.27033552444630016,0.3495782441603925,7.0
2020-08-10,75.0,greed,10968.3603515625,0.014712328189008916,0.015790803109903884,0.08450398122226743,0.2771006555521336,0.34824981763508167,8.0
2020-08-11,71.0,greed,10782.8203125,0.03969458071686671,0.012684022109823223,0.08633733419987388,0.295814069834756,0.3693207547306516,4.0
2020-08-12,73.0,greed,11012.240234375,0.012188230887256735,-0.014410367582805117,0.049183463642285874,0.27365270215121074,0.34543557444157935,3.0
2020-08-13,72.0,greed,11042.5,0.020144912412270788,0.00128144809825681,0.06736967964681906,0.27647450546185204,0.342350046694589,-1.0
2020-08-14,72.0,greed,11019.2998046875,0.0265443363175919,0.015520088466941306,0.06264372975575605,0.27480876725255565,0.34253174229199956,0.0
2020-08-17,71.0,greed,11129.73046875,0.022461393698115062,-0.007121532943681563,0.06285503249847069,0.25479141418448825,0.31684947166075106,-4.0
2020-08-18,70.0,greed,11210.83984375,0.02280202789222896,-0.026809728307737868,0.06362503157693,0.23678159217414785,0.29570222737131857,-1.0
2020-08-19,68.0,greed,11146.4599609375,0.046525947358391884,-0.03168536815614187,0.06754430424107283,0.24474138063207596,0.30461061987607296,-5.0
2020-08-20,70.0,greed,11264.9501953125,0.03199212088726888,-0.04315601775383737,0.04763886255669436,0.20134129046738147,0.3062339292341454,-2.0
2020-08-21,70.0,greed,11311.7998046875,0.03393183089802787,-0.03077849345474859,0.05241519178975418,0.19036761857583895,0.3209790350455912,-2.0
2020-08-24,71.0,greed,11379.7197265625,0.03477592101422888,-0.06561932192798092,0.04176289147883616,0.19493010841226344,0.31987431725830096,0.0
2020-08-25,73.0,greed,11466.4697265625,0.04126816767468666,-0.06926283452985582,0.036119238625867744,0.14415596084541682,0.31181267733324014,3.0
2020-08-26,74.0,greed,11665.0595703125,0.033551552567383514,-0.06442316007648707,0.03186700132214093,0.1309286103389855,0.28124588479166346,6.0
2020-08-27,76.0,extreme greed,11625.33984375,-0.01438583616675182,-0.04368126671028094,0.040348114823256065,0.16889744822648,0.3014243199207549,6.0
2020-08-28,77.0,extreme greed,11695.6298828125,-0.032704523299092125,-0.05218871398363023,0.04362481813077057,0.14220355576522858,0.3052644279442984,7.0
2020-08-31,74.0,greed,11775.4599609375,-0.07878838995059823,-0.05162857309432001,0.035945965154791315,0.10379977029493359,0.29585088692876327,3.0
2020-09-01,77.0,extreme greed,11939.669921875,-0.06684526094814902,-0.05135486661374222,0.03479496773410462,0.06564668954972364,0.28222806685499413,4.0
2020-09-02,78.0,extreme greed,12056.4404296875,-0.09429404910740868,-0.08140221022623495,0.024296531734084414,0.07163888595266643,0.2716174211543283,4.0
2020-09-03,60.0,greed,11458.099609375,-0.05276178644780316,-0.01096249633728319,0.08021226114782687,0.1004582423016469,0.3408436001620714,-16.0
2020-09-04,59.0,greed,11313.1298828125,-0.02267095797929064,-0.014012945584435221,0.10174908251396575,0.1556324773007718,0.3589811340787741,-18.0
2020-09-08,55.0,neutral,10847.6904296875,0.0315855144496755,0.04765154232949387,0.15415813868069383,0.20475691695245835,0.40920684891612247,-19.0
2020-09-09,65.0,greed,11141.5595703125,-0.008175681615769093,0.02507915491310908,0.12935441863791763,0.20258477615438464,0.3685920632359294,-12.0
2020-09-10,59.0,greed,10919.58984375,-0.0008525567760063746,0.06047393678577251,0.1299829363439775,0.21981324776464328,0.38425439514347604,-19.0
2020-09-11,58.0,greed,10853.5498046875,-0.005552978733646241,0.09422815386131145,0.14301862464892356,0.24012053228192998,0.3917640172988479,-2.0
2020-09-14,59.0,greed,11056.650390625,-0.02512972519897083,0.07301035770150355,0.11949547827638374,0.21841333826767517,0.36006468816049453,0.0
2020-09-15,59.0,greed,11190.3203125,-0.020256852148306193,0.05168843608559581,0.11167863757809648,0.20865174701070477,0.3548790249106195,4.0
2020-09-16,56.0,greed,11050.4697265625,-0.03777934354989332,0.06003368246241658,0.13977594454986852,0.18693324776476117,0.3738710025494709,-9.0
2020-09-17,53.0,neutral,10910.2802734375,-0.021815272955633236,0.06977632817815271,0.16020763100884916,0.21126496324289912,0.37888022576184466,-6.0
2020-09-18,52.0,neutral,10793.2802734375,0.011143905636455065,0.06352096786203876,0.18265714190840865,0.23943228565878338,0.36324639200153386,-6.0
2020-09-21,51.0,neutral,10778.7998046875,0.03142562018850126,0.06843901390270668,0.18340073844680815,0.22719601764567687,0.36809298417547964,-8.0
2020-09-22,52.0,neutral,10963.6396484375,0.011092151462660516,0.047525347234871784,0.16225267701734603,0.18226155401639677,0.3587503864647765,-7.0
2020-09-23,46.0,neutral,10632.990234375,0.05026991650213053,0.08210479949728988,0.2045454420214503,0.2205108254068493,0.4156168587189304,-10.0
2020-09-24,48.0,neutral,10672.26953125,0.061302821528193885,0.08208289151828585,0.19666302600086882,0.2311093184329569,0.40998127448436206,-5.0
2020-09-25,49.0,neutral,10913.5595703125,0.014794436214625062,0.0408098619433519,0.173286349540982,0.1966444409347783,0.37168534519978325,-3.0
2020-09-28,50.0,neutral,11117.5302734375,0.019335226048458942,0.028227432551930276,0.16027747211940313,0.17340716216497531,0.308445250853562,-1.0
2020-09-29,44.0,fear,11085.25,0.0062560257436683475,-0.007251066309961418,0.15921785494801655,0.1949996722841163,0.3091667242225029,-8.0
2020-09-30,45.0,neutral,11167.509765625,0.017648504266964515,0.0016189892379276927,0.15245030182247787,0.20708292488411129,0.2938050094748561,-1.0
2020-10-01,41.0,fear,11326.509765625,0.00834067202340738,-0.036632637101876475,0.13788629861533708,0.21004529438938957,0.2860713932831458,-7.0
2020-10-02,40.0,fear,11075.01953125,0.04559097137596746,-0.010601261637165571,0.14658490303170324,0.23687184877284007,0.28717429603855815,-9.0
2020-10-05,45.0,neutral,11332.490234375,0.04798323404688021,-0.015170533423758292,0.13116885131333023,0.20792866886639372,0.2736679917307727,-5.0
2020-10-06,44.0,fear,11154.599609375,0.06358818837870794,0.039103211171820806,0.14220057063763814,0.2397853849177618,0.30008343321097053,0.0
2020-10-07,51.0,neutral,11364.599609375,0.03556050131688049,0.04631312111434305,0.1498408142747274,0.22311307986783935,0.2894444181879896,6.0
2020-10-08,53.0,neutral,11420.98046875,0.025644877796516807,0.04152445591669118,0.15594107746468522,0.21268047326551898,0.2765576544811479,12.0
2020-10-09,55.0,neutral,11579.9404296875,0.007911883587079283,0.011557904340066871,0.12577692144931052,0.20865039801873175,0.2509736369778053,15.0
2020-10-12,60.0,greed,11876.259765625,-0.03346001945517296,-0.027146544486645774,0.10071941381218608,0.16685220071225992,0.21805351241521254,15.0
2020-10-13,56.0,greed,11863.900390625,-0.029282963006375895,-0.0065299522563606605,0.10663017751625414,0.18331740012910092,0.22823347875983413,12.0
2020-10-14,55.0,neutral,11768.73046875,-0.024135146931669738,-0.005025234043471216,0.1141932159340413,0.1940404176188555,0.2595606405347859,4.0
2020-10-15,59.0,greed,11713.8701171875,-0.017744805899590044,0.009853269732404302,0.10966741734037089,0.18788832316257031,0.27176925257959494,6.0
2020-10-16,62.0,greed,11671.5595703125,-0.010562367105469761,0.021639808371662017,0.13071261882328322,0.18118486635808506,0.2870439018725155,7.0
2020-10-19,59.0,greed,11478.8798828125,-0.010448707047155947,0.03662900607288888,0.17234870800850022,0.21529451209349926,0.3179935671600689,-1.0
2020-10-20,58.0,greed,11516.490234375,-0.007392931636920785,0.024756620220020675,0.17491613164071973,0.19988033463564392,0.3130458481494691,2.0
2020-10-21,63.0,greed,11484.6904296875,-0.04177912460397559,0.03657212476221949,0.17922722020475113,0.22047778789749217,0.32486811799301774,8.0
2020-10-22,69.0,greed,11506.009765625,-0.027848048837250006,0.03032849511218405,0.18511895193357675,0.2288169888120628,0.31150594365003204,10.0
2020-10-23,67.0,greed,11548.2802734375,-0.05513292149238602,0.02877914299841211,0.17992110060353794,0.22011411161987304,0.31852618748445627,5.0
2020-10-26,44.0,fear,11358.9404296875,-0.03533164740226047,0.059675426028592105,0.16829555463564416,0.2370018454110392,0.3412967569684362,-15.0
2020-10-27,47.0,neutral,11431.349609375,-0.023687430279704658,0.05800284340059236,0.1667178952616426,0.23192363858229093,0.3328119919676753,-11.0
2020-10-28,33.0,fear,11004.8701171875,0.05324098785454279,0.10913163712053264,0.1877187363868642,0.2687727832146758,0.40375306138874767,-30.0
2020-10-29,33.0,fear,11185.58984375,0.06305790339202466,0.09057639380466842,0.19827294185354982,0.2422340092285309,0.38556749039902405,-36.0
2020-10-30,29.0,fear,10911.58984375,0.09014640754329806,0.13229240912490203,0.24755241613436407,0.24945128942956662,0.4292985848261257,-38.0
2020-11-02,25.0,fear,10957.6103515625,0.06900865221650943,0.1270130731949728,0.24210841619511547,0.23954215254042288,0.42819457046521525,-19.0
2020-11-03,32.0,fear,11160.5703125,0.035239242086222866,0.10900960622392031,0.23450145006870593,0.22151820758487784,0.41673585089247656,-15.0
2020-11-04,36.0,fear,11590.7802734375,0.01687974488748334,0.07535732493473102,0.19545875927282252,0.18648097107758144,0.3752576784535189,3.0
2020-11-05,41.0,fear,11890.9296875,-0.015250266254675515,0.05289918655172432,0.17632851392112814,0.1270658143450989,0.3431741893604565,8.0
2020-11-06,40.0,fear,11895.23046875,-0.005543434392526692,0.05779955792418123,0.17758964251362563,0.12561330549041627,0.3435940054755402,11.0
2020-11-09,54.0,neutral,11713.7802734375,0.017957448788073593,0.05337046685882041,0.1928284419951094,0.11250846296400208,0.356226569751122,29.0
2020-11-10,58.0,greed,11553.8603515625,0.02990165032943115,0.07373719197106143,0.21394660351362194,0.13598311170517352,0.352163647955529,26.0
2020-11-11,66.0,greed,11786.4296875,0.0012870667604363284,0.05017977838655807,0.19590665708644006,0.13944432918418492,0.33240350893473236,30.0
2020-11-12,55.0,neutral,11709.58984375,0.016663275126724164,0.06238051076591544,0.19965773246087348,0.14257202713454342,0.35452737222929254,14.0
2020-11-13,59.0,greed,11829.2900390625,0.0021708561896107703,0.06473503724410246,0.18058566391206687,0.12463551104981163,0.3402198743138989,19.0
2020-11-16,71.0,greed,11924.1298828125,-0.0036480649261210196,0.061560931832273846,0.16279850084056013,0.11536358334584329,0.3396248203055303,17.0
2020-11-17,67.0,greed,11899.33984375,0.011551077380540065,0.0727275771272764,0.16598568854430273,0.13752026684778662,0.3380213122379754,9.0
2020-11-18,63.0,greed,11801.599609375,0.02481026224761962,0.08083989210281506,0.14671317894373104,0.14145460617676453,0.35521543606956096,-3.0
2020-11-19,64.0,greed,11904.7099609375,0.025295840841617956,0.0703763109778881,0.13108175163404923,0.14754328049157928,0.3488308814222443,9.0
2020-11-20,62.0,greed,11854.9697265625,0.02899800807101527,0.08038402604920192,0.1470269465213898,0.15202064930410164,0.33739352620196783,3.0
2020-11-23,75.0,greed,11880.6298828125,0.03993731590245253,0.07495229440976381,0.10427054936537083,0.1563359969553908,0.3278033070670032,4.0
2020-11-24,88.0,extreme greed,12036.7900390625,0.025968723979615582,0.06379943715852265,0.09600230348476702,0.14119131669321416,0.3164000050950564,21.0
2020-11-25,91.0,extreme greed,12094.400390625,0.023381010032890615,0.06656134287351789,0.12356376829217686,0.13678560245387317,0.28089526193116554,28.0
2020-11-27,92.0,extreme greed,12205.849609375,0.02116860912136298,0.052791910256912766,0.09445802353667831,0.12540141885734535,0.2930546076860241,28.0
2020-11-30,88.0,extreme greed,12198.740234375,0.026331404289793525,0.05502697432095882,0.06549936717018201,0.12768448330105797,0.27371270566969086,26.0
2020-12-01,85.0,extreme greed,12355.1103515625,0.01842631698216346,0.04315379682606979,0.029814333058823417,0.10193348163039517,0.2346348491139445,10.0
2020-12-02,87.0,extreme greed,12349.3701171875,-0.0008437614045186947,0.02826703506433592,0.04621938350062926,0.1186392587868419,0.24551456200124067,-1.0
2020-12-03,85.0,extreme greed,12377.1796875,0.0023131184595641674,0.03569312917737344,0.01874259521208077,0.12155758234502878,0.21881317937055278,-6.0
2020-12-04,89.0,extreme greed,12464.23046875,-0.006928654904048814,0.02218825871407648,0.04890713833303617,0.11718972071016975,0.22150745116572645,-3.0
2020-12-07,88.0,extreme greed,12519.9501953125,-0.006382625729607017,0.04373262392389532,0.043840420628669996,0.11116656080697451,0.25295385981233554,0.0
2020-12-08,82.0,extreme greed,12582.76953125,0.0009767356091181512,0.0492110211477812,0.06484267144833789,0.11424834121810301,0.2546514656544525,-3.0
2020-12-09,80.0,extreme greed,12338.9501953125,0.025872560414116785,0.05652664782231387,0.07949705126637463,0.14024448588988525,0.2575924103399383,-7.0
2020-12-10,77.0,extreme greed,12405.8095703125,0.02893325321923812,0.05373451151327879,0.0849521657294352,0.14254048219123638,0.2599419264648013,-8.0
2020-12-11,76.0,extreme greed,12377.8701171875,0.030519752402753175,0.06067926638542409,0.08835932070363417,0.13693714817878022,0.24522879360602845,-13.0
2020-12-14,69.0,greed,12440.0400390625,0.024314993459642942,0.054067318695357525,0.08723124305408425,0.12858798230669133,0.22488670459181503,-19.0
2020-12-15,69.0,greed,12595.0595703125,0.016900305264472726,0.032031641250704235,0.04137418712895946,0.12435749353296921,0.2358480713195068,-13.0
2020-12-16,69.0,greed,12658.1904296875,0.008920700198202569,0.04258027723681557,0.04400706465760229,0.10840328724292037,0.19925749038322604,-11.0
2020-12-17,71.0,greed,12764.75,0.0031320996298400683,0.05425096457039902,0.04800642700111646,0.10785408791789886,0.1884039787304883,-6.0
2020-12-18,63.0,greed,12755.6396484375,0.011271898344597187,0.06077864608753414,0.03700798704617103,0.11740923419673055,0.17445622819256945,-13.0
2020-12-21,63.0,greed,12742.51953125,0.00845203297890773,0.06282431328429516,0.017215599838753537,0.12000852215684144,0.20392908216677363,-6.0
2020-12-22,59.0,greed,12807.919921875,0.0048470070474888605,0.06465298952140675,0.013254280684177555,0.12193939754378658,0.21189777443308633,-10.0
2020-12-23,57.0,greed,12771.1103515625,0.009174607269810675,0.0669440005774753,0.028785290164102584,0.12444331409919718,0.225685918160778,-12.0
2020-12-24,54.0,neutral,12804.73046875,-0.008300078919808329,0.03638258077840506,0.01990826144268576,0.132433814285553,0.23948409569095408,-17.0
2020-12-28,54.0,neutral,12899.419921875,-0.006237486757141308,0.033934877461634816,0.01131599152880991,0.12627778350619256,0.22344414106557298,-9.0
2020-12-29,52.0,neutral,12850.2197265625,-0.0085157833740227,0.017156959788731774,0.03086720687001865,0.12869277755084596,0.22692218981846501,-11.0
2020-12-30,50.0,neutral,12870.0,0.015344247766122754,0.041444417128010835,0.047405621722028,0.12839004528457654,0.22312040173368297,-9.0
2020-12-31,51.0,neutral,12888.2802734375,0.024339957593801698,0.05621386132432127,0.06341494388486879,0.13586372794021084,0.21389117823628379,-6.0
2021-01-04,52.0,neutral,12698.4501953125,0.02661580641646033,0.07182686309914321,0.07874423036829437,0.15475821245103027,0.24682930288075733,-2.0
2021-01-05,53.0,neutral,12818.9599609375,0.019773033641955706,0.07479392059567536,0.0678588501300601,0.1440132128503806,0.21871975372173247,-1.0
2021-01-06,59.0,greed,12740.7900390625,0.030465940892199228,0.08755420678034209,0.0854357954187035,0.14276902992656537,0.18518316961340564,7.0
2021-01-07,66.0,greed,13067.48046875,0.0034558444373034014,0.07041595982393067,0.06372383436339324,0.12507686214137848,0.1540755991659879,16.0
2021-01-08,71.0,greed,13201.98046875,-0.015412874548000777,0.06103021652468699,0.04908502423434924,0.11598712551117596,0.13133786449535423,20.0
2021-01-11,65.0,greed,13036.4296875,0.012330830131668247,0.071806515156146,0.07361447458234527,0.12589495302526643,0.14623638805438843,13.0
2021-01-12,69.0,greed,13072.4296875,0.029437550761353126,0.07292751741947368,0.060081421359720055,0.1202929023451671,0.1591915625143805,16.0
2021-01-13,70.0,greed,13128.9501953125,0.030616306327448273,0.07361742689793149,0.06929796798508181,0.10771460523971776,0.15686246215331767,11.0
2021-01-14,67.0,greed,13112.6396484375,0.0328248112824705,0.07129459640674995,0.07166369400111394,0.10025445838391112,0.12920128725392654,1.0
2021-01-15,60.0,greed,12998.5,0.04904336918682928,0.07439244792668376,0.07049040514290117,0.09820213630418895,0.1458052852252183,-11.0
2021-01-19,61.0,greed,13197.1796875,0.03249784370358477,0.05063056500589913,0.04463755572775674,0.0986347254592157,0.09924246953805826,-4.0
2021-01-20,69.0,greed,13457.25,-0.01386987613554036,0.03100261650318603,0.03663227825614457,0.08729125157907447,0.06561591451633886,0.0
2021-01-21,63.0,greed,13530.91015625,-0.014319066327589614,0.0001581304149382845,0.021247646808681298,0.08526325574574178,0.046050810167576284,-7.0
2021-01-22,68.9,greed,13543.0595703125,-0.03487905655088985,-0.005749024036686201,0.034981017217003085,0.09554197538190734,0.01667720284252483,1.9000000000000057
2021-01-25,69.7,greed,13635.990234375,-0.017057843393810668,-0.0027882469229593143,0.03687227919795766,0.08834853251255037,0.016070680945859728,9.700000000000003
2021-01-26,67.4,greed,13626.0595703125,-0.0009745515059931265,-0.0371809531727213,0.034064151404510135,0.07592220645111825,-0.006367910752353323,6.400000000000006
2021-01-27,28.200000000000003,fear,13270.599609375,0.025616056522973496,-0.005896493173128348,0.05880899786255056,0.11242750988402905,0.02046030441764546,-40.8
2021-01-28,52.900000000000006,neutral,13337.16015625,0.03303402470716654,0.018869828278778256,0.055888183069331854,0.10805145866825927,0.0011711726487875218,-10.099999999999994
2021-01-29,40.96666666666668,fear,13070.6904296875,0.06010465776280971,0.022041651963590203,0.06824346905091727,0.12256347638483556,0.05354574699610826,-27.933333333333323
2021-02-01,43.400000000000006,fear,13403.3896484375,0.04358971986374427,-0.030263960018858893,0.036687023331245516,0.09532518993890804,0.062408857484234526,-26.299999999999997
2021-02-02,60.46666666666667,greed,13612.7802734375,0.029010967189825543,-0.06532908994427122,0.0015220789689032177,0.08436996282574816,0.05386259910425695,-6.933333333333337
2021-02-03,59.2,greed,13610.5400390625,0.026596316776269058,-0.05072463300178165,-0.002066054477397272,0.08596207285068092,0.05929300110861635,31.0
2021-02-04,61.06666666666667,greed,13777.740234375,0.018002175440655632,-0.0848165271115674,-0.010516992493694866,0.08110037377716517,0.007336477274612063,8.166666666666664
2021-02-05,68.0,greed,13856.2998046875,0.017260735206818367,-0.056471027851374256,-0.007509910421922061,0.07068697810696589,0.017444048147379876,27.033333333333317
2021-02-08,72.86666666666667,greed,13987.6396484375,0.004279517707563185,-0.06568724912892188,-0.04187835200204315,0.06237936213633932,0.0020039316240629823,29.46666666666667
2021-02-09,75.4,extreme greed,14007.7001953125,-0.0030133398308757053,-0.04347824874502271,-0.04413790266723416,0.05571147565669965,0.013331952954168225,14.933333333333337
2021-02-10,75.26666666666667,extreme greed,13972.5302734375,-0.007670043991869879,-0.046710932744641,-0.06733573429617867,0.05672625927365438,0.03706127906800383,16.066666666666663
2021-02-11,76.0,extreme greed,14025.76953125,-0.010787969242997741,-0.040358539262412396,-0.06422316400308914,0.0563598476799263,0.01139831342810127,14.93333333333333
2021-02-12,77.66666666666667,extreme greed,14095.4697265625,-0.039900757675009335,-0.04426240672822557,-0.04721298904699889,0.051607408491799234,-0.021589868364870424,9.666666666666671
2021-02-16,73.93333333333334,greed,14047.5,-0.04145220179302367,-0.037180979155543636,-0.04758499343744438,0.053124026739633345,-0.01826517730023136,1.0666666666666629
2021-02-17,70.2,greed,13965.490234375,-0.026316334166907818,-0.06081564615680024,-0.047391861999115825,0.04945687129728671,0.012478583159297063,-5.200000000000003
2021-02-18,62.53333333333334,greed,13865.3603515625,-0.053798144811897375,-0.04688807940820938,-0.040793755289869504,0.04764029119611468,0.018660134726202315,-12.733333333333327
2021-02-19,56.24,greed,13874.4599609375,-0.0491630199289147,-0.035815442422554855,-0.02441318274845583,0.04809773353368829,-0.011369108045942378,-19.759999999999998
2021-02-22,52.48,neutral,13533.0498046875,0.004121781434527794,-0.02256325172683804,-0.004585778609268454,0.08731293896171288,0.0011099129929528218,-25.186666666666675
2021-02-23,50.56,neutral,13465.2001953125,-0.007902604841110605,-0.037378615956279115,0.014553792273413135,0.10972359667009113,-0.006214587443833963,-23.373333333333335
2021-02-24,63.8,greed,13597.9697265625,-0.04414039291395255,-0.04561637152720055,0.0043536054648554146,0.10456193878322684,-0.041217880570262655,-6.400000000000006
2021-02-25,46.16,neutral,13119.4296875,-0.030181187015679845,0.001471160081629952,0.04714917700190613,0.14653309708227358,0.026995087796189754,-16.373333333333342
2021-02-26,53.52,neutral,13192.349609375,-0.02063311137210655,-0.01005880094745959,0.04123076481205157,0.13291490999385158,0.03807286212727168,-2.719999999999999
2021-03-01,58.52,greed,13588.830078125,-0.07209376497039666,-0.039991701019377546,0.011767764798782832,0.11337767217761718,0.011963525304632627,6.040000000000006
2021-03-02,50.32000000000001,neutral,13358.7900390625,-0.0213320013061975,-0.008377998422591793,0.028272802295948418,0.14275990593447774,0.013000423044839504,-0.23999999999999488
2021-03-03,43.84,fear,12997.75,0.005468644813525492,0.0371110654969129,0.05836241488911553,0.17399090106941584,0.058030776961397246,-19.959999999999994
2021-03-04,37.8,fear,12723.4697265625,0.05306730080890598,0.07718964545788554,0.07003121461453987,0.20323938452507595,0.06401325429530025,-8.36
2021-03-05,41.52,fear,12920.150390625,0.030936943367743996,0.06023377968976207,0.06922054439853453,0.186610002513939,0.03044005117369797,-12.0
2021-03-08,39.08,fear,12609.16015625,0.06745491326525088,0.08562661383635728,0.10092342031849988,0.2184411444432912,0.017590370963569635,-19.440000000000005
2021-03-09,43.36,fear,13073.8203125,0.030423395036239587,0.05778641894673808,0.06509878699619764,0.1759630858185699,-0.021284559613110376,-6.960000000000008
2021-03-10,45.56,neutral,13068.830078125,0.03492050278864567,0.06361398431172938,0.06449849885843295,0.1697022271354447,0.014287409465598477,1.7199999999999989
2021-03-11,50.48,neutral,13398.669921875,-0.02108418235893572,0.03368469264162921,0.04639715433507785,0.1380420660341315,-0.020054972807323046,12.68
2021-03-12,53.720000000000006,neutral,13319.8603515625,-0.007854445499139717,0.05076924531969085,0.05627383099587613,0.1348084616068712,-0.03573992284342198,12.200000000000003
2021-03-15,56.52,greed,13459.7099609375,-0.006104880574207883,0.02957938053404896,0.05307912945920856,0.12228124691870113,-0.06526814002118442,17.440000000000005
2021-03-16,54.8,neutral,13471.5703125,-0.018102575388796227,0.042102697752964824,0.044633997753370735,0.11625886342824976,-0.03881880012364003,11.439999999999998
2021-03-17,57.86666666666667,greed,13525.2001953125,-0.041648961844589105,0.03897462816263486,0.038038586102836724,0.12098379724479869,-0.0065544605140650525,12.306666666666665
2021-03-18,52.333333333333336,neutral,13116.169921875,-0.010558740485972828,0.060886647102909475,0.07968634850916811,0.1574964347293768,0.0380149353456396,1.8533333333333388
2021-03-19,50.833333333333336,neutral,13215.240234375,-0.005789510010267174,0.04320990664926838,0.06168178814617287,0.13838034419008705,0.05134977475550162,-2.8866666666666703
2021-03-22,50.7,neutral,13377.5400390625,-0.023762937543768126,0.04280904305483468,0.0571061964648798,0.09989582147841225,0.034454759285273084,-5.82
2021-03-23,41.8,fear,13227.7001953125,-0.013782482531589646,0.044657041830055144,0.07753194590099133,0.11481211192333207,0.06661173931805187,-13.0
2021-03-24,37.66666666666667,fear,12961.8896484375,0.021986028000504865,0.0813862754958854,0.101053230342105,0.14928070006912542,0.07411804813917011,-20.199999999999996
2021-03-25,37.833333333333336,fear,12977.6796875,0.03871498420063779,0.08946904330331584,0.10726341741800671,0.15985604490402094,0.09355756849350105,-14.5
2021-03-26,37.56666666666667,fear,13138.73046875,0.04314415128221527,0.0724186602408492,0.09298152379281799,0.14529331666426337,0.07843751254268239,-13.266666666666666
2021-03-29,39.56666666666667,fear,13059.650390625,0.04890862106431415,0.07591167092223028,0.110329092426114,0.1462764529522813,0.09917953094133414,-11.133333333333333
2021-03-30,42.03333333333334,fear,13045.3896484375,0.04932395372257581,0.07950396149142436,0.11367544164271992,0.11508203890577673,0.12067481634698085,0.2333333333333414
2021-03-31,44.56666666666667,fear,13246.8701171875,0.04396808060866375,0.05403612808007785,0.09489638435376291,0.0955373081568871,0.09024014000948788,6.899999999999999
2021-04-01,46.400000000000006,neutral,13480.1103515625,0.031162955433544193,0.030786822570550765,0.07731906520551513,0.07184434706428378,0.054926047367385156,8.56666666666667
2021-04-05,54.56666666666667,neutral,13705.58984375,0.010536588202065156,-0.005259886263331737,0.068128423878145,0.06282913478219854,0.04056083412590272,17.0
2021-04-06,53.5,neutral,13698.3798828125,0.0217339370866807,-0.00846523179598746,0.0704652501889016,0.040669085738854305,0.06089551676995342,13.93333333333333
2021-04-07,52.53333333333333,neutral,13688.83984375,0.012345823453925542,-0.004090923748046316,0.0713150082626044,0.05442318289048753,0.0376460009765025,10.499999999999993
2021-04-08,48.1,neutral,13829.3095703125,0.015145383379234545,-0.005572898310335472,0.05282047519516864,0.048635876036890346,0.004303233063438938,3.5333333333333314
2021-04-09,47.5,neutral,13900.1904296875,0.010945851053777211,-0.035850593604867864,0.057677590551219904,0.05423156649368632,-0.00020795578410393034,1.0999999999999943
2021-04-12,43.43333333333334,fear,13850.0,0.004676500451263443,-0.03325417418772558,0.06377185807761743,0.052674371051444124,-0.010036101083032545,-11.133333333333333
2021-04-13,43.63333333333333,fear,13996.099609375,-0.014992039495378418,-0.0689063345354447,0.04869576526830932,0.0350169404059697,-0.04173588819318108,-9.866666666666667
2021-04-14,39.96666666666667,fear,13857.83984375,0.006666254182044362,-0.05288339435568823,0.05679892107553064,0.04387986042422409,-0.03508985070781512,-12.566666666666663
2021-04-15,47.16666666666668,neutral,14038.759765625,-0.01569580312318919,-0.04336417938895454,0.035926971157558274,0.03795776063618517,-0.028148492350627996,-0.9333333333333229
2021-04-16,51.3,neutral,14052.33984375,-0.002528424008568453,-0.047913019934680556,0.026678858808822703,0.054872701082087305,-0.04990341632940909,3.799999999999997
2021-04-19,45.26666666666667,neutral,13914.76953125,0.016098774879771627,-0.04391951166995722,0.025886949596328757,0.07061348089835984,-0.041855467198326,1.8333333333333357
2021-04-20,42.866666666666674,fear,13786.26953125,0.02204731269931437,-0.035290859196692836,0.05168986069416337,0.08962105638960871,-0.012085167392262175,-0.7666666666666586
2021-04-21,49.63333333333333,neutral,13950.2197265625,0.0072264486761486335,-0.029711323571362303,0.04886879791949972,0.0845054873897666,-0.035637389504043604,9.666666666666664
2021-04-22,46.70000000000001,neutral,13818.41015625,0.01911505342877895,-0.02514181573325669,0.06268372724001292,0.09431399969413534,-0.046587107948437234,-0.46666666666666856
2021-04-23,47.7,neutral,14016.8095703125,-0.003861783420896825,-0.02537236784544339,0.0585140762559575,0.08553234735665116,-0.08400767131373299,-3.5999999999999943
2021-04-26,50.53333333333334,neutral,14138.7802734375,-0.017233463674922733,-0.034063076322594865,0.04964570308930494,0.06729151337491479,-0.08020003438293855,5.266666666666666
2021-04-27,54.8,neutral,14090.2197265625,-0.0324139534674186,-0.024997461600865245,0.04047916658725148,0.08065809167138238,-0.11351700138303766,11.933333333333323
2021-04-28,52.400000000000006,neutral,14051.0302734375,-0.03335060436446258,-0.022400492624018664,0.05064040079912391,0.08431265639926444,-0.11117338412476008,2.766666666666673
2021-04-29,56.16666666666666,greed,14082.5498046875,-0.03193384487714079,-0.02370377346021446,0.04940227235737704,0.08189497321561867,-0.08599433682435131,9.466666666666647
2021-04-30,46.53333333333333,neutral,13962.6796875,-0.015071566335034814,-0.016200272713589703,0.05084983798887999,0.10638648618555147,-0.11659939750103931,-1.1666666666666714
2021-05-03,47.56666666666667,neutral,13895.1201171875,-0.035498776654320885,-0.009988401531759616,0.056563037144264916,0.11538363956039821,-0.09781135927399198,-2.9666666666666686
2021-05-04,43.46666666666667,fear,13633.5,-0.017902249055634978,-0.0013929096985366707,0.08272197447922403,0.14394102188542934,-0.07846409464737591,-11.333333333333329
2021-05-05,43.03333333333333,fear,13582.419921875,-0.040548019980446326,0.017086079935302312,0.08821037476782023,0.15219524204009693,-0.04546756571101862,-9.366666666666674
2021-05-06,43.93333333333334,fear,13632.83984375,-0.03725193101331892,0.01825590894230289,0.09259114666532198,0.15981558203178392,-0.09646921911617945,-12.23333333333332
2021-05-07,48.16666666666666,neutral,13752.240234375,-0.0234332559737781,0.012555766837420101,0.07878858373500797,0.15910639275106742,-0.11689586938037222,1.6333333333333258
2021-05-10,44.93333333333334,fear,13401.8603515625,-0.0017020433191083928,0.038046184265608574,0.10881469420530698,0.19174423735044366,-0.13271369085375784,-2.633333333333333
2021-05-11,42.03333333333334,fear,13389.4296875,-0.006407295983830497,0.047119287777730445,0.10446002472799498,0.1936550491379918,-0.12336296647250311,-1.43333333333333
2021-05-12,26.766666666666666,fear,13031.6796875,0.020569915260587823,0.07963211644699975,0.1330189202394405,0.2190707890327357,-0.12795276534646638,-16.266666666666666
2021-05-13,34.433333333333344,fear,13124.990234375,0.03129526138040273,0.07993525292801551,0.1288587268294099,0.190302596951337,-0.133640501220611,-9.499999999999993
2021-05-14,35.99999999999999,fear,13429.98046875,0.003053598307192207,0.04786901100179608,0.10371719639623911,0.16934498229387085,-0.12099648786021244,-12.166666666666664
2021-05-17,36.36666666666667,fear,13379.0498046875,0.021086708047731273,0.049377937331621435,0.10574069022763033,0.18550720660150577,-0.12827964546657789,-8.56666666666667
2021-05-18,34.03333333333334,fear,13303.6396484375,0.0265739513982568,0.064471827530163,0.10166691783637982,0.1916926516599553,-0.099154829208143,-8.0
2021-05-19,32.333333333333336,fear,13299.740234375,0.0329525056806943,0.05493638488886132,0.09219502789278522,0.20106559000873347,-0.14147568377965558,5.56666666666667
2021-05-20,32.300000000000004,fear,13535.740234375,0.014815594536397247,0.04475117163054576,0.07432543675244019,0.17626151483507413,-0.15863485832285162,-2.13333333333334
2021-05-21,29.433333333333334,fear,13470.990234375,0.02061838032450236,0.058071402566887365,0.09232208621912807,0.18727054824262845,-0.1571057569165918,-6.566666666666659
2021-05-24,29.5,fear,13661.169921875,0.005512745050803458,0.044693137583871057,0.0938045918525634,0.17540741543485683,-0.15561627611562712,-6.866666666666667
2021-05-25,26.66666666666667,fear,13657.169921875,0.007260666508305924,0.052173330429257314,0.09977395687447266,0.1609110713508859,-0.17519879596211407,-7.366666666666667
2021-05-26,28.133333333333336,fear,13738.0,-0.00898895285885859,0.04530423995032029,0.09490903709146159,0.14828502317932024,-0.16765611920403256,-4.199999999999999
2021-05-27,30.3,fear,13736.2802734375,0.005693678301595062,0.05563584005091449,0.08805362680418827,0.1535313893813508,-0.14528168056322677,-2.0000000000000036
2021-05-28,31.566666666666663,fear,13748.740234375,0.00967212194867284,0.05670263823887267,0.10042809319887969,0.12676942702847072,-0.11765516869088144,2.1333333333333293
2021-06-01,35.4,fear,13736.48046875,0.01371746481412539,0.055870914555476325,0.11133923155693703,0.1489719010652235,-0.12048871063281252,5.899999999999999
2021-06-02,42.13333333333333,fear,13756.330078125,0.011298065762622711,0.055687076446766515,0.10925226042953806,0.12949386511124628,-0.12807704578048662,15.466666666666661
2021-06-03,40.8,fear,13614.509765625,0.02980792694604739,0.07527412519013699,0.12448998505012954,0.12042593286775127,-0.09531076750749468,12.66666666666666
2021-06-04,41.9,fear,13814.490234375,0.018453788969038598,0.06146802376750293,0.10978975173119143,0.1134193192468449,-0.13042535302110736,11.599999999999998
2021-06-07,44.46666666666667,fear,13881.7197265625,0.021065107755738444,0.05642959656151891,0.10674468537583959,0.08671476039792392,-0.1311328599936925,12.900000000000006
2021-06-08,46.46666666666667,neutral,13924.91015625,0.010624858160833028,0.04559240311525792,0.10408827817280009,0.0933751255688644,-0.12565105755563388,11.06666666666667
2021-06-09,48.53333333333333,neutral,13911.75,0.009195801211206334,0.05679874364296378,0.09882938152550902,0.12760220115190402,-0.13121860792136142,6.399999999999999
2021-06-10,48.9,neutral,14020.330078125,0.01005821763569048,0.05084831471709128,0.08758138467730103,0.1260070302486247,-0.1616295477173284,8.100000000000001
2021-06-11,51.23333333333334,neutral,14069.419921875,-0.0027748151152842127,0.04323067135158354,0.07435063551366317,0.10291470461132812,-0.1939952326237242,9.333333333333343
2021-06-14,54.16666666666666,neutral,14174.1396484375,-0.0023041384166904155,0.033216163982616065,0.06571407173839838,0.10275473482427944,-0.23739777250313987,9.699999999999989
2021-06-15,52.66666666666666,neutral,14072.8603515625,0.012819652521277813,0.033416769548046066,0.06856455546049434,0.09524857693384092,-0.23055090870899353,6.199999999999989
2021-06-16,44.8,fear,14039.6796875,0.016528210501597362,0.02760465733559858,0.0799057108785981,0.08532673021052495,-0.20944418692778666,-3.7333333333333343
2021-06-17,42.03333333333334,fear,14161.349609375,0.01471331174710655,0.008024013424523746,0.0720673057760235,0.09915936739676146,-0.2482284596429184,-6.86666666666666
2021-06-18,31.600000000000005,fear,14030.3798828125,0.023521085557296262,0.03339182573195476,0.07224250891393669,0.0819685435671158,-0.23035942721670732,-19.633333333333336
2021-06-21,32.46666666666666,fear,14141.48046875,0.025388381200142973,0.03468305370476199,0.040478076050095346,0.07270803230412293,-0.21724604229744116,-21.699999999999996
2021-06-22,32.800000000000004,fear,14253.26953125,0.019298066753872467,0.03026183411317085,0.03459773621019524,0.05105291083158825,-0.22452318368839164,-19.866666666666653
2021-06-23,33.26666666666667,fear,14271.73046875,0.016271308309176558,0.03960695354096799,0.04380121541629367,0.07492850130133233,-0.21297627822484522,-11.533333333333324
2021-06-24,36.9,fear,14369.7099609375,0.010624426122031405,0.032777279519236036,0.04749784618429209,0.08018113731119669,-0.19221611648797654,-5.13333333333334
2021-06-25,41.63333333333333,fear,14360.3896484375,0.019424293944409143,0.020904058805964354,0.04786155276432802,0.09003797949804815,-0.197476524883749,10.033333333333328
2021-06-28,41.43333333333334,fear,14500.509765625,0.01124994123994294,0.01807317926996377,0.03237541083213524,0.09453115939754819,-0.22888641711276048,8.966666666666676
2021-06-29,39.833333333333336,fear,14528.330078125,0.009411232499003441,0.017202919134960526,0.0012630226100540654,0.0862721070967889,-0.23061428338086754,7.033333333333331
2021-06-30,38.00000000000001,fear,14503.9501953125,0.003849301560828744,0.011633347461578625,0.0005853739333538943,0.08702936194981903,-0.2396043777136414,4.733333333333334
2021-07-01,38.66666666666666,fear,14522.3798828125,0.01236299012360842,0.010927301927648347,-0.005081798250908154,0.08395178320207153,-0.23374476503365593,1.7666666666666586
2021-07-02,38.66666666666667,fear,14639.330078125,0.006414921703987497,0.008330979647746428,-0.00496128459600953,0.06869437625019392,-0.22658754369550027,-2.9666666666666615
2021-07-06,33.300000000000004,fear,14663.6396484375,0.0009554750746341156,0.007971460551572829,-0.02783477973226056,0.07973192087917824,-0.22516852010983002,-8.133333333333333
2021-07-07,33.1,fear,14665.0595703125,-0.0013712440037207951,0.015687665349872093,-0.015767374900787612,0.06530216612202921,-0.20754842122149264,-6.733333333333334
2021-07-08,26.96666666666667,fear,14559.7802734375,-0.0011435880426970968,0.018954921503244737,-0.003974655942650229,0.0371152337664995,-0.20085953552886582,-11.033333333333339
2021-07-09,31.000000000000004,fear,14701.919921875,-0.018683252864906685,0.010764564523952025,-0.003258104443469967,0.025774894143157034,-0.22645479843393113,-7.666666666666654
2021-07-12,31.7,fear,14733.240234375,-0.031103800544554083,0.0037228476901520757,-0.010432205873755707,0.013755301143950849,-0.23542070246926494,-6.966666666666672
2021-07-13,31.266666666666666,fear,14677.650390625,-0.012179776943500809,0.005960712749254693,-0.013043654141999705,0.018066903110689703,-0.23369341966960022,-2.0333333333333385
2021-07-14,29.53333333333333,fear,14644.9501953125,-0.0008876779932075474,0.011697518122480988,-0.012224710296031116,0.03472186611892747,-0.23173583524451058,-3.56666666666667
2021-07-15,27.33333333333334,fear,14543.1298828125,0.009727598371358281,0.019237296927612668,0.001960359692495972,0.04436869991703696,-0.21252027492308878,0.3666666666666707
2021-07-16,26.9,fear,14427.240234375,0.028401135168159897,0.025404687611475074,0.02746120856718126,0.026309212972909446,-0.2125971689567816,-4.100000000000005
2021-07-19,8.983333333333334,extreme fear,14274.98046875,0.039630841767241964,0.026704009829260356,0.04359791429224269,0.04334643627741386,-0.17946294803927876,-22.716666666666665
2021-07-20,20.066666666666663,extreme fear,14498.8798828125,0.011152599140033193,0.0018643008050258647,0.036066902528097966,0.0005531812027774752,-0.17940899664056753,-11.200000000000003
2021-07-21,24.2,extreme fear,14631.9501953125,0.008927715107610812,-0.00616186872197555,0.0339763081340152,-0.019935171032836485,-0.17580293873431008,-5.333333333333332
2021-07-22,24.33333333333333,extreme fear,14684.599609375,0.006378121211435994,0.0020470797757270454,0.02976452131837215,-0.03613173612076326,-0.19411419675294916,-3.0000000000000107
2021-07-23,28.3,fear,14836.990234375,-0.011074385322052627,0.007121400943245426,0.025524715926555475,-0.07198699302406009,-0.205858483712122,1.4000000000000021
2021-07-26,30.9,fear,14840.7099609375,-0.010756874088752477,0.012067471449909384,0.016811206137151702,-0.06641057474468293,-0.22088833061665858,21.916666666666664
2021-07-27,27.166666666666668,fear,14660.580078125,0.006869439026343072,0.026007175118971437,0.038615790084405965,-0.07648333374854466,-0.1792671328313583,7.100000000000005
2021-07-28,27.46666666666667,fear,14762.580078125,0.001215925347568314,0.012411752635232531,0.03204926783181872,-0.08267253789505002,-0.1761203136996108,3.2666666666666693
2021-07-29,29.23333333333333,fear,14778.259765625,0.00790758542723169,0.023767360971147733,0.030963055554711127,-0.09645787222547264,-0.1615595728998559,4.900000000000002
2021-07-30,25.76666666666667,fear,14672.6796875,0.01111453951141117,0.04042955844274787,0.05284927131259565,-0.06148225097345561,-0.15700603215052633,-2.5333333333333314
2021-08-02,25.1,fear,14681.0703125,0.012200021605202727,0.03938200073755693,0.05567164508718436,-0.030051652931043726,-0.15886515745988805,-5.799999999999997
2021-08-03,29.53333333333333,fear,14761.2900390625,0.0018155462440327952,0.03713021303013497,0.056541798217082384,-0.028133722592234567,-0.14179857433012244,2.3666666666666636
2021-08-04,28.633333333333336,fear,14780.5302734375,-0.0010412769173552272,0.03725505133277163,0.058798251474057706,-0.024558013957207137,-0.13936916722226766,1.1666666666666679
2021-08-05,29.633333333333336,fear,14895.1201171875,-0.005294374999467277,0.03144650129554938,0.06152753074344086,-0.06823038664285697,-0.15022170314142447,0.4000000000000057
2021-08-06,31.866666666666664,fear,14835.759765625,-0.0008667823692990462,0.036302172656360154,0.0744518529645366,-0.049727820593953975,-0.14770391535759575,6.099999999999994
2021-08-09,32.06666666666667,fear,14860.1796875,-0.004469658057423831,0.028698169867772627,0.07479116535750174,-0.05683038720826372,-0.15923427911106813,6.966666666666669
2021-08-10,34.833333333333336,fear,14788.08984375,-0.008920026700118378,0.031116943507378148,0.08075894320572052,-0.04014309181982645,-0.13073291138270848,5.300000000000004
2021-08-11,37.93333333333334,fear,14765.1396484375,-0.016202318290488793,0.023728227045558326,0.07594918959968466,-0.01860934185468932,-0.1344538243089075,9.3
2021-08-12,43.13333333333333,fear,14816.259765625,-0.01852489973206961,0.01952721652270495,0.05443007939044997,-0.042562706591483535,-0.11940053454259036,13.499999999999996
2021-08-13,47.13333333333333,neutral,14822.900390625,-0.007302230435513035,0.014495096731264034,0.059460689850546755,-0.0696051361616481,-0.1143400104752399,15.26666666666667
2021-08-16,44.866666666666674,fear,14793.759765625,0.010064420901707782,0.024859840475918604,0.07213853761450562,-0.06778803087503238,-0.1143191445400662,12.800000000000004
2021-08-17,31.7,fear,14656.1796875,0.024810020410545697,0.035871574010749585,0.08171774278234811,-0.035235643454579524,-0.11722424308005741,-3.1333333333333364
2021-08-18,18.2,extreme fear,14525.91015625,0.03551930238880785,0.03566451704161189,0.09968051431803038,-0.02766231569504174,-0.10743356496863232,-19.733333333333338
2021-08-19,14.883333333333336,extreme fear,14541.7900390625,0.027783342364640973,0.011835568461666224,0.09488379833095517,-0.05673787823119969,-0.12629602735059176,-28.249999999999996
2021-08-20,23.86666666666667,extreme fear,14714.66015625,0.028192281666375996,0.0021570484155231107,0.0869235028947799,-0.07928078741624867,-0.15855546910195062,-23.266666666666662
2021-08-23,30.433333333333334,fear,14942.650390625,0.02163198959772883,-0.00306510425210349,0.07460457214216287,-0.10447483000435132,-0.17141206673378961,-14.43333333333334
2021-08-24,34.4,fear,15019.7998046875,0.015941652538722595,0.0021598443460861816,0.055590618503245315,-0.13197975978973064,-0.17232383686247488,2.6999999999999993
2021-08-25,36.03333333333333,fear,15041.8603515625,0.01778500298483432,0.0003882394606458117,0.04874924242989853,-0.10426040869669373,-0.15972697287160542,17.833333333333332
2021-08-26,36.833333333333336,fear,14945.8095703125,0.025784492661607095,0.0016165170669637519,0.060178800901093954,-0.08371506723933453,-0.18761777983207428,21.95
2021-08-27,47.46666666666667,neutral,15129.5,0.015467763723189698,-0.03852211325556032,0.02393735128391561,-0.09108692351862258,-0.20567963766978414,23.599999999999998
2021-08-30,47.86666666666667,neutral,15265.8896484375,0.0071034464538133335,-0.049355080909229354,0.03386245031192203,-0.11354920855709316,-0.22158878898657786,17.433333333333334
2021-08-31,47.23333333333333,neutral,15259.240234375,0.0017955949078498623,-0.05312585317477336,0.018247972443950822,-0.09877429544163241,-0.22563640038291344,12.833333333333329
2021-09-01,43.13333333333333,fear,15309.3798828125,-0.003992969230656396,-0.04851141543190718,-0.003614129282082712,-0.11570941910676313,-0.23020200863632612,7.100000000000001
2021-09-02,44.16666666666666,fear,15331.1796875,-0.01406867948334456,-0.07016415179237978,0.003270500119497033,-0.1316101760556383,-0.24135907421100078,7.3333333333333215
2021-09-03,44.06666666666666,fear,15363.51953125,-0.0167890861596095,-0.0605127914364918,-0.01809805390763075,-0.1648424090040811,-0.24855042929667248,-3.4000000000000057
2021-09-07,41.7,fear,15374.330078125,-0.02189170590131151,-0.05674523165834078,-0.0097031666903169,-0.1677328547216933,-0.23301370981992742,-6.166666666666664
2021-09-08,38.56666666666667,fear,15286.6396484375,-0.008184230012433624,-0.041383857521110734,0.026184974765099067,-0.1328669930384344,-0.2240197874995392,-8.666666666666657
2021-09-09,33.800000000000004,fear,15248.25,-0.00435001250143463,-0.04385486602970834,0.03533128289311893,-0.13892020651960058,-0.2056590382297968,-9.333333333333329
2021-09-10,20.600000000000005,extreme fear,15115.490234375,-0.004731603587017741,-0.041632128981923144,0.026587287384074454,-0.15028825587782402,-0.18848744129024309,-23.566666666666652
2021-09-13,28.266666666666666,fear,15105.580078125,-0.025929470134497312,-0.042345951161208095,0.03475666134862987,-0.1671144264905211,-0.22984948261953586,-15.799999999999997
2021-09-14,24.8,extreme fear,15037.759765625,-0.01937518483743983,-0.030996646073107925,0.024971838469644014,-0.13892625504053402,-0.22064989265953294,-16.900000000000002
2021-09-15,31.200000000000003,fear,15161.5302734375,-0.017457384531046394,-0.022299898482532554,0.005019900605504279,-0.11377350687167176,-0.23804786566947966,-7.366666666666667
2021-09-16,31.500000000000004,fear,15181.919921875,-0.008541718581531299,-0.018744669948822512,0.02527085890482139,-0.10322407551231205,-0.24591880015586998,-2.3000000000000007
2021-09-17,17.933333333333337,extreme fear,15043.9697265625,0.00024797103542506527,-0.0014730258470856405,0.009070741527521076,-0.07645122289642503,-0.23324629463438062,-2.666666666666668
2021-09-20,11.1,extreme fear,14713.900390625,0.017403226142583827,0.028217497883126885,0.030976103193236293,-0.05949750959611555,-0.22351997081841057,-17.166666666666664
2021-09-21,11.449999999999998,extreme fear,14746.400390625,-0.013543691872897501,0.02544887477174318,0.015904901050401987,-0.04323631945666828,-0.23912343809539327,-13.350000000000003
2021-09-22,20.03333333333333,extreme fear,14896.849609375,-0.025804729843387886,0.02140389372910345,0.029821086070133118,-0.06539973387305176,-0.25710402799878906,-11.166666666666671
2021-09-23,24.5,extreme fear,15052.240234375,-0.040104339742825346,0.0025218811516714013,0.03120129673388794,-0.05716095260425702,-0.27798589988746225,-7.0000000000000036
2021-09-24,23.83333333333334,extreme fear,15047.7001953125,-0.031965017494821946,0.011896154448954421,0.040249999269899916,-0.05837439470641703,-0.28208830707298305,5.900000000000002
2021-09-27,24.766666666666666,extreme fear,14969.9697265625,-0.04772816985359163,0.017751554560826888,0.06020653718913427,-0.04108687907672448,-0.2765850434029743,13.666666666666666
2021-09-28,12.466666666666669,extreme fear,14546.6796875,-0.007757757220156036,0.04737577035137419,0.08490185152861884,0.005015574860027572,-0.2402637656252098,1.016666666666671
2021-09-29,12.483333333333334,extreme fear,14512.4404296875,-0.0007256032152910263,0.06447431719243579,0.08639341556298108,-0.0048352238741290465,-0.2601168757489113,-7.549999999999997
2021-09-30,9.966666666666669,extreme fear,14448.580078125,0.014218660381446924,0.07265832106934167,0.08948834315872034,-0.015784287842947387,-0.26805125071086544,-14.533333333333331
2021-10-01,18.33333333333333,extreme fear,14566.7001953125,0.000881451775476938,0.0706556538380394,0.07402290956719093,-0.020951910262470563,-0.25752369840217093,-5.500000000000011
2021-10-04,9.500000000000002,extreme fear,14255.48046875,0.016184633486627797,0.09779531063025915,0.11064652218458737,0.019435987201194216,-0.21599204034194086,-15.266666666666664
2021-10-05,18.766666666666666,extreme fear,14433.830078125,0.0022232382933919936,0.0954528349400503,0.0823682724545376,-0.01591124150741241,-0.22760351285181935,6.299999999999997
2021-10-06,20.066666666666663,extreme fear,14501.91015625,0.0048082970750888965,0.09918689321369034,0.04125385960739547,-0.04227648890003444,-0.2364240675191226,7.583333333333329
2021-10-07,24.600000000000005,extreme fear,14654.01953125,0.01156066128400668,0.08991187091638952,0.029127900328115075,-0.051639055410618195,-0.27307314092843016,14.633333333333336
2021-10-08,25.26666666666667,fear,14579.5400390625,0.021797656430589063,0.09621842038510597,0.024442496169818417,-0.059572526755675925,-0.2769250894657934,6.933333333333341
2021-10-11,25.9,fear,14486.2001953125,0.036973765913666856,0.09666716080612558,0.03152171560905659,-0.0741561085647986,-0.28026740697251673,16.4
2021-10-12,22.7,extreme fear,14465.919921875,0.04584360520841613,0.07996657283531827,0.04752758740201757,-0.07565019129686679,-0.2798868191145919,3.9333333333333336
2021-10-13,24.100000000000005,extreme fear,14571.6396484375,0.03774729902283025,0.07772911301175722,0.042325367280553916,-0.06368876990359928,-0.26918653991234975,4.033333333333342
2021-10-14,31.83333333333333,fear,14823.4296875,0.026462871014478306,0.06999259249108913,-0.0011212059245314654,-0.09932584026870472,-0.3037110934495064,7.233333333333324
2021-10-15,43.63333333333333,fear,14897.33984375,0.012945959049421418,0.06420674936984083,-0.00024097213245133364,-0.10505093584503733,-0.28337542697823304,18.366666666666664
2021-10-18,46.56666666666666,neutral,15021.8095703125,0.01364019359092028,0.06337790242871488,-0.034277440229645295,-0.09334091259108745,-0.282882642054362,20.666666666666664
2021-10-19,53.400000000000006,neutral,15129.08984375,0.0070473583202061985,0.052381238854059875,-0.05213995595715726,-0.1107812531064043,-0.2940414872321456,30.700000000000006
2021-10-20,56.56666666666667,greed,15121.6796875,0.007549436214044913,0.057667553569352714,-0.06399157872983485,-0.12875747516887748,-0.2980383090296165,32.46666666666667
2021-10-21,60.2,greed,15215.7001953125,0.015275006663617141,0.055320506027998206,-0.0950846990191887,-0.15618145243043768,-0.28628195960984737,28.366666666666674
2021-10-22,59.5,greed,15090.2001953125,0.027049969373620142,0.05066596601879381,-0.081845853369371,-0.13819237378873717,-0.2741905203507683,15.866666666666667
2021-10-25,62.96666666666667,greed,15226.7099609375,0.024247520435121572,0.03601760911627916,-0.11081973231275144,-0.17968226449320557,-0.26450821313877737,16.400000000000006
2021-10-26,63.03333333333334,greed,15235.7099609375,0.02716576053880404,0.040006045624078945,-0.11115923367484404,-0.18028567624875436,-0.27991604838217066,9.633333333333333
2021-10-27,58.333333333333336,greed,15235.83984375,0.03778854597314352,0.016790693202576756,-0.1235940774925488,-0.15518078389898404,-0.2916261897894433,1.7666666666666657
2021-10-28,64.4,greed,15448.1201171875,0.03186079920348317,0.0216667114443978,-0.10859248840388458,-0.20154429439514499,-0.2813073622492118,4.200000000000003
2021-10-29,65.43333333333334,greed,15498.3896484375,0.030532216962309233,0.0025357977274731436,-0.08120261486340152,-0.19114051100697138,-0.2910134123687623,5.933333333333337
2021-11-01,66.13333333333334,greed,15595.919921875,0.024778303019206582,-0.0219204842612708,-0.08014403306353535,-0.19442009009016903,-0.3016859753108003,3.1666666666666714
2021-11-02,68.26666666666667,greed,15649.599609375,0.015140350910036071,-0.017142885669374275,-0.07872724129947917,-0.1715532233939192,-0.327471624361396,5.233333333333327
2021-11-03,72.2,greed,15811.580078125,-0.011945050162873838,-0.0459226938721361,-0.12223697796648003,-0.22097030348480007,-0.3458629448427645,13.866666666666667
2021-11-04,72.43333333333334,greed,15940.3095703125,-0.014807071081893275,-0.04486482376850598,-0.11557490753621436,-0.23811641783491966,-0.34284525944782895,8.033333333333331
2021-11-05,73.60000000000001,greed,15971.58984375,-0.006926666906350021,-0.017823518175706043,-0.12246244368968628,-0.2722546650827996,-0.33854302329306896,8.166666666666671
2021-11-08,74.53333333333335,greed,15982.3603515625,-0.008040786176801262,-0.01222410913594496,-0.11186771646499682,-0.26558595453471434,-0.33575517246583564,8.400000000000006
2021-11-09,77.17142857142858,extreme greed,15886.5400390625,0.005496496548983876,-0.023237905860386765,-0.08788382608434797,-0.28466234898019815,-0.3483055532281928,8.904761904761912
2021-11-10,73.08571428571429,greed,15622.7099609375,0.019129866221017977,0.000505011515750331,-0.09198598169544225,-0.2721518872609767,-0.28859010898784854,0.8857142857142861
2021-11-11,72.22857142857143,greed,15704.2802734375,0.018429987395827796,-0.01852998003940387,-0.12182219430000885,-0.24829410871078328,-0.2789653597002161,-0.20476190476190936
2021-11-12,74.0,greed,15860.9599609375,0.012387678251120526,-0.039299028182097295,-0.1305116489897592,-0.26468573984262533,-0.2941020118494315,0.3999999999999915
2021-11-15,71.62857142857145,greed,15853.849609375,5.740916385765793e-05,-0.01818293590217579,-0.10811821014981693,-0.24406249418670622,-0.2835550710955824,-2.904761904761898
2021-11-16,72.48571428571428,greed,15973.8603515625,-0.012440368123386114,-0.04967056469758668,-0.11579984218602257,-0.28519780821120544,-0.2998774303697942,-4.6857142857142975
2021-11-17,69.2,greed,15921.5703125,-0.0047947433734011335,-0.047224652483536245,-0.1384819802734203,-0.28471251412563836,-0.3000087464872978,-3.885714285714286
2021-11-18,70.14285714285715,greed,15993.7099609375,-0.03139045324153622,-0.06332298970805117,-0.15291259216345976,-0.29005714465751586,-0.30309730528218526,-2.0857142857142748
2021-11-19,62.77142857142859,greed,16057.4404296875,-0.017101751226477613,-0.04461175422535513,-0.16664678970193614,-0.28162464112753416,-0.3134329338539821,-11.228571428571414
2021-11-22,60.0,greed,15854.759765625,-0.01999836898348617,-0.020994964421296447,-0.1776923506187823,-0.28952249281410336,-0.29520154695264156,-11.628571428571448
2021-11-23,60.371428571428574,greed,15775.1396484375,-0.033032344268446034,-0.00771907786325432,-0.1458972697535178,-0.2751417426908426,-0.2846136031754374,-12.114285714285707
2021-11-24,56.94285714285714,greed,15845.23046875,-0.02927758969267913,0.0016427212545968572,-0.1357260379269294,-0.25904199287098173,-0.29149908083046483,-12.25714285714286
2021-11-26,31.25714285714286,fear,15491.66015625,-0.026219941929440327,0.01872359497864906,-0.1123352660768836,-0.21692512226210425,-0.2867452623828597,-38.88571428571429
2021-11-29,38.114285714285714,fear,15782.830078125,-0.03533458098069142,-0.0010524317552859097,-0.1425834344061343,-0.23452323894798155,-0.30406776103729216,-24.657142857142873
2021-11-30,24.77142857142857,extreme fear,15537.6904296875,0.00960435483399591,0.013120942365763222,-0.11492511750817613,-0.22804100035228103,-0.2619237684071526,-35.22857142857143
2021-12-01,25.357142857142858,fear,15254.0498046875,0.034937635350038576,0.02562728763051969,-0.11250188618583423,-0.19254882812562524,-0.2472523466008354,-35.01428571428572
2021-12-02,22.928571428571427,extreme fear,15381.3203125,0.008845131752241997,0.0293524536915466,-0.1344409869113764,-0.21900524631896745,-0.25484290248571595,-34.01428571428572
2021-12-03,20.157142857142865,extreme fear,15085.4697265625,0.03613608940877966,0.035613740224078594,-0.14944909283502517,-0.20046439813870454,-0.25491611242994916,-11.099999999999994
2021-12-06,21.25714285714286,extreme fear,15225.150390625,0.012356520493113976,-0.008208816697597765,-0.1595781009449696,-0.20032116883081896,-0.2765332777783266,-16.857142857142854
2021-12-07,37.88571428571429,fear,15686.919921875,-0.028640439020217734,-0.0386347079816074,-0.15499346776144485,-0.22953201830296766,-0.3014211929898304,13.114285714285725
2021-12-08,41.31428571428573,fear,15786.990234375,-0.014024849129753436,-0.053910836145119934,-0.16830505587138544,-0.2554482967148459,-0.2980295904744549,15.957142857142873
2021-12-09,36.85714285714287,fear,15517.3701171875,-0.021713758655166338,-0.03702560644771391,-0.17229469469918002,-0.26920480431864824,-0.2908192539018931,13.928571428571441
2021-12-10,42.0,fear,15630.599609375,-0.029488307127933044,-0.030526622521653834,-0.19509039697898267,-0.3084570816933482,-0.2870561262607513,21.842857142857135
2021-12-13,35.4,fear,15413.2802734375,-0.028049826907713737,-0.014590704964183798,-0.15990497236966983,-0.2974662487623707,-0.26966814522201743,14.142857142857139
2021-12-14,31.542857142857144,fear,15237.6396484375,0.006789122049037921,-0.028274069217090192,-0.11820005494976304,-0.2715964777547991,-0.26688844819985047,-6.342857142857149
2021-12-15,37.8,fear,15565.580078125,-0.0028068616439743677,-0.04316126188378633,-0.12532779343244937,-0.31604864348509343,-0.305484908421112,-3.5142857142857338
2021-12-16,33.57142857142858,fear,15180.4296875,0.031154614159369487,-0.0443682630030956,-0.08475319014253035,-0.28866640591427595,-0.29478872623314867,-3.285714285714292
2021-12-17,32.51428571428572,fear,15169.6796875,0.04624883930167023,-0.05467616580977985,-0.08775529569417617,-0.2703010193544998,-0.30479545444011213,-9.48571428571428
2021-12-20,29.428571428571427,fear,14980.9404296875,0.05345320613438309,-0.05519819682339855,-0.0582153117343176,-0.262190505996454,-0.29596473592128747,-5.9714285714285715
2021-12-21,34.028571428571425,fear,15341.08984375,0.02771184362665724,-0.10248098002734185,-0.09246345916896492,-0.2678362134575776,-0.3019159508051167,2.4857142857142804
2021-12-22,39.54285714285714,fear,15521.8896484375,0.014152266692419868,-0.10738124051750253,-0.08568865227188294,-0.25217738432021564,-0.32507443652377266,1.7428571428571402
2021-12-23,50.48571428571428,neutral,15653.3701171875,-0.0005366506101952551,-0.13505590568025516,-0.09480835765011919,-0.2637655841259723,-0.32935461993351944,16.914285714285704
2021-12-27,56.39999999999999,greed,15871.259765625,-0.0024232456342753173,-0.14675203372841905,-0.09554121080446487,-0.29548503369088563,-0.3476743105689887,23.885714285714272
2021-12-28,62.971428571428575,greed,15781.7197265625,-0.010074947645432042,-0.15390841398842026,-0.0736345657038302,-0.29171916355707483,-0.352840487854291,33.542857142857144
2021-12-29,64.02857142857144,greed,15766.2197265625,-0.04224537119480565,-0.12657754672163324,-0.08397385158104476,-0.30048290423137536,-0.3354088662041924,30.000000000000014
2021-12-30,63.97142857142858,greed,15741.5595703125,-0.041971649365418195,-0.09539586473579564,-0.09662575250365135,-0.293091033345809,-0.33510524024004185,24.428571428571445
2021-12-31,62.54285714285715,greed,15644.9697265625,-0.04532251249637265,-0.08302794759372845,-0.08842904465411672,-0.27630155684150925,-0.3360817789813506,12.057142857142871
2022-01-03,65.22857142857144,greed,15832.7998046875,-0.056210508409195725,-0.08938722256697751,-0.08212381992065887,-0.2823853172190568,-0.33942449253172824,8.82857142857145
2022-01-04,64.25714285714285,greed,15622.7197265625,-0.030037633617156057,-0.11162585289790727,-0.09080043868902121,-0.2561250657517832,-0.34036836000753856,1.2857142857142776
2022-01-05,51.02857142857143,neutral,15100.169921875,0.005842300253502408,-0.06636747542808852,-0.08022092570098616,-0.22945836831565047,-0.3000548938359163,-13.000000000000007
2022-01-06,52.142857142857146,neutral,15080.8603515625,-0.018172091966994874,-0.0706319404102922,-0.07848096987068598,-0.2458918560175709,-0.2947583796488733,-11.828571428571436
2022-01-07,49.25714285714287,neutral,14935.900390625,-0.002822085680984965,-0.049642149178893535,-0.08201048203252936,-0.2457950191057332,-0.2807511029227633,-13.285714285714285
2022-01-10,51.142857142857146,neutral,14942.830078125,-0.029173167681145196,-0.030279402132790234,-0.10244847255732104,-0.24729251290955412,-0.26843376624632764,-14.085714285714296
2022-01-11,56.114285714285714,greed,15153.4501953125,-0.053663714811234775,-0.06386733941121725,-0.11758905462755265,-0.25751625638576403,-0.27402014276735276,-8.142857142857139
2022-01-12,55.94285714285714,greed,15188.3896484375,-0.06810268508576944,-0.09199390390647766,-0.10170925558565858,-0.2459753675694537,-0.2705507026948203,4.914285714285711
2022-01-13,52.17142857142857,neutral,14806.8095703125,-0.07009542761449827,-0.06860962475497412,-0.09831486555390179,-0.23278206890265662,-0.25067515058692447,0.028571428571424917
2022-01-14,55.8,greed,14893.75,-0.06973529951741497,-0.05062460658833401,-0.10483522608057072,-0.21355263848090644,-0.26432162715065044,6.54285714285713
2022-01-18,53.71428571428572,neutral,14506.900390625,-0.06670000658361264,-0.026388169530852323,-0.06115987636810227,-0.17986268118903004,-0.25192361986139944,2.5714285714285765
2022-01-19,44.82857142857143,fear,14340.259765625,-0.05565726573173513,-0.043481781310348855,-0.061867041994014604,-0.15903822185490946,-0.22313613075512795,-11.285714285714285
2022-01-20,39.142857142857146,fear,14154.01953125,-0.056608601962395255,-0.04281110517137221,-0.06919371126079743,-0.16390461907767473,-0.1970895524653581,-16.799999999999997
2022-01-21,26.728571428571428,fear,13768.919921875,0.00011986347762671379,-0.028135859081403147,-0.0675165436422922,-0.14425604994945163,-0.17682217664415456,-25.442857142857143
2022-01-24,23.128571428571437,extreme fear,13855.1298828125,0.027769497886648287,-0.05901349574873305,-0.0613693469948835,-0.16546647990333563,-0.18345331676775578,-32.671428571428564
2022-01-25,20.88571428571429,extreme fear,13539.2900390625,0.0595828849673834,-0.004852558378094174,-0.07744496215549757,-0.11129609549983766,-0.14970355734788932,-32.828571428571436
2022-01-26,19.51428571428572,extreme fear,13542.1201171875,0.06464495071114573,0.011261161375053064,-0.07777145827785137,-0.10186959364557813,-0.1418101552512917,-25.31428571428571
2022-01-27,18.6,extreme fear,13352.7802734375,0.039395543721253645,0.029852967623564375,-0.03604118319518401,-0.07205164947287213,-0.1467088249045746,-20.542857142857144
2022-01-28,23.857142857142858,extreme fear,13770.5703125,0.02377820567299027,-0.01729124837671825,-0.10427532276996965,-0.10178153932213907,-0.15874582230106893,-2.87142857142857
2022-01-31,29.200000000000006,fear,14239.8798828125,-0.015745214340474933,-0.03426014514008269,-0.11965412388197572,-0.13280449924792392,-0.17019522568007972,6.071428571428569
2022-02-01,30.800000000000004,fear,14346.0,-0.010563906642095389,-0.05632647220915232,-0.12423255502404851,-0.11695523795831586,-0.14953155496305592,9.914285714285715
2022-02-02,28.800000000000004,fear,14417.5498046875,0.005050810538995032,-0.07658093018281287,-0.10075841407204256,-0.11770167258314401,-0.1671989791629681,9.285714285714285
2022-02-03,26.057142857142857,fear,13878.8203125,0.022107018394147193,-0.07550067858568221,-0.11248289463092653,-0.08799526763182886,-0.14348266440152457,7.4571428571428555
2022-02-04,27.6,fear,14098.009765625,-0.02176614856291359,-0.0923860872981711,-0.1385549905163087,-0.10310319178751548,-0.140744669605819,3.7428571428571438
2022-02-07,27.914285714285715,fear,14015.669921875,-0.016035623074229233,-0.05423359150326024,-0.17069608054489238,-0.108574206074869,-0.15019976942660296,-1.2857142857142918
2022-02-08,28.942857142857143,fear,14194.4501953125,-0.00385294456178098,-0.07499341078575428,-0.17308034052976662,-0.09437846286342244,-0.16942326642434324,-1.8571428571428612
2022-02-09,32.65714285714286,fear,14490.3701171875,-0.025277496052571014,-0.11363136576628641,-0.21573844267128106,-0.11804115057824971,-0.1913167143130281,3.857142857142854
2022-02-10,33.6,fear,14185.6396484375,-0.03305595894836155,-0.1131016973247112,-0.19841753754192026,-0.08025364008702962,-0.1617022331190867,7.5428571428571445
2022-02-11,28.48571428571429,fear,13791.150390625,-0.01762580141902026,-0.06109209526206305,-0.14401629554958317,-0.04808160067547851,-0.13276629926715067,0.8857142857142897
2022-02-14,25.685714285714287,fear,13790.919921875,-0.029686227818320754,-0.025695901302813184,-0.15431384525965408,-0.049914735281408995,-0.12474367829489252,-2.2285714285714278
2022-02-15,29.97142857142857,fear,14139.759765625,-0.07795532240439573,-0.03712789332275446,-0.15242410550811325,-0.08498303142029273,-0.16152535300157178,1.0285714285714285
2022-02-16,32.08571428571428,fear,14124.08984375,-0.04605606500640114,-0.016301935384663846,-0.19158327956419763,-0.08204068459057234,-0.16544926705730767,-0.5714285714285765
2022-02-17,32.457142857142856,fear,13716.7197265625,-0.001611143904340584,0.008875316898051766,-0.16973589699101965,-0.07374212057721241,-0.16216850429388008,-1.142857142857146
2022-02-18,29.51428571428572,fear,13548.0703125,0.015008047156162219,0.04138965823661467,-0.1619012999429693,-0.08610082270710828,-0.15064876051882392,1.0285714285714285
2022-02-22,28.77142857142857,fear,13381.51953125,0.01127976754321569,0.04043487564034942,-0.13797013079780918,-0.07474634881537012,-0.1338502056094737,3.085714285714282
2022-02-23,18.814285714285717,extreme fear,13037.490234375,0.05480573975741532,0.08854078420180977,-0.13599550275310313,-0.046478267676075435,-0.1259866565695834,-11.157142857142855
2022-02-24,21.228571428571428,extreme fear,13473.58984375,0.004776053500496813,0.0516350853043237,-0.1513219292719351,-0.061922644386196546,-0.14892908261793403,-10.857142857142854
2022-02-25,28.142857142857142,fear,13694.6201171875,-0.027834265152167248,0.048214573882835454,-0.14268155741758481,-0.11339563587463175,-0.16350070750154155,-4.314285714285713
2022-02-28,25.47142857142857,fear,13751.400390625,-0.06693430512829868,0.06313824288066106,-0.1178258549519886,-0.12607664815955533,-0.17248569996493257,-4.042857142857148
2022-03-01,22.97142857142857,extreme fear,13532.4599609375,-0.054455003626624365,0.06723164693919181,-0.10722886427808598,-0.1218788244902177,-0.15292707299051422,-5.799999999999997
2022-03-02,17.82857142857143,extreme fear,13752.01953125,-0.03610158678398656,0.0340677235758271,-0.12780374302978792,-0.1407661857619208,-0.15001504040457692,-0.9857142857142875
2022-03-03,21.72857142857143,extreme fear,13537.9404296875,-0.030136080954776157,0.05344679820911291,-0.09019392908428436,-0.12947394442889126,-0.13755417265900072,0.5000000000000036
2022-03-04,18.17142857142857,extreme fear,13313.4404296875,-0.03527494353208471,0.09156982234896405,-0.09769901084599142,-0.12638206382574357,-0.13393310023653704,-9.971428571428572
2022-03-07,16.9,extreme fear,12830.9599609375,-0.019463877615962355,0.10702316624150443,-0.05997913220000173,-0.10023020947791461,-0.09780717613943868,-8.571428571428573
2022-03-08,16.67142857142857,extreme fear,12795.5498046875,0.011962777280889014,0.08544146398554853,-0.04847930299253367,-0.07843738091620145,-0.11388335925812831,-6.300000000000001
2022-03-09,18.028571428571432,extreme fear,13255.5498046875,0.01365465806148558,0.04841368403844415,-0.08821062050734496,-0.1051197379517409,-0.15968105340311833,0.20000000000000284
2022-03-10,17.95714285714286,extreme fear,13129.9599609375,0.03692473655231043,0.044252993976457766,-0.10477788936755228,-0.07750597820957394,-0.14783899745029394,-3.7714285714285722
2022-03-11,19.057142857142857,extreme fear,12843.8095703125,0.08175380269297716,0.044235348360990745,-0.11708286632794662,-0.04495546363417868,-0.11022112808023021,0.8857142857142861
2022-03-14,17.5,extreme fear,12581.2197265625,0.09992991631173975,0.06281986986276444,-0.140843995759118,-0.0753225390429948,-0.09118113718759724,0.6000000000000014
2022-03-15,21.857142857142858,extreme fear,12948.6201171875,0.08960029600161756,0.053671334881469246,-0.16374490012245668,-0.09490898787402469,-0.09509429055807783,5.185714285714287
2022-03-16,25.25714285714286,fear,13436.5498046875,0.03617370617849658,-0.006360987590183553,-0.17395830388297084,-0.1402286658787718,-0.13441248425488228,7.228571428571428
2022-03-17,33.62857142857143,fear,13614.7802734375,0.042384787614850206,-0.02074362686748621,-0.21804837128766663,-0.15911970955852417,-0.14243639599226343,15.671428571428574
2022-03-18,38.42857142857143,fear,13893.83984375,0.019826049820303115,-0.019733902980272,-0.2227958771071824,-0.16977454318081053,-0.14637634484482365,19.371428571428574
2022-03-21,40.971428571428575,fear,13838.4599609375,0.037319212625196885,-0.027849171766609726,-0.20010609302383675,-0.17439875268364047,-0.15670096283265122,23.471428571428575
2022-03-22,44.54285714285714,fear,14108.8203125,0.03620567309124545,-0.06621176690777986,-0.21658368075378376,-0.2047392920762665,-0.16453678411499018,22.68571428571428
2022-03-23,45.2,neutral,13922.599609375,0.037325638634689406,-0.0778094321970616,-0.19324043319294126,-0.20511902368717905,-0.1507361920416319,19.942857142857143
2022-03-24,46.91428571428571,neutral,14191.83984375,0.00202085760660764,-0.08363892542782203,-0.18209194544290008,-0.23421277246965477,-0.17073191543005428,13.285714285714278
2022-03-25,49.371428571428574,neutral,14169.2998046875,0.006507039626756805,-0.118464539070392,-0.18665354226784459,-0.2375826561097134,-0.17313627069637727,10.942857142857143
2022-03-28,51.25714285714286,neutral,14354.900390625,0.012375523983330527,-0.12998841178609932,-0.2210646026937937,-0.24558863486976146,-0.16918683447194982,10.285714285714285
2022-03-29,52.71428571428572,neutral,14619.6396484375,-0.028418602411100058,-0.11957267190144683,-0.23541961927685706,-0.24405526304345926,-0.17826499042016664,8.171428571428585
2022-03-30,52.8,neutral,14442.26953125,-0.03832148524526935,-0.14593481157875066,-0.23635684748085117,-0.25652199314025315,-0.15374033632287598,7.599999999999994
2022-03-31,59.2,greed,14220.51953125,-0.022729108163187406,-0.11845558780734156,-0.21747939061429988,-0.25631267592247453,-0.14282666195663007,12.285714285714292
2022-04-01,59.8,greed,14261.5,-0.038600427724993835,-0.11904359530028397,-0.20609751888826566,-0.2416344923395155,-0.1497156625793219,10.428571428571423
2022-04-04,61.65714285714286,greed,14532.5498046875,-0.07710896290123515,-0.10787435613118213,-0.21817920722279482,-0.2309394905603538,-0.17448345178263958,10.399999999999999
2022-04-05,47.91428571428571,neutral,14204.169921875,-0.058616562175362485,-0.1328116674584584,-0.18183535727225786,-0.21511501835329772,-0.14898512004411113,-4.800000000000011
2022-04-06,46.4,neutral,13888.8203125,-0.017656680929862056,-0.12558015130199707,-0.16225357456452438,-0.20271777435651084,-0.1299217586761835,-6.399999999999999
2022-04-07,46.82857142857142,neutral,13897.2998046875,-0.039304018351698944,-0.16363249240118372,-0.1816683982352406,-0.23349135872912585,-0.13422894721216283,-12.37142857142858
2022-04-08,46.08571428571429,neutral,13711.0,-0.027615757307089206,-0.14392313311392313,-0.17841656562249286,-0.23112102622894026,-0.1299438521077967,-13.714285714285708
2022-04-11,43.4,fear,13411.9599609375,0.015486192615950856,-0.15267863403458626,-0.16137685238520572,-0.22261992579355228,-0.09287907459577782,-18.25714285714286
2022-04-12,42.05714285714286,fear,13371.5703125,0.006095020861073497,-0.14961670954175754,-0.15857373765819627,-0.22095166342303896,-0.09333986635591718,-5.857142857142854
2022-04-13,41.8,fear,13643.58984375,-0.034370679454265196,-0.13475851039250064,-0.1606006884528821,-0.21947592147067696,-0.1089060968706973,-4.600000000000001
2022-04-14,39.85714285714285,fear,13351.080078125,-0.038333231174385585,-0.12645344265657343,-0.14912877922885748,-0.226924744062578,-0.08970584513512991,-6.971428571428575
2022-04-18,37.6,fear,13332.3603515625,-0.0245650982685236,-0.10109543882486938,-0.12144960968953522,-0.19925658149223824,-0.08814117319254566,-8.485714285714288
2022-04-19,39.62857142857143,fear,13619.66015625,-0.08288899347880896,-0.16164204836012275,-0.1264355898656383,-0.20905512567568774,-0.11454768827117734,-3.771428571428565
2022-04-20,43.31428571428571,fear,13453.0703125,-0.07166695799576417,-0.15346461919415466,-0.10357932639679723,-0.20609128492392248,-0.10262418314127875,1.2571428571428527
2022-04-21,38.94285714285714,fear,13174.650390625,-0.023007830052416245,-0.13814638107836408,-0.10175146962658077,-0.19429817649632242,-0.0863362716722944,-2.857142857142854
2022-04-22,31.62857142857143,fear,12839.2900390625,-0.03930516322083555,-0.10156484539605559,-0.08229583676144236,-0.15418066781553474,-0.08101147957932164,-8.228571428571417
2022-04-25,29.97142857142857,fear,13004.849609375,-0.03605040367302881,-0.13382695427772362,-0.1109031892099146,-0.1578056893739911,-0.08846699766298116,-7.62857142857143
2022-04-26,17.900000000000002,extreme fear,12490.740234375,0.005845893027944582,-0.08454262759334685,-0.03669280634294869,-0.10340621075706236,-0.02790066829193316,-21.72857142857143
2022-04-27,16.271428571428572,extreme fear,12488.9296875,0.03810820270201787,-0.059915406331732535,-0.026130329172773692,-0.12154279759011577,-0.02100657269594386,-27.042857142857137
2022-04-28,24.25714285714286,extreme fear,12871.5302734375,-0.04302828272819581,-0.057522328339850715,-0.03735685140268763,-0.16150840711244463,-0.05119287684249252,-14.685714285714283
2022-04-29,14.328571428571427,extreme fear,12334.6396484375,-0.015402111257588724,-0.020531609128287776,0.0027840959518303787,-0.099896672156214,-0.020602943422404096,-17.300000000000004
2022-05-02,13.27142857142857,extreme fear,12536.01953125,-0.07281175088907865,-0.04320028131437503,-0.0149377372265731,-0.12347373396846151,-0.04073776782589922,-16.700000000000003
2022-05-03,30.485714285714288,fear,12563.759765625,-0.0657518019415031,-0.019648527161066687,0.008309645565704349,-0.13315362498630035,-0.04754622709631884,12.585714285714285
2022-05-04,22.4,extreme fear,12964.8603515625,-0.12345833844593601,-0.0734392702269061,-0.01884172037441656,-0.18820569452419356,-0.05626363690254388,6.128571428571426
2022-05-05,13.128571428571432,extreme fear,12317.6904296875,-0.07685941403984597,-0.020809121154906518,0.02759116061083078,-0.16031820342233583,-0.0049335959658504125,-11.128571428571428
2022-05-06,12.242857142857146,extreme fear,12144.66015625,-0.027967860103125353,0.0025171813872673088,0.041153873246118744,-0.13746042579798923,0.0028728385964382763,-2.085714285714282
2022-05-09,8.185714285714285,extreme fear,11623.25,0.003401805782590861,0.039835633858860575,0.07490845396081136,-0.09108730077646099,0.05877791750908745,-5.085714285714285
2022-05-10,7.4,extreme fear,11737.669921875,0.021030546183187226,0.0014108887867205766,0.09517475702145561,-0.09554449341538085,0.0503370641432741,-23.08571428571429
2022-05-11,4.028571428571429,extreme fear,11364.240234375,0.004743841659289316,-0.0021313086159280292,0.12457233327335215,-0.08896945960731051,0.08099969562554965,-18.37142857142857
2022-05-12,3.2,extreme fear,11370.9599609375,0.00154252931351051,-0.049400357939628825,0.14741327684807004,-0.022584686886130467,0.08743764848487134,-9.92857142857143
2022-05-13,11.285714285714286,extreme fear,11805.0,-0.038151620738034686,-0.08273192635535787,0.1120753752382464,-0.04080219583862765,0.04557812830897934,-0.9571428571428591
2022-05-16,11.742857142857144,extreme fear,11662.7900390625,-0.0109339624039696,-0.048328028417701674,0.12344899983646918,-0.04000503403879374,0.07183360676403328,3.5571428571428587
2022-05-17,15.2,extreme fear,11984.51953125,-0.06008328778303518,-0.11167906384440607,0.07956936308134477,-0.052243176989065,0.05876917390500824,7.799999999999999
2022-05-18,6.6000000000000005,extreme fear,11418.150390625,0.001452936174638264,-0.05428206496201826,0.13550263398136164,-0.020536621637733066,0.10857713005934055,2.571428571428571
2022-05-19,13.714285714285714,extreme fear,11388.5,0.030921577962418123,-0.028028291286165907,0.11561836295934502,-0.02138473364029503,0.1169847015355403,10.514285714285712
2022-05-20,12.657142857142858,extreme fear,11354.6201171875,0.06838711974604905,-0.026556594227759245,0.09044337764836397,-0.018367901763556294,0.1061796757944844,1.3714285714285719
2022-05-23,17.885714285714283,extreme fear,11535.26953125,0.04734350729369741,-0.026274123958823337,0.07334291332729892,-0.044278095474172496,0.08225994394230463,6.142857142857139
2022-05-24,16.0,extreme fear,11264.4501953125,0.06480651545059701,0.03046486210377175,0.10360737167719547,-0.007993291949567882,0.12727116047209153,0.8000000000000007
2022-05-25,17.571428571428573,extreme fear,11434.740234375,0.07714737179582443,0.007854097991882192,0.1053394543457975,-0.013067189880345054,0.13476040239900788,10.971428571428572
2022-05-26,24.11428571428572,extreme fear,11740.650390625,0.023174191298827695,-0.0476217528808246,0.03415991081999592,-0.04380422054583655,0.10874860032409428,10.400000000000007
2022-05-27,29.542857142857144,fear,12131.1298828125,-0.00575047553681185,-0.07857802559063853,-0.009352794177750146,-0.08916151201587275,0.0662889742355608,16.885714285714286
2022-05-31,40.057142857142864,fear,12081.3896484375,0.007767386289427192,-0.08712982899269706,-0.016409536135244207,-0.09085125196189292,0.0843935052160465,22.17142857142858
2022-06-01,40.60000000000001,fear,11994.4599609375,0.007654331300575246,-0.07225088535747337,-0.014861841734062242,-0.0438919269939646,0.10390710164287276,24.60000000000001
2022-06-02,44.82857142857143,fear,12316.900390625,-0.045682753292644596,-0.08075571975941975,-0.04317405280124342,-0.06774839195319315,0.07408757625169815,27.257142857142856
2022-06-03,35.45714285714286,fear,12012.73046875,-0.05599983611136494,-0.05418259079966925,-0.031788785920145224,-0.04588719194058122,0.10519585504830653,11.342857142857142
2022-06-06,42.8,fear,12061.3701171875,-0.10381404734883282,-0.036481801282714055,-0.04281934439616797,-0.06810417718045647,0.0865183858300198,13.257142857142853
2022-06-07,45.62857142857143,neutral,12175.23046875,-0.11062467054172165,-0.044345846250985366,-0.03148442069403845,-0.09530339678503263,0.08733215073251621,5.571428571428569
2022-06-08,48.11428571428571,neutral,12086.26953125,-0.08167277240282667,-0.059047989955027136,-0.018544981795910576,-0.0933058561739577,0.0970415324724434,7.514285714285698
2022-06-09,47.05714285714286,neutral,11754.23046875,-0.09427506652358875,-0.04164458075765942,0.030463848953319106,-0.057190512857239195,0.1452829649431404,2.2285714285714278
2022-06-10,40.00000000000001,fear,11340.01953125,-0.04776622477433179,-0.008151613219912202,0.08169215427249665,-0.029576616965978797,0.19693976497091836,4.5428571428571445
2022-06-13,25.085714285714293,fear,10809.23046875,0.024059930694360965,0.04088727335541842,0.07626258373648387,0.030946677156351132,0.26063372486550307,-17.714285714285705
2022-06-14,20.528571428571432,extreme fear,10828.349609375,0.02075389850318765,0.05763300364440482,0.08231449022973014,0.03956835310955853,0.2728458915444576,-25.1
2022-06-15,29.25714285714286,fear,11099.150390625,0.011986506568545385,0.023506250918347016,0.04083285161360717,0.00646349092387255,0.2333890280523654,-18.857142857142847
2022-06-16,17.700000000000003,extreme fear,10646.099609375,0.0903166927882002,0.10022926897192952,0.07536100644253696,0.015445155511949249,0.28378378378378377,-29.357142857142854
2022-06-17,16.92857142857143,extreme fear,10798.349609375,0.06725103572142377,0.10180266624221912,0.06822060301098531,-0.008606820161139339,0.2503947995525213,-23.071428571428577
2022-06-21,19.728571428571428,extreme fear,11069.2998046875,0.010139777253794335,0.08946460610413998,0.03213843750526579,-0.047272143720274995,0.23138866884700016,-5.357142857142865
2022-06-22,26.885714285714283,fear,11053.080078125,0.011291836251101639,0.07066177643851757,0.015118894496496615,-0.04577635581993633,0.22070223285117252,6.3571428571428505
2022-06-23,26.742857142857144,fear,11232.1904296875,-0.018113136220942794,0.04900909538824605,-0.014723829729407556,-0.046546603333767145,0.18728224533925797,-2.514285714285716
2022-06-24,30.85714285714286,fear,11607.6201171875,-0.04133237502337794,-0.003881054361935421,-0.06372455526798593,-0.09747906879934665,0.16782508257683304,13.157142857142858
2022-06-27,30.77142857142857,fear,11524.5498046875,-0.017554661461067433,0.0440685428753953,-0.0626167525016017,-0.08908716353565538,0.17937361808889807,13.842857142857138
2022-06-28,28.142857142857142,fear,11181.5400390625,0.0161256472438136,0.08773834384711066,-0.03148403867737848,-0.07407830830268602,0.21551503913091974,8.414285714285715
2022-06-29,26.542857142857144,fear,11177.8896484375,0.03967295928704129,0.10849997802756373,-0.011294618570299453,-0.08629532404713236,0.2334993773893932,-0.3428571428571381
2022-06-30,24.371428571428574,extreme fear,11028.740234375,0.05499896842677554,0.12152251353220422,-0.026406503604307963,-0.04992867534486867,0.2527967145499641,-2.37142857142857
2022-07-01,24.571428571428573,extreme fear,11127.849609375,0.021994366260468023,0.10971662981690611,-0.049625894631273315,-0.05943368789490189,0.2393814505729659,-6.285714285714288
2022-07-05,22.17142857142857,extreme fear,11322.240234375,-0.0050793627793196405,0.11887399436983381,-0.04476239122150871,-0.08260377330499447,0.2081566682830236,-8.599999999999998
2022-07-06,22.828571428571426,extreme fear,11361.849609375,-0.010057300103295974,0.1195870844504816,-0.01632123813467734,-0.07948440393057432,0.20233238391842767,-5.314285714285717
2022-07-07,27.6,fear,11621.349609375,-0.031851651669517866,0.08916349908934773,-0.040675995200777915,-0.11324927131856422,0.17761541720678076,1.057142857142857
2022-07-08,31.342857142857145,fear,11635.3095703125,-0.01571850300435007,0.08673171818305958,-0.04830125031085919,-0.09161935269603394,0.18266730353465932,6.9714285714285715
2022-07-11,30.37142857142857,fear,11372.599609375,-0.00110351239985218,0.09859927515610689,-0.06332758063128363,-0.06480041890708055,0.2239031038658399,5.799999999999997
2022-07-12,30.314285714285717,fear,11264.73046875,0.03980742576300278,0.14115467212895894,-0.06414985794641803,-0.046348253727497735,0.2551183849203005,8.142857142857146
2022-07-13,27.28571428571428,fear,11247.580078125,0.05779646003715033,0.13623642307781125,-0.07302812184773777,-0.028086944396546465,0.254821045707575,4.4571428571428555
2022-07-14,26.51428571428572,fear,11251.1904296875,0.07185194552763896,0.1596275532996987,-0.07413356173509067,-0.02222794306748266,0.266083823248217,-1.0857142857142819
2022-07-15,33.285714285714285,fear,11452.419921875,0.033328364860115034,0.14631229855726113,-0.07013972040229621,-0.032592217904274134,0.2533280954028718,1.9428571428571395
2022-07-18,35.885714285714286,fear,11360.0498046875,0.03720231200158253,0.15338841201919662,-0.09143095092958287,-0.0233220327093705,0.26390462877420195,5.514285714285716
2022-07-19,39.31428571428571,fear,11713.150390625,-0.01285564285467744,0.10458072215506986,-0.0885629016398336,-0.06455484645746556,0.20064279048005096,8.999999999999993
2022-07-20,44.08571428571429,fear,11897.650390625,0.01132740724640846,0.08973952150807096,-0.09457749749367861,-0.0878644795445267,0.17946057495267653,16.800000000000008
2022-07-21,48.2,neutral,12059.6103515625,0.008539205594993104,0.05353484533738295,-0.11435697719361371,-0.07621976475744152,0.16578145622805862,21.685714285714283
2022-07-22,42.42857142857143,fear,11834.1103515625,0.04703184790325299,0.04626118437920579,-0.10303017899875466,-0.03969036804278947,0.19523640984511714,9.142857142857146
2022-07-25,42.2,fear,11782.669921875,0.049760415148903725,0.05080596221244549,-0.07833115935794877,-0.03805592396274515,0.1989880364220029,6.314285714285717
2022-07-26,42.0,fear,11562.5703125,0.06799435003435783,0.07515283690842423,-0.05275297312381211,-0.021553162852388064,0.2151372897056707,2.6857142857142904
2022-07-27,46.62857142857143,neutral,12032.419921875,0.05283560900490358,0.05043454378381074,-0.06925454813728338,-0.04321738843901379,0.18984046843496882,2.5428571428571445
2022-07-28,48.48571428571429,neutral,12162.58984375,0.04587758376656392,-0.00171672999589223,-0.0979725226849879,-0.044470782108174345,0.17952012815938212,0.2857142857142847
2022-07-29,52.4,neutral,12390.6904296875,0.02153708677610222,-0.03010490092777729,-0.12896944822249123,-0.08045402030112225,0.1527937234253256,9.971428571428568
2022-08-01,59.08571428571429,greed,12368.98046875,0.022271802666637974,-0.03927897061038843,-0.1023956886856896,-0.0634191852792031,0.12971721724487817,16.885714285714286
2022-08-02,57.371428571428574,greed,12348.759765625,0.011755830110089738,-0.043126563348893976,-0.11018186448063405,-0.0431168362840082,0.13045520291210932,15.371428571428574
2022-08-03,60.25714285714286,greed,12668.16015625,0.014732971965579322,-0.06970469764718323,-0.14029744848135195,-0.03689090112421978,0.09796845499405027,13.628571428571426
2022-08-04,61.51428571428571,greed,12720.580078125,0.004664101618056415,-0.08566588314918444,-0.17261636340102782,-0.056100419825955594,0.10013853964808805,13.028571428571425
2022-08-05,63.31428571428573,greed,12657.5498046875,0.030783258293457738,-0.08790324080142697,-0.18286393581029603,-0.06084112812179554,0.09692006168193679,10.914285714285732
2022-08-08,64.74285714285715,greed,12644.4599609375,0.03824519554365735,-0.06742554232812714,-0.1715541800629552,-0.04196857149410871,0.0852198965903963,5.657142857142858
2022-08-09,64.45714285714286,greed,12493.9296875,0.048713265754682045,-0.050568541723074234,-0.15442780650353327,-0.04669548899684406,0.09957319898475703,7.085714285714282
2022-08-10,65.11428571428571,greed,12854.7998046875,0.0064816499491200386,-0.05775976644181191,-0.17414503869276088,-0.08286552437588857,0.06145951836600427,4.857142857142854
2022-08-11,65.82857142857144,greed,12779.91015625,0.014509467221044181,-0.040180251169361525,-0.18988711224923638,-0.08308274675493188,0.0789066518892414,4.314285714285724
2022-08-12,68.02857142857144,greed,13047.1904296875,-0.026210294466683215,-0.10834670688725112,-0.14815757074136604,-0.08855549375565241,0.04474981630309394,4.714285714285708
2022-08-15,66.82857142857144,greed,13128.0498046875,-0.05686141531249844,-0.10727946177387504,-0.13747051187436132,-0.08896214071685571,0.02639996673392031,2.085714285714289
2022-08-16,67.94285714285715,greed,13102.5498046875,-0.05504653756339617,-0.11831204431449005,-0.1454930610103845,-0.07876023951981559,0.016361691885025564,3.4857142857142946
2022-08-17,67.14285714285715,greed,12938.1201171875,-0.03915482613869281,-0.11514189952398868,-0.12209733304600812,-0.08365125916745386,0.027257449541028267,2.028571428571439
2022-08-18,66.37142857142858,greed,12965.33984375,-0.02514938416035306,-0.11031876755544456,-0.13741866460668728,-0.09086304922951127,0.041051758489506485,0.5428571428571445
2022-08-19,63.71428571428572,greed,12705.2197265625,-0.044352618667970245,-0.10075936893862447,-0.12280462669708903,-0.09546626882329134,0.06301743754585365,-4.314285714285717
2022-08-22,60.31428571428573,greed,12381.5703125,-0.029390487752399164,-0.09379907826715739,-0.09978627193516576,-0.07062916721614343,0.10818175135549879,-6.514285714285705
2022-08-23,57.42857142857144,greed,12381.2998046875,-0.04023488358317584,-0.1061673859054233,-0.10958381272286344,-0.06387854478437471,0.08744396298885415,-10.514285714285712
2022-08-24,57.51428571428571,greed,12431.5302734375,-0.049497532853198134,-0.12577700022003335,-0.10112352136354397,-0.08338392948814077,0.09324034062517605,-9.62857142857144
2022-08-25,58.25714285714287,greed,12639.26953125,-0.06757824463871742,-0.14528921982672427,-0.10712242629231261,-0.09274974788705714,0.08432926831152776,-8.114285714285714
2022-08-26,55.74285714285714,greed,12141.7099609375,-0.042073942716348345,-0.1080745599391818,-0.07538885480874413,-0.05651345025392274,0.14841812318735026,-7.971428571428582
2022-08-29,54.285714285714285,neutral,12017.669921875,-0.03933872112467207,-0.08038415763767126,-0.08056219950863364,-0.053104258751802136,0.16655804839455968,-6.028571428571446
2022-08-30,49.8,neutral,11883.1396484375,-0.0076780430519047815,-0.09640801309299918,-0.07568364940643069,-0.03535759000717842,0.18108262141040665,-7.6285714285714405
2022-08-31,52.08571428571429,neutral,11816.2001953125,0.0038870099305037265,-0.10498976469754973,-0.02946803452523017,-0.010764072001586134,0.1875060796514716,-5.4285714285714235
2022-09-01,49.371428571428574,neutral,11785.1298828125,0.027762077359636095,-0.08228167232392714,-0.025683186397583047,-0.009282006182811275,0.18971537307880948,-8.885714285714293
2022-09-02,42.457142857142856,fear,11630.8603515625,0.05464340431205672,-0.03907279268910224,-0.014561291808455779,-0.008643408174357048,0.19272945485059156,-13.285714285714285
2022-09-06,40.62857142857143,fear,11544.91015625,0.007679588238458601,-0.034324260860356115,-0.026415946285853087,0.002692948089610736,0.19089970316329197,-13.657142857142851
2022-09-07,39.62857142857143,fear,11791.900390625,-0.006124602543489788,-0.06093935638091097,-0.06589359784664162,-0.038462908117048666,0.1670324390102913,-10.171428571428564
2022-09-08,40.371428571428574,fear,11862.1298828125,-0.02611415777016879,-0.10198248578784519,-0.07617351074820322,-0.0609705205995873,0.17330443907916315,-11.714285714285715
2022-09-09,43.8,fear,12112.3095703125,-0.054812765132320806,-0.1296375354198438,-0.08506301497096869,-0.0762422493581193,0.13715805161732986,-5.5714285714285765
2022-09-12,47.6,neutral,12266.41015625,-0.059625482572612354,-0.1500210496079709,-0.1028654694396951,-0.06833782296101432,0.12613141642843884,5.142857142857146
2022-09-13,36.62857142857143,fear,11633.5703125,-0.017924033827212082,-0.10456555214334595,-0.04210487966868515,-0.017150410617978507,0.19705726020534597,-4.0
2022-09-14,41.885714285714286,fear,11719.6796875,-0.04261970217029454,-0.09134458666279144,-0.03949511672074013,-0.0002047337577885111,0.16968470501340227,2.2571428571428527
2022-09-15,40.65714285714286,fear,11552.3603515625,-0.04203043936249162,-0.10655577437545105,-0.0330210183474241,0.006764800584837083,0.18679125452666812,0.2857142857142847
2022-09-16,35.285714285714285,fear,11448.400390625,-0.05070321471289063,-0.06748546168687253,-0.05571696441625562,0.019840295647198358,0.19476869806968455,-8.514285714285712
2022-09-19,36.31428571428571,fear,11535.01953125,-0.0634675656501178,-0.06611338095778307,-0.07192093370561448,0.02818294493839235,0.16767291518863248,-11.285714285714292
2022-09-20,36.114285714285714,fear,11425.0498046875,-0.052126670331288705,-0.06516733421652376,-0.07693791679484441,0.021436244080924594,0.15745495160331213,-0.5142857142857196
2022-09-21,27.21428571428571,fear,11220.1904296875,-0.015022096309883604,-0.05395189945580625,-0.0599882936339563,0.050552614458014844,0.17750314962171898,-14.671428571428574
2022-09-22,24.48571428571429,extreme fear,11066.8095703125,-0.029755622213909816,-0.018712696051582323,-0.032298328696633294,0.06841632051355706,0.19920020564022867,-16.171428571428567
2022-09-23,21.685714285714287,extreme fear,10867.9296875,-0.026896527555630656,0.007791793515180556,-0.03605190515385359,0.08289620766374695,0.20203302074984086,-13.599999999999998
2022-09-26,17.62857142857143,extreme fear,10802.919921875,0.0011579985518237468,0.03667528762387917,-0.028238621828046706,0.08452901279041503,0.211973216876586,-18.68571428571428
2022-09-27,16.514285714285716,extreme fear,10829.5,0.032033811002354584,0.013065260111270183,-0.04397890311187036,0.10127339529756685,0.21901105992312675,-19.599999999999998
2022-09-28,17.02857142857143,extreme fear,11051.6396484375,0.008776978175696781,-0.02343269730108455,-0.07585748685657945,0.0870305320044511,0.19614109155006432,-10.185714285714283
2022-09-29,13.257142857142858,extreme fear,10737.509765625,0.03127352729052024,0.033987436347282074,-0.0241601570138269,0.13824438096225533,0.23937205383071358,-11.228571428571433
2022-09-30,16.45714285714286,extreme fear,10575.6201171875,0.007260120218644861,0.03900766752836127,-0.01031992897136369,0.1525990968134534,0.23486562318348092,-5.228571428571428
2022-10-03,20.38571428571429,extreme fear,10815.4296875,-0.025272234762979684,0.0069733634311512915,-0.0396146275395034,0.12120650112866826,0.22380803611738154,2.75714285714286
2022-10-04,27.88571428571429,fear,11176.41015625,-0.06712528585423894,-0.05830229406873644,-0.06421117161879386,0.073409098614164,0.18283329739221243,11.371428571428574
2022-10-05,29.714285714285715,fear,11148.6396484375,-0.06561697768794839,-0.07226883675112061,-0.07565043275757,0.08425425362381733,0.204751455540356,12.685714285714287
2022-10-06,23.142857142857142,extreme fear,11073.3095703125,-0.038304643882138834,-0.05400910780241308,-0.04551661163716347,0.09130520327550706,0.21772448866833782,9.885714285714284
2022-10-07,19.67142857142857,extreme fear,10652.400390625,-0.03107381717258928,-0.0082498644579998,-0.0015724155482121915,0.12949940310181707,0.27321911929694553,3.2142857142857117
2022-10-10,19.4,extreme fear,10542.099609375,0.012682501614156738,0.007029015915539505,0.01902185341325846,0.13159050718334497,0.29572667624507765,-0.9857142857142911
2022-10-11,16.885714285714283,extreme fear,10426.1904296875,0.033205796812582955,-0.007003565521360722,0.048481705335843506,0.16689500477641417,0.30193475921093027,-11.000000000000007
2022-10-12,15.942857142857145,extreme fear,10417.099609375,0.02528632403715725,0.06691409388297309,0.05606166993684325,0.16380472311619543,0.2870406323737169,-13.77142857142857
2022-10-13,19.37142857142857,extreme fear,10649.150390625,-0.0032219046230397286,0.06330830749592153,0.04037972512845345,0.14166100398634351,0.2740904176444534,-3.7714285714285722
2022-10-14,16.45714285714286,extreme fear,10321.3896484375,0.05215674404914017,0.08475894311939247,0.07496284216361593,0.17749746596281635,0.31123331847556024,-3.2142857142857117
2022-10-17,23.4,extreme fear,10675.7998046875,0.025928787719816437,0.06393997302785515,0.02634087994175638,0.1387653095004684,0.2471477592565472,4.0
2022-10-18,28.800000000000004,fear,10772.400390625,0.03961231583388458,0.03817717042739255,0.007414238027627418,0.11948675624865257,0.22407070006195307,11.914285714285722
2022-10-19,29.428571428571427,fear,10680.509765625,0.027197247614987985,0.04348577038966095,0.04306160772917811,0.13032619470958795,0.21565448234508655,13.485714285714282
2022-10-20,39.08571428571429,fear,10614.83984375,0.01675296855559294,0.05004500627254216,0.07061532001741377,0.1339973445195204,0.22642736675769726,19.71428571428572
2022-10-21,43.74285714285715,fear,10859.7197265625,0.022351448735485224,0.015174428365718251,0.0436981631788127,0.08650687617560338,0.20996401822855804,27.28571428571429
2022-10-24,47.22857142857142,neutral,10952.6103515625,0.0032448921235868067,0.020250862357744426,0.03293735360069072,0.08233099040941028,0.17060858690489478,23.828571428571422
2022-10-25,51.371428571428574,neutral,11199.1201171875,-0.027526314977137534,0.007697050697778263,0.027974522621798448,0.08421376923532375,0.12469642434067474,22.57142857142857
2022-10-26,53.8,neutral,10970.990234375,-0.04067002341224113,0.023276852110154955,0.059312761442775086,0.11444635506245437,0.15240370244894774,24.37142857142857
2022-10-27,54.57142857142857,neutral,10792.669921875,-0.04166990146487948,0.023796713879338238,0.05569888199944728,0.13156426517057018,0.18501543745239424,15.48571428571428
2022-10-28,57.114285714285714,greed,11102.4501953125,-0.05649205213974362,-0.010688624563711446,0.04342281216253907,0.0880940290752612,0.15751388281848322,13.371428571428567
2022-10-31,64.05714285714286,greed,10988.150390625,-0.038553427493715264,0.04366973442449451,0.07536936540125883,0.09439074372197465,0.18868683647672313,16.828571428571443
2022-11-01,63.51428571428572,greed,10890.849609375,-0.025218364398869153,0.054320884701983374,0.12028177324176426,0.09875728890096425,0.22067523714987947,12.142857142857146
2022-11-02,55.285714285714285,greed,10524.7998046875,-0.01630718740474857,0.0889993361104422,0.1408245684601892,0.16253139093445124,0.28062105917060665,1.4857142857142875
2022-11-03,55.51428571428572,greed,10342.9404296875,0.07456389855286072,0.0867258209691828,0.14932985219481387,0.18505177567239728,0.30705386590396855,0.9428571428571502
2022-11-04,56.51428571428572,greed,10475.25,0.08096036639936988,0.0515156820541276,0.15642013690007395,0.16269776899716004,0.3021035633099449,-0.5999999999999943
2022-11-07,59.65714285714286,greed,10564.51953125,0.0597945030480489,0.03729751005447546,0.12740759255719225,0.16488406247769927,0.2920994765423919,-4.400000000000006
2022-11-08,57.94285714285714,greed,10616.2001953125,0.06991295824142596,0.04387632072850045,0.11052729425078067,0.1612921326661263,0.27366194556907386,-5.5714285714285765
2022-11-09,54.0,neutral,10353.169921875,0.0802160343780578,0.06292277633114707,0.13183886728532523,0.18656801028821368,0.33274257601130985,-1.2857142857142847
2022-11-10,60.34285714285714,greed,11114.150390625,0.002772103060481257,0.0026623576890736356,0.0699684295340699,0.11256457096061911,0.23875777729158254,4.828571428571422
2022-11-11,63.74285714285713,greed,11323.330078125,-0.015655333421301654,-0.005874641766471789,0.056239666962481616,0.09005475593548651,0.24472039458080963,7.2285714285714135
2022-11-14,62.68571428571429,greed,11196.2197265625,-0.015336422929439819,-0.002262377726019893,0.07809511947261072,0.11649919506697337,0.25969659297497616,3.028571428571432
2022-11-15,66.91428571428573,greed,11358.41015625,-0.01619945022840663,-0.048235613547643164,0.04379309384256502,0.11713168209266733,0.2425744208672469,8.971428571428582
2022-11-16,65.08571428571427,greed,11183.66015625,0.009090061288493878,-0.04276328083277181,0.05397243537149787,0.1318209078045991,0.26304628998011537,11.085714285714275
2022-11-17,61.48571428571429,greed,11144.9599609375,0.0073037849315120695,-0.053739958653886366,0.03116564303213365,0.14139308871661882,0.2817031486433357,1.142857142857146
2022-11-18,60.34285714285715,greed,11146.0595703125,-0.008663112708430676,-0.05373640926388912,0.03238909140132806,0.12687806132439783,0.2739910799123675,-3.3999999999999844
2022-11-21,60.97142857142857,greed,11024.509765625,-0.0036944492819532826,-0.028585366164772474,0.05133023028057693,0.1324004805344059,0.29401312664661083,-1.7142857142857224
2022-11-22,60.8,greed,11174.41015625,0.026273408586652947,-0.06249010277038536,0.019735294333558473,0.13635437273150264,0.2753111269505626,-6.114285714285728
2022-11-23,64.25714285714285,greed,11285.3203125,0.01746781459044211,-0.06977736910712962,0.01609703147271646,0.1497848594793707,0.26190654203019537,-0.8285714285714221
2022-11-25,63.08571428571429,greed,11226.3603515625,0.020945314516362723,-0.07777497385347842,0.020414424650826657,0.1595414078872157,0.2721629556134144,1.6000000000000014
2022-11-28,59.74285714285715,greed,11049.5,0.017235207899678695,-0.07567853395515634,0.029863837164577633,0.17066745455111088,0.2904194972057559,-0.6000000000000014
2022-11-29,58.17142857142857,greed,10983.7802734375,0.002832301286582739,-0.046039743794805355,0.04362798448102323,0.19275696914955653,0.2952025051854248,-2.799999999999997
2022-11-30,73.97142857142856,greed,11468.0,-0.04442363056439658,-0.0873316647410185,0.019271866552581063,0.15458401911841646,0.24738666493176664,13.171428571428564
2022-12-01,75.60000000000001,extreme greed,11482.4501953125,-0.034874977770508964,-0.09540383001266628,0.01683351861098492,0.15214344172820127,0.2354062062612705,11.342857142857156
2022-12-02,68.14285714285714,greed,11461.5,-0.039862136963966344,-0.08748769658203548,0.006005328981808722,0.15834924938925976,0.24153995168607945,5.05714285714285
2022-12-05,65.08571428571429,greed,11239.9404296875,-0.008558781598024368,-0.08315882109514772,0.029898696742634234,0.1659225840745271,0.2586107594994447,5.342857142857142
2022-12-06,61.82857142857144,greed,11014.8896484375,0.02196299096916654,-0.04045429628414021,0.029365701451524284,0.2018749123944179,0.3018732544823248,3.6571428571428726
2022-12-07,58.42857142857143,greed,10958.5498046875,0.01937663719511251,-0.029465524163095003,0.01645654278751918,0.20993561052813092,0.3144047326774231,-15.54285714285713
2022-12-08,55.6857142857143,greed,11082.0,-0.024496456105621678,-0.03062354423276481,0.009640844951272376,0.21475545225365456,0.30233624204791565,-19.91428571428571
2022-12-09,52.08571428571428,neutral,11004.6201171875,-0.027189485666132218,-0.006629051665178576,0.038486587353979695,0.23342016061968285,0.3206635245796532,-16.057142857142857
2022-12-12,57.2,greed,11143.740234375,-0.05363638673968274,-0.012800067302358498,0.026051358359645116,0.22279236433711125,0.3221736733855103,-7.885714285714286
2022-12-13,59.17142857142858,greed,11256.8095703125,-0.06304621343348338,-0.015781506558573577,0.04090596898248999,0.22439846089688942,0.3113448777922878,-2.6571428571428655
2022-12-14,60.94285714285714,greed,11170.8896484375,-0.04131448306935459,-0.006783640270370039,0.04114445059009131,0.2254682253006406,0.32611818647291524,2.5142857142857125
2022-12-15,60.142857142857146,greed,10810.5302734375,-0.03093374217467182,0.01354970463820937,0.08001547969856859,0.2642571357155652,0.3787306629106837,4.457142857142848
2022-12-16,44.142857142857146,fear,10705.41015625,-0.019387375323151823,0.013718238989120835,0.10786136901427978,0.2612501527958446,0.401461458046366,-7.942857142857136
2022-12-19,39.971428571428575,fear,10546.0302734375,-0.01828174200989241,0.05636238457987597,0.10657372095079842,0.29248731495624414,0.40127991732671187,-17.228571428571428
2022-12-20,38.31428571428573,fear,10547.1103515625,-0.03165040483818837,0.07749040044569377,0.11759524625422713,0.27926219424177656,0.418764914597739,-20.857142857142847
2022-12-21,38.54285714285714,fear,10709.3701171875,-0.021596066893450394,0.05835071598278185,0.10407613440880081,0.24524412990777744,0.39998613947427564,-22.400000000000006
2022-12-22,37.0,fear,10476.1201171875,-0.0009201544397801076,0.07991892275093271,0.12339680264276631,0.29395900106520156,0.4389459211877609,-23.142857142857146
2022-12-23,39.51428571428572,fear,10497.8603515625,-0.010562141150600945,0.09664348454935334,0.1160445734431188,0.2947162130973675,0.43831020625575756,-4.628571428571426
2022-12-27,39.94285714285714,fear,10353.23046875,0.010192885901026516,0.12252016373210806,0.1519341977726607,0.31276224547969056,0.45801252024673755,-0.028571428571432023
2022-12-28,35.51428571428572,fear,10213.2900390625,0.009002994623751981,0.11558660595507408,0.1762585494600566,0.3499978820870364,0.4697858919076505,-2.8000000000000114
2022-12-29,37.142857142857146,fear,10478.08984375,0.008703895144294815,0.10559748746547393,0.1664254018150224,0.3186343825340898,0.4092206356194903,-1.3999999999999915
2022-12-30,36.51428571428571,fear,10466.48046875,0.016163018923132322,0.12896788445554797,0.1646178705159589,0.3176970455162107,0.3941849893577676,-0.48571428571428754
2023-01-03,36.6,fear,10386.98046875,0.03423992325127578,0.17462628809277847,0.16745478771313405,0.31694096087086177,0.3969699710462353,-2.914285714285718
2023-01-04,39.85714285714285,fear,10458.759765625,0.04521665731383595,0.14802810891363682,0.14706338231353233,0.30615101911619025,0.38869910371557936,-0.08571428571429607
2023-01-05,44.17142857142858,fear,10305.240234375,0.06752480865791322,0.15353450525682577,0.17299157380299723,0.32801178405328146,0.4404098491305337,8.657142857142858
2023-01-06,45.71428571428572,neutral,10569.2900390625,0.04824071581942557,0.1461309127000736,0.14334646006501184,0.30195123271809465,0.40574342325980717,8.571428571428577
2023-01-09,47.2,neutral,10635.650390625,0.043199987218694114,0.11986752984554272,0.13127824259983512,0.3087079256767067,0.407497411142838,10.68571428571429
2023-01-10,49.65714285714286,neutral,10742.6298828125,0.01995599635760459,0.09745753197618323,0.11046735984418099,0.3161181634974486,0.39353124821314167,13.057142857142857
2023-01-11,54.22857142857144,neutral,10931.669921875,-0.007263335903155532,0.07194236570743517,0.1129378784941617,0.29108364011888477,0.36966811773775854,14.371428571428595
2023-01-12,56.68571428571429,greed,11001.099609375,0.01266510467792381,0.08096376374307757,0.1020234482952076,0.2948660316804268,0.35844144131188593,12.514285714285712
2023-01-13,61.31428571428571,greed,11079.16015625,0.02574653637794766,0.07951778130745901,0.09735030048320592,0.2955530424695858,0.3408615732309921,15.599999999999987
2023-01-17,64.14285714285714,greed,11095.1103515625,0.021555367374405554,0.08791976476828145,0.09538434239533822,0.29408532914933927,0.3569626541393296,16.942857142857136
2023-01-18,58.42857142857143,greed,10957.009765625,0.03252261278943691,0.08203153339516356,0.1095390739625337,0.28349886247548794,0.3973675349452557,8.771428571428572
2023-01-19,55.42857142857144,greed,10852.26953125,0.06082972995639957,0.08615709343631672,0.11124770128368167,0.29307602708390856,0.4153988706999292,1.1999999999999957
2023-01-20,58.54285714285714,greed,11140.4296875,0.04320123073686433,0.031584968179666495,0.08366196812707094,0.2619683900489138,0.3846809200722312,1.857142857142847
2023-01-23,63.60000000000001,greed,11364.41015625,0.002586972280856248,0.01255323895288507,0.059201492185891436,0.24463649022149392,0.36231618790707976,2.285714285714299
2023-01-24,63.0,greed,11334.26953125,0.022081729461916,0.022597914993005563,0.04101637284328197,0.24642176846834452,0.36846048677734466,-1.1428571428571388
2023-01-25,63.88571428571429,greed,11313.3603515625,0.0444571679242971,0.007210950203113908,0.0478186180764395,0.24190425434667828,0.36611580213901207,5.457142857142863
2023-01-26,68.02857142857144,greed,11512.41015625,0.059797222901780245,-0.003946149145436451,0.05470879421222419,0.24358496283053244,0.35749507070664577,12.600000000000001
2023-01-27,69.2,greed,11621.7099609375,0.03314832633664544,-0.014298233429807183,0.0520465679508928,0.23441555325931884,0.33456267991167854,10.657142857142865
2023-01-30,67.45714285714287,greed,11393.8095703125,0.04332533574075348,-0.0012576216474458057,0.07186271053677462,0.25365533521535166,0.33089900020236107,3.857142857142861
2023-01-31,70.34285714285716,greed,11584.5498046875,0.04568500660775365,-0.010494092389184528,0.042812191176977654,0.20621434849875397,0.32604545773731,7.342857142857156
2023-02-01,82.17142857142858,extreme greed,11816.3203125,0.00797195880432855,-0.010774127944070955,0.017688227815210622,0.18139313740463558,0.32265796643810307,18.285714285714285
2023-02-02,75.2,extreme greed,12200.8203125,-0.0337059495871499,-0.04303645694929581,-0.019213455806314284,0.14002500472240276,0.2784123762170192,7.171428571428564
2023-02-03,76.14285714285714,extreme greed,12006.9501953125,-0.024055240791933885,-0.0396953522280431,0.019027309784851898,0.16552498036415586,0.29999706387503267,6.942857142857136
2023-02-06,75.91428571428573,extreme greed,11887.4501953125,0.0003650777650965331,-0.026199915894100867,0.031080654008392106,0.16798136558964627,0.3254852293430186,8.457142857142856
2023-02-07,76.34285714285714,extreme greed,12113.7900390625,-0.012683037095910454,-0.0640130320227601,0.005428504655681676,0.13276022508245178,0.3037794042994486,5.999999999999986
2023-02-08,74.62857142857142,greed,11910.51953125,0.013439406407085741,-0.06478557721919276,0.03324127863597459,0.1534333324696886,0.34256613360104127,-7.542857142857159
2023-02-09,72.62857142857143,greed,11789.580078125,0.005619368930953161,-0.05095518503577956,0.04571237346272894,0.15736519188604214,0.3522576460775,-2.5714285714285694
2023-02-10,72.4857142857143,greed,11718.1201171875,0.005901067182360942,-0.024745413399303584,0.04835418237063571,0.17666741254009066,0.3360163108767096,-3.657142857142844
2023-02-13,71.82857142857144,greed,11891.7900390625,-0.03359378470884056,-0.03849212211714148,0.03981065258635552,0.14625718751439676,0.3336217960904455,-4.085714285714289
2023-02-14,73.25714285714287,greed,11960.150390625,-0.03788247332409367,-0.020306610640772105,0.032014598609281464,0.12662712781393037,0.32993059471418507,-3.0857142857142748
2023-02-15,73.65714285714284,greed,12070.58984375,-0.03978177200459143,-0.036458871009759974,0.03562215884359943,0.10325426179527919,0.3069494196088052,-0.9714285714285751
2023-02-16,70.71428571428572,greed,11855.830078125,-0.03887451535661601,-0.01520686766548296,0.0702616147613293,0.1210332963492875,0.31840454615468894,-1.914285714285711
2023-02-17,69.48571428571428,greed,11787.26953125,-0.027172455983199617,0.006179617774870305,0.07386196243895271,0.14509893983213473,0.3218387919169947,-3.000000000000014
2023-02-21,65.91428571428573,greed,11492.2998046875,-0.003198643113191846,0.015459060350786924,0.10689596422196757,0.1752103884096985,0.39585813021031835,-5.914285714285711
2023-02-22,64.17142857142859,greed,11507.0703125,-0.01108795204035562,0.02436155081284941,0.09152457218897347,0.1923999680902706,0.39017316120184264,-9.085714285714275
2023-02-23,62.65714285714285,greed,11590.400390625,-0.01099357378353083,0.020151121828493324,0.07711206994608455,0.16164837044395397,0.3784036324510871,-10.999999999999993
2023-02-24,60.65714285714286,greed,11394.9404296875,0.025807009501458644,0.03281275723814847,0.11436210852558526,0.19269165771301155,0.40722980551178356,-10.057142857142864
2023-02-27,61.22857142857144,greed,11466.98046875,0.01820529529930881,0.02172320865583144,0.13156994250134635,0.19518210745731546,0.39075323951549734,-8.257142857142838
2023-02-28,61.2,greed,11455.5400390625,0.006528722243340113,0.0410893064584863,0.13634360694577285,0.21720667188782583,0.40472818103754205,-4.714285714285722
2023-03-01,65.91428571428573,greed,11379.48046875,0.01726964001473319,0.05571337457395731,0.136720615197242,0.23198151346293194,0.43020065585430456,1.7428571428571331
2023-03-02,52.45714285714287,neutral,11462.98046875,-0.010872465473945825,0.06620701217881075,0.1428947736991668,0.22437351828559526,0.4139001466337118,-10.199999999999982
2023-03-03,55.6857142857143,greed,11689.009765625,-0.04706302143790586,0.042812902009817355,0.13275374020033848,0.20042756843074927,0.36363902189773945,-4.971428571428561
2023-03-06,55.25714285714285,greed,11675.740234375,-0.041701886206023775,0.038591972303683164,0.1330698886697328,0.20086177954121287,0.3730641241797603,-5.971428571428589
2023-03-07,48.51428571428571,neutral,11530.330078125,-0.008861818075256322,0.040461137736428565,0.1514345063774567,0.20312858630829123,0.41135420864367744,-12.68571428571429
2023-03-08,49.82857142857143,neutral,11576.0,-0.012262456402254651,0.04422598142169143,0.13207501646725994,0.18770128525613328,0.38952231786130787,-16.085714285714296
2023-03-09,37.54285714285714,fear,11338.349609375,0.03342026636303275,0.06579535539904935,0.16758787542623166,0.21371546543766096,0.41283961803441205,-14.914285714285732
2023-03-10,26.885714285714283,fear,11138.8896484375,0.044135468857657845,0.08016869387877135,0.19034662043693173,0.2494862672770819,0.4602568264709537,-28.800000000000015
2023-03-13,23.357142857142858,extreme fear,11188.83984375,0.0434987185543072,0.06618201800552526,0.20315601169273378,0.2310132725026297,0.44588444889456325,-31.899999999999995
2023-03-14,25.085714285714285,fear,11428.150390625,0.03779788908727122,0.06458780427237909,0.18770928352804805,0.20873364206703804,0.41129839231625986,-23.428571428571427
2023-03-15,22.685714285714287,extreme fear,11434.0498046875,0.020632248440380696,0.060295340115832374,0.1917457682547168,0.21794552608808648,0.3969827134500188,-27.142857142857142
2023-03-16,32.57142857142857,fear,11717.2802734375,0.005984333868539249,0.03758888093881785,0.1762815253079657,0.16992422799692797,0.3743334476532265,-4.971428571428568
2023-03-17,27.000000000000004,fear,11630.509765625,0.016632993670170793,0.0449593698954176,0.17703957851965657,0.17881679398927353,0.39003279863492124,0.11428571428572099
2023-03-20,30.428571428571438,fear,11675.5400390625,0.007991048326274397,0.04125637255972081,0.17059168084185083,0.17152528995873362,0.40202595353048864,7.07142857142858
2023-03-21,43.48571428571429,fear,11860.1103515625,-0.012144092185324862,0.016816809695512136,0.13845485371336896,0.1356664890591024,0.38294158802570943,18.400000000000002
2023-03-22,41.02857142857143,fear,11669.9599609375,0.021960681467231957,0.03449026400666977,0.16800832198120852,0.13316416791610464,0.40778720471121477,18.342857142857145
2023-03-23,38.34285714285715,fear,11787.400390625,0.019178896825911007,0.021192103127859907,0.14465608057067025,0.12084167267452717,0.38999865620550556,5.771428571428579
2023-03-24,37.71428571428572,fear,11823.9599609375,0.03365625362629765,-0.0020974195421357145,0.12786074356599308,0.12240910459305554,0.3798845944348799,10.714285714285719
2023-03-27,40.2,fear,11768.83984375,0.035739321559879134,0.007265776980592609,0.15182720657668902,0.11001683470950674,0.3934695134762314,9.771428571428565
2023-03-28,39.6,fear,11716.080078125,0.035015977806943654,0.03637395386582254,0.16009364133461745,0.11751110628038086,0.3980324350564537,-3.885714285714286
2023-03-29,41.457142857142856,fear,11926.240234375,0.005921406562308773,0.02518311201583301,0.13961565514592866,0.10691047756923866,0.37485324426590205,0.4285714285714235
2023-03-30,45.22857142857144,neutral,12013.4697265625,0.0062005595444500905,0.016575551222492546,0.14770505405187673,0.10037488031216268,0.3518534249438272,6.885714285714293
2023-03-31,49.48571428571429,neutral,12221.91015625,-0.011254362282900665,-0.011569418267462162,0.13049182612297527,0.08884530823070369,0.3318261837012102,11.771428571428565
2023-04-03,61.48571428571428,greed,12189.4501953125,-0.012926777662260247,-0.013464111552021651,0.13144154737419012,0.071374796837397,0.31663691314779197,21.285714285714278
2023-04-04,50.22857142857144,neutral,12126.330078125,-0.016244835255668666,-0.013188630564205162,0.12804450735993678,0.0915099358462772,0.3399370977507139,10.62857142857144
2023-04-05,52.62857142857143,neutral,11996.8603515625,0.014121126254956762,0.01988435288041268,0.13869123472653366,0.10194081540702582,0.3548511431009984,11.171428571428578
2023-04-06,55.25714285714286,greed,12087.9599609375,0.002937614431198554,0.013977541411743344,0.13215799133806883,0.11113371380726456,0.3489984828815411,10.028571428571418
2023-04-10,57.91428571428572,greed,12084.3603515625,0.006070604720961992,0.007877078335610133,0.13871978284173325,0.1158422822629166,0.33812298550594644,8.42857142857143
2023-04-11,58.48571428571428,greed,12031.8798828125,0.010100688722059603,0.022819422197458028,0.15684000310048707,0.1272419585175939,0.36655280628570996,-3.0
2023-04-12,60.74285714285714,greed,11929.33984375,0.019103372691607667,0.03346119123969227,0.18519301970489654,0.1450490862372873,0.3559082108155738,10.514285714285698
2023-04-13,63.17142857142856,greed,12166.26953125,-0.008770968016400316,0.009737635913843468,0.1600680191294772,0.11572571129515685,0.30566066208282705,10.542857142857123
2023-04-14,65.71428571428571,greed,12123.4697265625,-0.0042075220028171545,0.019939855489171432,0.17498954644162978,0.1058905388590845,0.3086393877191169,10.457142857142848
2023-04-17,67.08571428571429,greed,12157.7197265625,-0.009913004573274153,0.01524381893095339,0.18061939008820027,0.11599714205504563,0.2899927346508957,9.17142857142857
2023-04-18,65.4857142857143,greed,12153.41015625,-0.029148197538435228,0.028564835036976932,0.18139841794660905,0.1135763399740235,0.2837137724654828,7.000000000000014
2023-04-19,67.25714285714287,greed,12157.23046875,-0.024913639677519583,0.0437278355762436,0.15678563522029543,0.09517540519707435,0.25703052228114,6.514285714285727
2023-04-20,64.05714285714285,greed,12059.5595703125,0.0068560268375006395,0.049615478643636246,0.16362537856337878,0.09342133190012558,0.2812499063688534,0.8857142857142932
2023-04-21,63.51428571428572,greed,12072.4599609375,0.012766256229979733,0.05370241977175749,0.1645406290579856,0.07548996744025871,0.300202253660534,-2.1999999999999886
2023-04-24,63.48571428571429,greed,12037.2001953125,0.014571446118409215,0.043452779400577235,0.17507055966558105,0.08150814698542352,0.30534922947603915,-3.6000000000000014
2023-04-25,57.057142857142864,greed,11799.16015625,0.023844884351872153,0.05805497941623883,0.19731235836766725,0.11362757545309932,0.3231246596271915,-8.42857142857143
2023-04-26,52.4,neutral,11854.349609375,0.014423437336012146,0.07117558214309194,0.18522827607943881,0.0815624769850598,0.3436334270104904,-14.857142857142868
2023-04-27,58.31428571428573,greed,12142.240234375,-0.014481664038584308,0.06864056213885306,0.17907897388812644,0.03733825953336001,0.31632052814080236,-5.742857142857119
2023-04-28,59.42857142857143,greed,12226.580078125,0.0007222034345317763,0.0646828143537812,0.17334687537989169,0.034059375952973925,0.28063777544089796,-4.085714285714289
2023-05-01,59.42857142857144,greed,12212.599609375,0.0036290645659076137,0.05917580636416897,0.16960439325997045,0.04723653258329685,0.27781807050895657,-4.05714285714285
2023-05-02,55.51428571428572,greed,12080.509765625,0.008198332767737737,0.08447248691679721,0.1566937543541289,0.06379949883763247,0.311282410119218,-1.5428571428571445
2023-05-03,54.62857142857143,neutral,12025.330078125,0.02337651854345868,0.10107327160490809,0.16085958854104998,0.08616309421080404,0.3435248740086234,2.228571428571435
2023-05-04,49.6,neutral,11966.400390625,0.03026050969209515,0.10554797229286361,0.16235791719555914,0.11095985390082297,0.36626299190262057,-8.71428571428573
2023-05-05,53.885714285714286,neutral,12235.41015625,0.004031746994586971,0.08508172201266495,0.14376226149447757,0.10157976735684882,0.33485999747786344,-5.5428571428571445
2023-05-08,57.142857142857146,greed,12256.919921875,0.008835012364666994,0.06918381405401886,0.13277400855989674,0.1029508522210747,0.33008617740329393,-2.285714285714292
2023-05-09,59.57142857142857,greed,12179.5498046875,0.013424141501279019,0.08694654100884236,0.12664423162577454,0.11989856524195797,0.3421070587792887,4.05714285714285
2023-05-10,59.971428571428575,greed,12306.4404296875,0.015774657499189493,0.07741468576500421,0.11632525366425983,0.10920864845047862,0.3278307574436816,5.342857142857142
2023-05-11,59.057142857142864,greed,12328.509765625,0.029227383112409244,0.09193407620199423,0.10677201614588383,0.09676274362159476,0.3292961230455893,9.457142857142863
2023-05-12,57.34285714285715,greed,12284.740234375,0.03037590939089041,0.10489274120093417,0.12239492370727345,0.12319105559536436,0.3440397902186514,3.4571428571428626
2023-05-15,57.25714285714286,greed,12365.2099609375,0.02875570359284385,0.10200154399293959,0.10237107560234482,0.11342551221274721,0.35399161663168655,0.11428571428571388
2023-05-16,55.28571428571429,greed,12343.0498046875,0.017596963372052077,0.11664625279772589,0.09167751050435369,0.14188795361255857,0.3528520565604869,-4.285714285714278
2023-05-17,60.25714285714286,greed,12500.5703125,-0.0013127526056623262,0.09511566034799657,0.06530577042422436,0.1282557108331932,0.33481675523554233,0.2857142857142847
2023-05-18,64.91428571428573,greed,12688.83984375,0.000728987055861996,0.07711108402037592,0.04743857098834692,0.11229001986551301,0.3235937522607679,5.857142857142861
2023-05-19,65.45714285714287,greed,12657.900390625,0.02510606255820025,0.06670141007846975,0.06633718288278767,0.11594182548726284,0.3298113131852405,8.114285714285721
2023-05-22,67.85714285714286,greed,12720.7802734375,0.02332006431098721,0.07152313447507885,0.06171711379917166,0.12292878002659124,0.320794691940683,10.600000000000001
2023-05-23,65.8,greed,12560.25,0.029859281388706416,0.0742238037658487,0.0924169720696244,0.1305491904022611,0.33245988709420593,10.514285714285705
2023-05-24,61.82857142857143,greed,12484.16015625,0.049408234497151815,0.06821605190327107,0.07848421984733789,0.14271686465192612,0.35538064641287637,1.5714285714285694
2023-05-25,62.6857142857143,greed,12698.08984375,0.04273711197334973,0.06753614824572218,0.07029093019957777,0.12228294056284916,0.34034969580501007,-2.2285714285714278
2023-05-26,65.71428571428571,greed,12975.6904296875,0.019554971597654847,0.04747797996960501,0.05621584894288878,0.09751535830937463,0.3040215601484959,0.25714285714283847
2023-05-30,66.08571428571429,greed,13017.4296875,0.019895650723098957,0.04408707436123804,0.07116075142042133,0.09712593872038155,0.2857438434406754,-1.7714285714285722
2023-05-31,64.17142857142858,greed,12935.2900390625,0.01311221867080703,0.06591501854521198,0.08380326440121832,0.10229381724852304,0.2937490756459984,-1.6285714285714192
2023-06-01,68.05714285714286,greed,13100.98046875,0.010498379325736273,0.05463629719984575,0.07129155409706622,0.08588969814103242,0.2845351507863647,6.228571428571435
2023-06-02,75.42857142857143,extreme greed,13240.76953125,0.0013873904491839006,0.041604897515574724,0.059742754165121426,0.08037755960298987,0.2731171508925587,12.742857142857133
2023-06-05,69.48571428571428,greed,13229.4296875,0.017573715561954417,0.033985618593016076,0.059830281917623296,0.07226770688220574,0.29921703328339344,3.7714285714285722
2023-06-06,73.51428571428572,greed,13276.419921875,0.022362985832935944,0.02894604170016546,0.04489537150790279,0.07181832451713688,0.2935052703725929,7.428571428571431
2023-06-07,74.45714285714287,greed,13104.900390625,0.039800384785688925,0.044302517441516365,0.04913655718899279,0.07949770996029781,0.30738352438235395,10.285714285714292
2023-06-08,75.77142857142857,extreme greed,13238.51953125,0.041114928294297526,0.03944403774378813,0.039506739477395136,0.08320195475974024,0.29867461813168905,7.714285714285708
2023-06-09,76.97142857142856,extreme greed,13259.1396484375,0.03246294069413658,0.04976343337463485,0.049682710753983894,0.08634271215779155,0.30804495925901354,1.5428571428571303
2023-06-12,78.05714285714286,extreme greed,13461.919921875,0.015255633548509229,0.05026403325468265,0.02315349010366763,0.07209746589881783,0.3080184368436256,8.571428571428584
2023-06-13,79.62857142857145,extreme greed,13573.3203125,-0.005239699318228208,0.03981191560880282,0.017701603271583544,0.07073288303974068,0.3016388135042032,6.114285714285728
2023-06-14,79.62857142857142,extreme greed,13626.48046875,0.00030307773323934306,0.04538734179972992,0.021984351470984098,0.08127406741067977,0.29812543304497585,5.1714285714285495
2023-06-15,80.88571428571429,extreme greed,13782.8203125,-0.021062509317248956,0.041415278077724604,-0.005404571247834,0.071011537234136,0.2955998211088193,5.114285714285714
2023-06-16,81.25714285714287,extreme greed,13689.5703125,-0.025843765069781144,0.0488290869246375,0.0015099028971075068,0.08213184078892177,0.3048057799476678,4.285714285714306
2023-06-20,80.11428571428571,extreme greed,13667.2900390625,-0.008166953131782395,0.02897571721373704,0.0007975531794413016,0.09054607956025262,0.2966425526274705,2.05714285714285
2023-06-21,80.11428571428573,extreme greed,13502.2001953125,0.006632237960639165,0.039297993462147796,-0.002449253604718482,0.1111685139856764,0.3101093984031682,0.48571428571428044
2023-06-22,80.05714285714285,extreme greed,13630.6103515625,-0.0028817692256163374,0.031418972047418725,-0.029832111132564787,0.084173052308951,0.2836417343919093,0.4285714285714306
2023-06-23,75.71428571428571,extreme greed,13492.51953125,0.021893641876213232,0.04832604003665231,-0.020804858594967945,0.10904935749988787,0.3131461732991516,-5.171428571428578
2023-06-26,73.45714285714287,greed,13335.7802734375,0.036067575196221835,0.05935160776280379,-0.004833610003750044,0.12426640355089136,0.33514198578351717,-7.799999999999997
2023-06-27,75.48571428571428,extreme greed,13555.669921875,0.01740824836470778,0.03647480593265362,-0.03629917024745899,0.11204908347420939,0.3174324685112879,-4.628571428571433
2023-06-28,76.51428571428573,extreme greed,13591.75,0.006422281094230042,0.05333457106332884,-0.03670611883127628,0.11090769676458145,0.30465904753802864,-3.5999999999999943
2023-06-29,79.20000000000002,extreme greed,13591.330078125,0.005105434717473489,0.055527269868874685,-0.02869842778046261,0.11064476851554472,0.3154930884966447,-0.8571428571428328
2023-06-30,79.4857142857143,extreme greed,13787.919921875,-0.007429652457037861,0.035972810778230224,-0.041238969518012425,0.0887319983313064,0.30757647765430995,3.7714285714285865
2023-07-03,82.22857142857143,extreme greed,13816.76953125,-0.004058064065604161,0.011339891260987445,-0.0368392914746658,0.06869702040630532,0.31639315109893906,8.771428571428558
2023-07-05,79.25714285714287,extreme greed,13791.650390625,0.009230916294038272,0.012186310642832598,-0.053088690861842536,0.058046683873069105,0.33071526944305774,3.7714285714285865
2023-07-06,77.91428571428573,extreme greed,13679.0400390625,0.033593751617455814,0.016828680569332954,-0.03238752662265498,0.06076886705874207,0.3453970586985948,1.3999999999999915
2023-07-07,77.68571428571428,extreme greed,13660.7197265625,0.033159341368317774,0.02442628724851703,-0.03227426206396833,0.06319949484497234,0.34907160320881814,-1.5142857142857338
2023-07-10,76.6857142857143,extreme greed,13685.48046875,0.040880532315983764,0.014529255600783664,-0.0185700915346243,0.08463634617322247,0.36257176073067865,-2.799999999999997
2023-07-11,78.28571428571429,extreme greed,13760.7001953125,0.04308933736722076,-0.002810951733086653,-0.020090544595374182,0.07972049024065586,0.32866859220420586,-3.942857142857136
2023-07-12,78.17142857142858,extreme greed,13918.9599609375,0.031543992621911876,-0.013001670172942403,-0.025585253365691396,0.07548627430757637,0.3218264346175177,-1.085714285714289
2023-07-13,79.39999999999999,extreme greed,14138.5703125,-0.005323080093958432,-0.034920129278453116,-0.03387121996179554,0.05881925108454977,0.3065373587432869,1.4857142857142662
2023-07-14,79.8,extreme greed,14113.7001953125,-0.005731354916187481,-0.02305349502149434,-0.03822388610246763,0.06086706947323517,0.3114448789196611,2.114285714285714
2023-07-17,80.02857142857142,extreme greed,14244.9501953125,-0.013062880218860484,-0.04309600119395385,-0.05880818922330544,0.04909805962625602,0.2633894590798316,3.3428571428571274
2023-07-18,81.68571428571428,extreme greed,14353.6396484375,-0.014566345766368727,-0.06123950350952878,-0.05473588573564514,0.03497234715688613,0.24506544269211994,3.3999999999999915
2023-07-19,82.34285714285716,extreme greed,14358.01953125,-0.016070409802013463,-0.07250929290659369,-0.05740830268798491,0.04858823724655181,0.23463681147268245,4.171428571428578
2023-07-20,80.85714285714286,extreme greed,14063.3095703125,-0.0009385570789014475,-0.05493225424730752,-0.0532598505266606,0.08871739258899614,0.28046461769666187,1.4571428571428697
2023-07-21,81.02857142857144,extreme greed,14032.8095703125,0.020227637560051193,-0.03814059642730416,-0.06033217215486275,0.09459833842243448,0.28251933578930566,1.228571428571442
2023-07-24,82.51428571428572,extreme greed,14058.8701171875,0.020424786036784548,-0.039334597687472495,-0.07646848842857568,0.09723898870284775,0.2335564673186823,2.4857142857142946
2023-07-25,81.22857142857143,extreme greed,14144.5595703125,0.009851885825415074,-0.029942911602842015,-0.0796228038482939,0.09454945167535911,0.21472291998310689,-0.4571428571428555
2023-07-26,80.60000000000001,extreme greed,14127.2802734375,-0.010888867152599513,-0.04695245893310229,-0.06989386046984258,0.09791125395616795,0.2286781690041051,-1.7428571428571473
2023-07-27,77.65714285714286,extreme greed,14050.1103515625,-0.006433445911686264,-0.03270151973478297,-0.08746483794437498,0.10001700804034774,0.2363034014760088,-3.200000000000003
2023-07-28,76.91428571428573,extreme greed,14316.66015625,-0.028457749044014213,-0.04271459032786595,-0.12021307944061022,0.09159817083735211,0.1977248698181342,-4.114285714285714
2023-07-31,77.62857142857142,extreme greed,14346.01953125,-0.024509874663077524,-0.028039817229354558,-0.11870956692309853,0.08112918408062342,0.22677934128614186,-4.8857142857143
2023-08-01,77.34285714285716,extreme greed,14283.91015625,-0.027974821976540998,-0.018524380442264454,-0.1046232909023237,0.061614753925759436,0.2037425468614844,-3.885714285714272
2023-08-02,77.34285714285714,extreme greed,13973.4501953125,-0.017993456200734448,0.004402601389786875,-0.0803101557061372,0.09934478841815886,0.20057393999068962,-3.257142857142867
2023-08-03,73.62857142857145,greed,13959.7197265625,-0.015883520337847012,0.005164132601661597,-0.06434584773867724,0.1195747838385175,0.16048748796149193,-4.028571428571411
2023-08-04,64.5,greed,13909.240234375,-0.01900827223809043,0.008031348877088451,-0.04421879227935677,0.12138976857644801,0.17668897319972343,-12.414285714285725
2023-08-07,72.05714285714285,greed,13994.400390625,-0.014725197703936543,-0.008712818031430869,-0.03688047381674564,0.11537469018369939,0.15730643101809827,-5.571428571428569
2023-08-08,69.2,greed,13884.3203125,-0.018241476868297357,-0.009758506813835055,-0.026327542928652137,0.1348513498533923,0.19991610365334544,-8.142857142857153
2023-08-09,67.31428571428572,greed,13722.01953125,-0.018028661734091234,0.0028793678727478955,-0.005987397081048784,0.15097562169835954,0.22032334548969956,-10.028571428571425
2023-08-10,66.34285714285714,greed,13737.990234375,-0.030649355523738042,0.013095031441524796,-0.006375028416155004,0.16397376060425506,0.22147483647293642,-7.285714285714306
2023-08-11,65.02857142857144,greed,13644.849609375,-0.025948936490602925,0.009436581997872118,-0.009043662451047929,0.16839322243125454,0.2596408071211622,0.5285714285714391
2023-08-14,66.28571428571429,greed,13788.330078125,-0.021085964197815055,0.0018319669954141027,0.0007093152964923188,0.1354239070772172,0.24689498379871444,-5.771428571428558
2023-08-15,54.5,neutral,13631.0498046875,-0.009183422355111048,0.021641766718404565,0.010027872515035119,0.16345773934237195,0.2907663204303994,-14.700000000000003
2023-08-16,49.48571428571428,neutral,13474.6298828125,0.01828624554202385,0.01734371907391652,0.04599384216040847,0.18045319687511707,0.30851243087686275,-17.828571428571436
2023-08-17,46.142857142857146,neutral,13316.9296875,0.011041587101005668,0.029534626682318654,0.059090959756935346,0.18463119959497054,0.342409245280473,-20.199999999999996
2023-08-18,43.65714285714286,fear,13290.7802734375,0.02256226579765297,0.029148789482605908,0.061914321921497706,0.17606189793662042,0.34054879296540075,-21.37142857142858
2023-08-21,43.48571428571429,fear,13497.58984375,0.01537608132007362,-0.0021085216892020586,0.04651872165835158,0.1543446124496184,0.32756962108107834,-22.800000000000004
2023-08-22,43.44285714285714,fear,13505.8701171875,0.03242217233232858,-0.020871639219954385,0.057653461013154716,0.1877516944852755,0.30456975052297497,-11.057142857142857
2023-08-23,50.17142857142857,neutral,13721.0302734375,0.021738841102365125,-0.037112424721545745,0.03490628515263161,0.16586145454894852,0.3029480080012328,0.6857142857142904
2023-08-24,40.58571428571429,fear,13463.9697265625,0.042409483354192146,-0.014308515094358043,0.05955826114329299,0.1865928343912664,0.31653367403816834,-5.557142857142857
2023-08-25,47.02857142857143,neutral,13590.650390625,0.032460490631987415,-0.03877960391255875,0.048577455807811365,0.17987729385996487,0.3063996057721783,3.3714285714285737
2023-08-28,45.285714285714285,neutral,13705.1298828125,0.02304394888632677,-0.04467526237787478,0.039101391451207945,0.16363291488210852,0.28098233632151737,1.7999999999999972
2023-08-29,49.17142857142857,neutral,13943.759765625,-0.005112684115388233,-0.05324815578205133,0.024240234031660313,0.15405889031061593,0.2562199852784728,5.728571428571428
2023-08-30,50.42857142857143,neutral,14019.3095703125,-0.019293353273278968,-0.057063384883558665,0.017060801950546267,0.1608945753043045,0.2635157995323554,0.2571428571428598
2023-08-31,52.94285714285714,neutral,14034.9697265625,-0.019482724826081377,-0.051813449510774934,0.013626677059234593,0.15479477914019046,0.22097169535164296,12.357142857142854
2023-09-01,55.02857142857143,greed,14031.8095703125,-0.008118690700878894,-0.06929539906294102,0.019471523024589876,0.13596110066044842,0.21754080937612952,8.0
2023-09-05,59.08571428571428,greed,14020.9501953125,-0.017640733352914384,-0.05598339761237592,0.0117352987329995,0.1433989719485762,0.22157627818806014,13.799999999999997
2023-09-06,56.71428571428572,greed,13872.4697265625,-0.004244369169518425,-0.047045671124287924,0.025766171181695663,0.17307013124366932,0.20316211944337548,7.542857142857152
2023-09-07,53.62857142857143,neutral,13748.830078125,0.01288980411827656,-0.02309216366563005,0.02893918104679649,0.16992575078476135,0.2280753717539319,3.200000000000003
2023-09-08,51.91428571428571,neutral,13761.5302734375,-0.0038658633346312365,-0.020149651496078502,0.04203456661022953,0.1640616423429586,0.2372084005975954,-1.028571428571432
2023-09-11,52.2,neutral,13917.8896484375,-0.014919604861633018,-0.025510318996340042,0.034924840647775124,0.16868577487705338,0.24986831597906223,-2.828571428571429
2023-09-12,51.40000000000001,neutral,13773.6103515625,-0.0069277349539785815,-0.00827166306832361,0.047836396267573855,0.17454822071504061,0.27560452481559183,-7.685714285714269
2023-09-13,51.40000000000001,neutral,13813.58984375,-0.02493631017235909,-0.017328595962026738,0.05210886923797586,0.16758427431772205,0.2801871684898165,-5.31428571428571
2023-09-14,54.42857142857144,neutral,13926.0498046875,-0.05041410491733156,-0.037255312397551976,0.058014308980717466,0.1469993390730544,0.26325347863207416,0.8000000000000043
2023-09-15,52.02857142857143,neutral,13708.330078125,-0.03622034959639764,-0.010238271808100219,0.07683134898160837,0.17472005003800573,0.2859378528537835,0.11428571428572099
2023-09-18,49.48571428571429,neutral,13710.240234375,-0.03201402122586572,-0.012872876868524563,0.08050039011955445,0.17917627719814244,0.28176461395543906,-2.7142857142857153
2023-09-19,49.94285714285714,neutral,13678.1904296875,-0.04493138776538008,-0.02660371098578962,0.08967700420098801,0.1967526143459304,0.3169856467016272,-1.4571428571428697
2023-09-20,48.285714285714285,neutral,13469.1298828125,-0.027936494540576007,-0.021007310626172115,0.11389672956584973,0.21773566566314217,0.33255232287894443,-3.114285714285728
2023-09-21,37.15714285714286,fear,13223.98046875,-0.0017165932274434414,-0.018161770505110364,0.11751075741602235,0.24235061835757077,0.3592177917780168,-17.27142857142858
2023-09-22,33.15714285714286,fear,13211.8095703125,0.0005684870151607679,-0.014644435431635072,0.1326132152867201,0.24013827295404,0.36805783000870806,-18.871428571428574
2023-09-25,38.42857142857143,fear,13271.3203125,0.002746465151298505,-0.009904831788943413,0.1297270635869523,0.22939540385782542,0.36250278884978115,-11.057142857142857
2023-09-26,24.22857142857143,extreme fear,13063.6103515625,-0.0003169587034953514,-0.018554642895561302,0.15393600289807896,0.25535890078721635,0.39243965281958304,-25.71428571428571
2023-09-27,22.82857142857143,extreme fear,13092.849609375,0.010934224444729912,-0.037977924794649565,0.1532386102325951,0.25102330276589724,0.3839301897102412,-25.457142857142856
2023-09-28,29.0,fear,13201.2802734375,0.0014051519476352414,-0.04228911864978768,0.14346028080402662,0.24206362856467156,0.377833781657807,-8.157142857142858
2023-09-29,28.4,fear,13219.3203125,0.016038610627319372,-0.032516032109725757,0.13556137944403113,0.22853897260933786,0.35486234931944427,-4.75714285714286
2023-10-02,28.314285714285717,fear,13307.76953125,0.013260727330046018,-0.03430547063525213,0.10957289987727448,0.22315463329252272,0.3469664543357396,-10.114285714285714
2023-10-03,20.528571428571432,extreme fear,13059.4697265625,0.0385444530082002,0.00015314557496415304,0.11736619223194489,0.2289227981042552,0.3720679969343965,-3.6999999999999993
2023-10-04,20.985714285714288,extreme fear,13236.009765625,0.03200888556121395,0.004395634718674879,0.09627448616515344,0.2275995423823829,0.37034120785257185,-1.8428571428571416
2023-10-05,20.32857142857143,extreme fear,13219.830078125,0.026807428411951495,0.019550190417360946,0.09865786675527244,0.2295135311786729,0.3558344006466374,-8.67142857142857
2023-10-06,27.714285714285715,fear,13431.33984375,-0.0017950089328742092,0.006510179230420521,0.10515925469321252,0.2140739373835041,0.35376813731178514,-0.6857142857142833
2023-10-09,29.25714285714286,fear,13484.240234375,0.006210230084860324,0.011540888806681249,0.10185740558531076,0.19920440977756004,0.35651833716182857,0.9428571428571431
2023-10-10,32.31428571428572,fear,13562.83984375,-0.002144819527851727,0.006456635447210868,0.10372536748071126,0.21229767572068337,0.3479515346245645,11.785714285714285
2023-10-11,34.34285714285714,fear,13659.6796875,-0.025284625314351827,-0.010119526617743069,0.09594007855006659,0.18414854621751164,0.34285282471964984,13.357142857142854
2023-10-12,35.68571428571429,fear,13574.2197265625,-0.02858654470600397,0.016493811763035104,0.10302912927847996,0.17023444818457212,0.36307572927512743,15.357142857142861
2023-10-13,26.27142857142857,fear,13407.23046875,-0.031581533518382,0.02688920478135204,0.1146485207521244,0.18333536795531558,0.3660979339797701,-1.4428571428571466
2023-10-16,35.74285714285715,fear,13567.98046875,-0.04051084771908131,0.03879718247493891,0.09490282296641084,0.15591042847605063,0.3537077327335756,6.4857142857142875
2023-10-17,39.142857142857146,fear,13533.75,-0.029103528793756328,0.042123568393830135,0.1124522316892953,0.15278470490440554,0.35761406668513906,6.828571428571429
2023-10-18,30.571428571428573,fear,13314.2998046875,-0.03703387225450672,0.060038464576715356,0.14996432040474583,0.1477892183443803,0.3886986963250201,-3.7714285714285687
2023-10-19,29.542857142857144,fear,13186.1796875,-0.044786992892060895,0.07123373133921573,0.1648779557905975,0.17178060184935573,0.40601828619097535,-6.142857142857146
2023-10-20,22.85714285714286,extreme fear,12983.8095703125,-0.02624805938826613,0.10018020489911517,0.18809047114792388,0.20893945366604028,0.4309952276050528,-3.4142857142857075
2023-10-23,25.842857142857145,fear,13018.330078125,-0.01757902956843449,0.09076820018648579,0.1892400814056503,0.2069712402209325,0.4039166529765348,-9.900000000000002
2023-10-24,33.48571428571429,fear,13139.8701171875,-0.021965961629632824,0.08569264569077872,0.1804150164096079,0.18812131523310605,0.40149712821641725,-5.657142857142858
2023-10-25,25.214285714285715,fear,12821.2197265625,0.018738466785828356,0.11150498262272568,0.20545164041941266,0.24230773127038763,0.4443718905022642,-5.357142857142858
2023-10-26,22.71428571428572,extreme fear,12595.6103515625,0.05546218552547866,0.13063354087349843,0.24075289746668171,0.26894049847630286,0.47410001856890704,-6.828571428571426
2023-10-27,21.61428571428572,extreme fear,12643.009765625,0.06606579630140863,0.12961707934890532,0.22675697307414655,0.23845671266283053,0.4800866523790861,-1.2428571428571402
2023-10-30,29.2,fear,12789.48046875,0.05702341126908794,0.1148607849407488,0.18566268603927738,0.2201809531576091,0.4549402325580685,3.357142857142854
2023-10-31,30.142857142857142,fear,12851.240234375,0.06136529259472323,0.10699196864359051,0.19534296832671338,0.2326405601356265,0.4080470102973708,-3.342857142857145
2023-11-01,32.17142857142857,fear,13061.4697265625,0.04508990504260013,0.09520831674448016,0.1965690326203211,0.2369457967864541,0.3964676490258465,6.9571428571428555
2023-11-02,37.68571428571429,fear,13294.1904296875,0.0170946675412067,0.06704430851969168,0.17327036723263234,0.22980410777704763,0.3675131678685717,14.971428571428572
2023-11-03,36.114285714285714,fear,13478.2802734375,0.023729294215324215,0.055766007796542505,0.1580854295456109,0.21176880425168987,0.3680654762918263,14.499999999999993
2023-11-06,38.91428571428572,fear,13518.7802734375,0.018415859707896276,0.0464486939501334,0.165537077290699,0.20593422157009433,0.40422954727837745,9.714285714285719
2023-11-07,39.62857142857143,fear,13639.8603515625,0.033322887444220184,0.05132969581556579,0.15790847954893228,0.19841841076858757,0.41273154129416056,9.485714285714291
2023-11-08,39.771428571428565,fear,13650.41015625,0.03321729400873652,0.055204170547759945,0.17144173495244686,0.1970973714445965,0.412908409059366,7.599999999999994
2023-11-09,41.0,fear,13521.4501953125,0.04379853625225838,0.06737739117497399,0.1790562087944032,0.21201794168914923,0.42726996637648584,3.3142857142857096
2023-11-10,41.45714285714286,fear,13798.1103515625,0.0237257210477686,0.053289183832279985,0.1346191043907805,0.19662615146647755,0.3973942735167044,5.342857142857149
2023-11-13,39.88571428571429,fear,13767.740234375,0.037536300820971924,0.07017997943846033,0.15190656713788164,0.2160594505696698,0.39679572506097593,0.9714285714285751
2023-11-14,46.6,neutral,14094.3798828125,0.007492389648605657,0.04733657621316123,0.12854698497745898,0.1847502658036695,0.35569287542234984,6.971428571428568
2023-11-15,52.54285714285714,neutral,14103.83984375,0.011487687722453677,0.050346578378062556,0.11853584310345444,0.18307999012901788,0.32447045255572293,12.771428571428572
2023-11-16,55.057142857142864,greed,14113.669921875,0.009719632686561841,0.05605484985951814,0.10749226529742684,0.18997179568401035,0.33146167162016993,14.057142857142864
2023-11-17,58.85714285714287,greed,14125.48046875,0.008179478408228968,0.06213871873274224,0.10303293057232854,0.19164931613222236,0.34419998987866296,17.400000000000006
2023-11-20,61.28571428571429,greed,14284.5302734375,-0.00019395162175206426,0.034541573772818523,0.12300648394559821,0.17620521927437482,0.3277398879729416,21.4
2023-11-21,61.17142857142858,greed,14199.98046875,0.004120411697309256,0.05379511965657957,0.12653819121120047,0.17859523354317997,0.3360877476999171,14.571428571428577
2023-11-22,65.05714285714286,greed,14265.8603515625,-0.002778705526558567,0.05096849100449541,0.11989390098369812,0.1861036520413375,0.33210685667083384,12.514285714285727
2023-11-24,66.85714285714286,greed,14250.849609375,0.003801925186752264,0.05780151539758793,0.12521710945139652,0.1943063975763506,0.33710202311128645,11.799999999999997
2023-11-27,65.31428571428572,greed,14241.01953125,-0.003899250103066576,0.060259741542161516,0.11984540147422962,0.18815791530901738,0.3464134881055796,6.457142857142848
2023-11-28,65.08571428571429,greed,14281.759765625,-0.0036304776320210674,0.056952357143706944,0.1267462963917727,0.17192001215492714,0.33460307283889357,3.799999999999997
2023-11-29,63.28571428571429,greed,14258.490234375,-0.007839558859325413,0.052800777826040424,0.14142101738451607,0.17368804523949333,0.3478404519675571,2.114285714285714
2023-11-30,64.37142857142858,greed,14226.2197265625,0.00799724100985677,0.0379384484071521,0.13927031053535122,0.18293336145043027,0.36395680593347635,-0.6857142857142833
2023-12-01,64.51428571428572,greed,14305.0302734375,0.006916409908528376,0.020075433746774562,0.11426467047383015,0.1784002171985093,0.3618223648518526,-2.3428571428571416
2023-12-04,63.71428571428572,greed,14185.490234375,0.017412158192563254,0.02289731020542418,0.1301364827148559,0.2116536056663314,0.39121868998237774,-1.5999999999999943
2023-12-05,65.14285714285714,greed,14229.91015625,0.021327628287358014,0.02067196159497886,0.1436038389648564,0.2068325767385324,0.3844261523304373,0.057142857142849834
2023-12-06,63.97142857142857,greed,14146.7099609375,0.041511418670598266,0.04927361713340073,0.13702128593697016,0.21110356448133394,0.4038436912955481,0.6857142857142762
2023-12-07,66.14285714285715,greed,14339.990234375,0.029398160601737278,0.03610321332865718,0.11710463322698295,0.19892196688265917,0.37633911394258446,1.7714285714285722
2023-12-08,65.94285714285715,greed,14403.9697265625,0.028460917586941914,0.03927255296984722,0.12924700323702276,0.2040813130332113,0.3667926695284265,1.4285714285714306
2023-12-11,67.28571428571429,greed,14432.490234375,0.032726115054804605,0.03725623136274958,0.12092710741754953,0.22005552521945182,0.3881797458127718,3.5714285714285694
2023-12-12,67.88571428571429,greed,14533.400390625,0.032326869370540745,0.030231010169059713,0.1097561368942579,0.21565222673365136,0.36945513842642375,2.7428571428571473
2023-12-13,67.54285714285714,greed,14733.9599609375,0.0029849727341868526,0.01427923307754897,0.08410569624343212,0.2005517122532945,0.3524348346238544,3.5714285714285765
2023-12-14,70.54285714285716,greed,14761.5595703125,0.013705228496443844,0.006371992500316059,0.09090439384865023,0.2096973525184216,0.3666503548563007,4.400000000000006
2023-12-15,69.45714285714287,greed,14813.919921875,0.012086591910295486,0.016317792321332014,0.09132424937641126,0.205773391712055,0.3574435836649097,3.5142857142857196
2023-12-18,70.48571428571428,greed,14904.8095703125,0.011389661933395745,0.027250274774324623,0.09826362282780865,0.18898465358779104,0.30110279917641414,3.1999999999999886
2023-12-19,82.97142857142858,extreme greed,15003.2197265625,0.006395957846808464,0.023799578957563572,0.09322133133272104,0.17903754643290437,0.29124080592857116,15.085714285714289
2023-12-20,75.57142857142857,extreme greed,14777.9404296875,0.021464372539543808,0.04384914143368923,0.11171244671524305,0.18398232796706404,0.32444705014884745,8.028571428571425
2023-12-21,77.0,extreme greed,14963.8701171875,0.0031729420140425013,0.03462004151536102,0.09493537265508589,0.18402861371233814,0.320840177346438,6.457142857142841
2023-12-22,79.74285714285715,extreme greed,14992.9697265625,-0.015142383464750164,0.03451819638644449,0.08822338021576659,0.18756727192647116,0.33603490333783403,10.285714285714278
2023-12-26,81.94285714285716,extreme greed,15074.5703125,-0.03199828197839383,0.02526042408961704,0.08789300068150774,0.1846891365581005,0.32808822805376403,11.457142857142884
2023-12-27,81.17142857142858,extreme greed,15099.1796875,-0.03900078646656613,0.035025767128284535,0.0847913793950934,0.17440814510308145,0.3061656133016333,-1.7999999999999972
2023-12-28,81.25714285714287,extreme greed,15095.1396484375,-0.037831338380272084,0.027476442871492868,0.08623242050114044,0.1844408993659552,0.290931353822691,5.6857142857142975
2023-12-29,80.71428571428571,extreme greed,15011.349609375,-0.011163558406523388,0.010169648980439483,0.08187808677574826,0.20100858582132708,0.2864125854773165,3.714285714285708
2024-01-02,79.71428571428571,extreme greed,14765.9404296875,0.006214946598693594,0.04034278897348953,0.10236527354607428,0.23177395086070574,0.3057609946560005,-0.028571428571439128
2024-01-03,76.71428571428571,extreme greed,14592.2099609375,0.025865885338676398,0.07104751351236671,0.09983889493691889,0.257709408976041,0.34466813046317846,-5.228571428571456
2024-01-04,78.68571428571428,extreme greed,14510.2998046875,0.031694081527621876,0.07493848490030697,0.11979213041490522,0.2683225351711711,0.3690261907843344,-2.4857142857142946
2024-01-05,75.77142857142859,extreme greed,14524.0703125,0.030892817472718992,0.07469873555805262,0.11910501747906621,0.2688790859569863,0.34188827705732017,-5.48571428571428
2024-01-08,76.17142857142856,extreme greed,14843.76953125,0.006775912136957718,0.061498537501924355,0.09855112032747315,0.2562475575690033,0.3122597207108937,-4.5428571428571445
2024-01-09,75.68571428571428,extreme greed,14857.7099609375,-0.00014065719114819686,0.0629975953535804,0.08834809631336848,0.23056717383224123,0.2896759264888711,-4.028571428571425
2024-01-10,76.37142857142858,extreme greed,14969.650390625,0.00574495714701917,0.06820531802562502,0.09836895249385447,0.22905002713171863,0.2751199334173662,-0.34285714285712743
2024-01-11,74.65714285714286,greed,14970.1904296875,0.022763858514397883,0.06495303981382272,0.08048657895981437,0.23395693590289302,0.2721541996708954,-4.028571428571425
2024-01-12,73.08571428571429,greed,14972.759765625,0.02588235432236119,0.0456054765079239,0.06092796384267096,0.2362009498238533,0.30311517543643385,-2.6857142857142975
2024-01-16,72.28571428571429,greed,14944.349609375,0.03222561254926637,0.061213823629776565,0.06162197852004847,0.2042625067192645,0.29402011917390913,-3.885714285714272
2024-01-17,57.21428571428572,greed,14855.6201171875,0.04215911552308005,0.07071733097644617,0.05571965313264293,0.2029939216370067,0.3213988419129308,-18.47142857142856
2024-01-18,66.45714285714286,greed,15055.650390625,0.030211222868075538,0.047822576993972854,0.036255465238147044,0.1774276762007827,0.3122501376079605,-9.914285714285725
2024-01-19,72.82857142857144,greed,15310.9697265625,0.009430534288726422,0.020887674169988824,-0.001891451779651665,0.17612212904184998,0.30686300091342034,-1.828571428571422
2024-01-22,72.85714285714286,greed,15360.2900390625,0.017431311473877775,0.014360411005524432,0.005925638840056369,0.1716803239786644,0.30555345221358565,-0.22857142857142776
2024-01-23,70.25714285714287,greed,15425.9404296875,0.00544277746437527,0.03991197102739452,0.017548312207211314,0.12423681624455263,0.2935548968442525,-2.028571428571425
2024-01-24,72.48571428571428,greed,15481.919921875,-0.02053428501466492,0.03325817425896105,0.014909654570609998,0.10979263488169111,0.24931727949297722,15.271428571428558
2024-01-25,73.22857142857143,greed,15510.5,-0.009597392189968135,0.03002804551755256,0.006528465595886601,0.11910517774249696,0.2722729662970247,6.771428571428572
2024-01-26,73.79999999999998,greed,15455.3603515625,0.011231691775627217,0.037523515462152934,0.030574508022695568,0.12389480566164313,0.27025962940522574,0.9714285714285467
2024-01-29,74.11428571428573,greed,15628.0400390625,-0.0019426845264418624,0.02045683236755247,0.022718142401419117,0.09722139686197306,0.2593869705225478,1.2571428571428669
2024-01-30,74.22857142857143,greed,15509.900390625,0.006389442026004222,0.03752567821788233,0.009537129069146832,0.13472040099387117,0.2654781113222917,3.971428571428561
2024-01-31,64.11428571428573,greed,15164.009765625,0.039081344048981004,0.07326100953725634,0.029113058481785137,0.13387887876477667,0.2788148541990034,-8.371428571428552
2024-02-01,72.34285714285714,greed,15361.6396484375,0.028126575182613855,0.055063791141171325,0.03120241871763696,0.09208134939920809,0.27942198756427006,-0.8857142857142861
2024-02-02,74.60000000000001,greed,15628.9501953125,0.023143586512034853,0.01987591262084054,0.03374378165020153,0.036543073954115934,0.2599905836305758,0.8000000000000256
2024-02-05,73.31428571428572,greed,15597.6796875,0.022110347442503286,0.027815698248387255,0.048184751037188445,0.04931309895352021,0.26890605724108596,-0.8000000000000114
2024-02-06,73.20000000000002,greed,15609.0,0.0029854320824524994,0.04256389793148174,0.0463552803070344,0.03759430907249017,0.25077842210423484,-1.0285714285714107
2024-02-07,73.77142857142857,greed,15756.6396484375,0.006505875902141689,0.020846494586018727,0.03465968184667201,0.057333283172601,0.2511722023931007,9.657142857142844
2024-02-08,74.60000000000001,greed,15793.7099609375,0.007120553765748827,0.014281607733102275,0.03498543445802915,0.060251253357574974,0.2437773913529535,2.257142857142867
2024-02-09,75.42857142857143,extreme greed,15990.66015625,-0.013445959298995058,0.017196256408464894,0.02190090699917846,0.049400663326663485,0.2288391490247359,0.8285714285714221
2024-02-12,75.82857142857144,extreme greed,15942.5498046875,-0.019555813534816835,0.014754209925274209,0.027956031823495042,0.07809663984530402,0.2510947664805472,2.5142857142857196
2024-02-13,66.74285714285715,greed,15655.599609375,-0.004773339511234709,0.03020840311854278,0.05465009961117406,0.09817573509478383,0.2792080808746171,-6.45714285714287
2024-02-14,67.51428571428572,greed,15859.150390625,0.011505643244947406,0.00718951068888285,0.05569278382637188,0.10942260881773569,0.2637032421025667,-6.257142857142853
2024-02-15,73.85714285714286,greed,15906.169921875,0.005699070930980765,0.012402751536445544,0.04980145405938319,0.10848310999601063,0.2609100807113591,-0.7428571428571473
2024-02-16,73.48571428571428,greed,15775.650390625,0.01271577427287629,0.024793884166572466,0.05770413833720456,0.13318748125108248,0.2653905785629629,-1.9428571428571502
2024-02-20,63.74285714285715,greed,15630.7802734375,0.025879676137309016,0.04725483116589557,0.07447413672404557,0.13986244713596263,0.2490745454853296,-12.085714285714289
2024-02-21,63.7,greed,15580.8701171875,0.023546189296758113,0.05269087800538652,0.0803388394886031,0.15006351375769977,0.23785960234815695,-3.0428571428571445
2024-02-22,73.94285714285715,greed,16041.6201171875,0.0031355813390447906,0.02413722507352234,0.04737170807942892,0.09835225374132062,0.18606415598973847,6.428571428571431
2024-02-23,73.34285714285714,greed,15996.8203125,0.017385962444685044,0.02423296524260432,0.04620974480768392,0.11758391438142257,0.1924407096527483,-0.5142857142857196
2024-02-26,71.91428571428573,greed,15976.25,0.014475222009232347,0.02124717598388237,0.059121449808309245,0.10950752092950466,0.16074923225882176,-1.5714285714285552
2024-02-27,75.77142857142859,extreme greed,16035.2998046875,-0.00596870417786155,0.022713621260516126,0.06140085103988402,0.10723344924987588,0.1753618283685281,12.02857142857144
2024-02-28,76.77142857142859,extreme greed,15947.740234375,0.00525465071890685,0.027070902850043765,0.06100173626186023,0.10084745793848393,0.15064511858373342,13.071428571428584
2024-02-29,77.45714285714287,extreme greed,16091.919921875,0.011276464326101188,0.018948028434786712,0.04009218038507534,0.0885232944571488,0.13629450339195115,3.5142857142857196
2024-03-01,76.82857142857142,extreme greed,16274.9404296875,-0.01166394918280167,-0.0021192233866543786,0.028269172692224398,0.08839840103581409,0.13995688948314244,3.4857142857142804
2024-03-04,79.22857142857143,extreme greed,16207.509765625,-0.01161438352326305,0.004315912581515757,0.03832545315304614,0.05730621354274312,0.11486958989521279,7.3142857142857025
2024-03-05,76.11428571428571,extreme greed,15939.58984375,0.020455344703574463,0.00686907476593146,0.057558628954291535,0.07181558300565971,0.14157396027726765,0.34285714285712743
2024-03-06,72.54285714285714,greed,16031.5400390625,0.009121362753122808,0.013534538270110419,0.07213033487393661,0.06837272741836964,0.08962209930777942,-4.228571428571442
2024-03-07,73.85714285714286,greed,16273.3798828125,-0.008901015672102996,-0.0011933551613030335,0.05528902196665242,0.02565233518289589,0.0714491847996821,-3.6000000000000085
2024-03-08,70.02857142857144,greed,16085.1103515625,-0.006959257800592367,0.01377232061410627,0.06515469803480056,0.04970368498185884,0.09719167808106688,-6.799999999999983
2024-03-11,62.771428571428565,greed,16019.26953125,0.0052549627121438736,0.009431817101132944,0.07324052843584616,0.06283752989868407,0.0801372516937,-16.457142857142863
2024-03-12,72.2,greed,16265.6396484375,-0.006077203941038722,0.010854757275374771,0.06626921265380714,0.06946481496324308,0.09150886331454422,-3.914285714285711
2024-03-13,71.77142857142857,greed,16177.76953125,0.011845923792511481,-0.0001656401084725312,0.08843431222774112,0.08603844637304903,0.10081059826261396,-0.7714285714285722
2024-03-14,70.4,greed,16128.5302734375,0.016945720761836647,-0.015098135915616817,0.09542284680285906,0.09644091364445107,0.08528916422428101,-3.4571428571428555
2024-03-15,68.62857142857143,greed,15973.169921875,0.028525984062874876,-0.006756324662095081,0.10741205070074167,0.10135501878577391,0.11128781258318554,-1.4000000000000057
2024-03-18,70.74285714285715,greed,16103.4501953125,0.01745095022520715,-0.026086340071848735,0.10889401430557655,0.0946760062639429,0.09862362691225002,7.971428571428582
2024-03-19,70.85714285714286,greed,16166.7900390625,0.009210867209272777,-0.034966127332428765,0.1048718035918661,0.08700000054364909,0.10003598353661092,-1.3428571428571416
2024-03-20,69.62857142857145,greed,16369.41015625,0.0018393683530804061,-0.06642880716198685,0.08260405687151318,0.1004660703594189,0.11113287956838325,-2.1428571428571246
2024-03-21,71.37142857142858,greed,16401.83984375,-0.0013644739264435657,-0.05795266156069101,0.07849848209197186,0.09428701191344047,0.11401279058108726,0.9714285714285751
2024-03-22,69.51428571428572,greed,16428.8203125,-0.001947202158554262,-0.04456684351860707,0.06500771082068524,0.09406939691063099,0.08948903151806875,0.8857142857142861
2024-03-25,67.42857142857143,greed,16384.470703125,-0.00879006166400187,-0.04099740023929388,0.08136849286475423,0.10314943086947914,0.08664049144286667,-3.3142857142857167
2024-03-26,67.91428571428573,greed,16315.7001953125,-0.002343769125274009,-0.04314497209808632,0.09128998100648,0.1082706056767957,0.06173746924768175,-2.942857142857136
2024-03-27,69.77142857142859,greed,16399.51953125,-0.02136888537845405,-0.028758107194927773,0.0889757869716552,0.10919646321574294,0.05486560319864564,0.1428571428571388
2024-03-28,68.77142857142857,greed,16379.4599609375,-0.007994184789960945,-0.024199813898492684,0.08261198181530593,0.10623853820348428,0.06535201200865681,-2.6000000000000085
2024-04-01,71.25714285714287,greed,16396.830078125,-0.008713276682552396,-0.04507028261584001,0.09041203062186787,0.10931014319293086,0.07344228716083046,1.7428571428571473
2024-04-02,71.14285714285715,greed,16240.4501953125,0.004075592260619931,-0.03909803724195848,0.11011453185138076,0.10282406950575096,0.01909794223420125,3.7142857142857224
2024-04-03,69.4,greed,16277.4599609375,-0.006579626651333603,-0.026816223234307324,0.1173918304758923,0.10122335939646221,-0.04236962791062382,1.4857142857142804
2024-04-04,53.8,neutral,16049.080078125,0.024494808344861063,0.00668262601207803,0.14353967182455096,0.11648022076810527,-0.02777855866690182,-15.97142857142859
2024-04-05,58.10000000000001,greed,16248.51953125,-0.004519161721704967,0.006199362874646619,0.13264105071111043,0.1162770598571361,-0.0603506906037834,-10.671428571428564
2024-04-08,64.02857142857144,greed,16253.9599609375,-0.02269849504823196,0.004835720622168083,0.13383379230602155,0.10274052807443868,0.05358760230004056,-7.228571428571428
2024-04-09,59.62857142857144,greed,16306.6396484375,-0.02706809360810236,-0.00023793270079841555,0.14354947559884268,0.11506234968633078,0.004947119711768977,-11.514285714285712
2024-04-10,49.67142857142858,neutral,16170.3603515625,-0.030116226465413565,0.010877890797622358,0.1306742557832561,0.13118191202569762,0.034266434012026226,-19.728571428571428
2024-04-11,56.65714285714286,greed,16442.19921875,-0.05113058220285405,-0.006162746249111728,0.11897739310743627,0.1118981431876771,0.023675740989446137,2.857142857142861
2024-04-12,45.01428571428572,neutral,16175.08984375,-0.0552132993851705,0.013177694385874572,0.1420381890266742,0.134023960937234,0.040066551987370636,-13.085714285714289
2024-04-15,38.4,fear,15885.01953125,-0.027303080117986545,0.039418280538980666,0.16520724493522176,0.16478858692778786,0.026574762729723922,-25.62857142857144
2024-04-16,35.11428571428572,fear,15865.25,-0.01062765172704494,0.05528690849498119,0.13436094116859176,0.15444697333795565,0.026548601207828426,-24.51428571428572
2024-04-17,31.157142857142865,fear,15683.3701171875,0.001873314382876412,0.06471505726949656,0.1395013042215858,0.17111819340387857,0.011957268880110394,-18.514285714285712
2024-04-18,30.40000000000001,fear,15601.5,0.0006576140515335283,0.06951066904624548,0.13623301946126976,0.17768223408005634,0.04479825157036177,-26.25714285714285
2024-04-19,27.67142857142857,fear,15282.009765625,0.042264769811419134,0.09899610052618812,0.1783509229921978,0.20988999907852235,0.09331501795220043,-17.34285714285715
2024-04-22,34.17142857142857,fear,15451.3095703125,0.0344158859410999,0.08939757267995518,0.16477826863001654,0.19989892644743845,0.11097632109333366,-4.228571428571428
2024-04-23,36.57142857142857,fear,15696.6396484375,-0.002473098497955517,0.07039082496695315,0.10484858827579235,0.18367815961803635,0.10743062479970744,1.4571428571428484
2024-04-24,37.48571428571429,fear,15712.75,-0.006826910073029824,0.06512413784188009,0.09348909026904906,0.16317324406135136,0.10522542899078768,6.328571428571422
2024-04-25,39.08571428571429,fear,15611.759765625,0.01468125302678347,0.08384892648407938,0.11184652594992683,0.17959093086504185,0.11847226543592382,8.68571428571428
2024-04-26,40.51428571428572,fear,15927.900390625,0.014341481419261726,0.06855771583006187,0.09055172324997218,0.16265225929588722,0.09533205355922103,12.842857142857149
2024-04-29,42.42857142857143,fear,15983.080078125,0.022909847168703923,0.05865577819904022,0.07284827693152551,0.16167780943153143,0.10809306765687388,8.25714285714286
2024-04-30,40.54285714285714,fear,15657.8203125,0.04309279608183014,0.06892784206773661,0.12400066161028755,0.19510568051807176,0.1481630335480324,3.971428571428568
2024-05-01,40.51428571428572,fear,15605.48046875,0.04468169360573704,0.0723809218666418,0.1018020512124771,0.19239710207977323,0.1434598422078781,3.028571428571432
2024-05-02,42.22857142857144,fear,15840.9599609375,0.03189830704285135,0.06235164809286253,0.059036838526113744,0.14230137789920239,0.1167037982465231,3.142857142857153
2024-05-03,43.25714285714286,fear,16156.330078125,0.011422150833149791,0.04337127922842732,0.0027079169457695507,0.1289643027639733,0.09790775940302998,2.74285714285714
2024-05-06,39.0,fear,16349.25,0.0023848332110034676,0.05129595489854277,0.0010764780876799662,0.11197641902533761,0.09657266388366437,-3.4285714285714306
2024-05-07,37.17142857142858,fear,16332.5595703125,0.010936443636928583,0.051465268912312734,-0.008372845628468961,0.1289822542812984,0.09774097836227602,-3.3714285714285595
2024-05-08,38.17142857142857,fear,16302.759765625,0.026966652621722265,0.05093438814579532,0.02191406674459473,0.16443295344094944,0.14755661695986344,-2.3428571428571487
2024-05-09,42.22857142857144,fear,16346.259765625,0.021537682131747227,0.05177144762067498,0.024411762773044465,0.17882997173593673,0.16296266646433955,0.0
2024-05-10,46.02857142857143,neutral,16340.8701171875,0.02111886230431015,0.06136029825045064,0.026910394284939354,0.18027859952139025,0.17171303667215265,2.7714285714285722
2024-05-13,48.114285714285714,neutral,16388.240234375,0.024812237338154075,0.07445578056578528,0.04877699674845437,0.17759805138474039,0.16622163448709593,9.114285714285714
2024-05-14,55.285714285714285,greed,16511.1796875,0.019467988309057604,0.07003623491848088,0.04127021416833565,0.16777848436972875,0.1635207158407348,18.114285714285707
2024-05-15,59.371428571428574,greed,16742.390625,0.003532854944363617,0.056532561900788814,0.05089532278189801,0.14862453838637513,0.14771309354156226,21.200000000000003
2024-05-16,62.31428571428573,greed,16698.3203125,0.002258250151470076,0.06939016602062797,0.055897861171478214,0.14428577443932666,0.14638541956643292,20.08571428571429
2024-05-17,62.8,greed,16685.970703125,0.014072801849701388,0.07049393688583594,0.07136527141941973,0.11951048416539112,0.13104840951599384,16.771428571428565
2024-05-20,60.42857142857143,greed,16794.869140625,0.013397646439871291,0.05517879867746989,0.060856104560393476,0.11890187351443005,0.12687631418310064,12.314285714285717
2024-05-21,59.42857142857143,greed,16832.619140625,0.005225623936782942,0.05089761891583966,0.06453963490019676,0.12801641530041707,0.11314886774086919,4.142857142857146
2024-05-22,58.51428571428572,greed,16801.5390625,-0.0038364928436150914,0.04138199764995498,0.048674740083799906,0.12883352855044428,0.1427024681983653,-0.8571428571428541
2024-05-23,52.37142857142857,neutral,16736.029296875,-6.0334838514419786e-05,0.05865316535585241,0.06822166389480411,0.13362731298621622,0.14130652583713998,-9.942857142857164
2024-05-24,51.74285714285714,neutral,16920.7890625,-0.005444139767048717,0.052265357749181396,0.04757345923861234,0.12309481079349038,0.13327274926691968,-11.057142857142857
2024-05-28,54.68571428571428,neutral,17019.880859375,-0.009567051583402209,0.049283472373014225,0.04318123371117344,0.11956364449249901,0.1230260475484839,-5.742857142857147
2024-05-29,49.971428571428575,neutral,16920.580078125,0.01579853121262631,0.047990052793744464,0.03755481288561202,0.13319405674741724,0.13723106927503803,-9.457142857142856
2024-05-30,45.08571428571429,neutral,16737.080078125,0.02605227796393783,0.06824492072651656,0.04656425169367462,0.13881754641669142,0.15904093467617564,-13.42857142857143
2024-05-31,48.42857142857144,neutral,16735.01953125,0.023789116432257007,0.07730736327849175,0.058476155796987284,0.14838048954697114,0.1628603240071287,-3.942857142857129
2024-06-03,45.48571428571429,neutral,16828.669921875,0.021621398285733395,0.0807925323680907,0.01828016479039274,0.15302928329038545,0.14676021981182363,-6.257142857142853
2024-06-04,47.62857142857143,neutral,16857.05078125,0.028860327130362018,0.08872898372226934,0.013481005838386073,0.15565352498780527,0.15856263780572166,-7.05714285714285
2024-06-05,51.142857142857146,neutral,17187.900390625,0.02446715729917659,0.07073812485050057,-0.0035048047176173824,0.1481983658335233,0.1398274244747708,1.1714285714285708
2024-06-06,45.31428571428571,neutral,17173.119140625,0.028791590054269234,0.07314745280625146,-0.028083952516179123,0.1471567630962134,0.1480145262450845,0.22857142857142065
2024-06-07,43.4,fear,17133.130859375,0.03243715375557876,0.08838538453970823,-0.014505886404527546,0.15914421562846015,0.1449093000209869,-5.028571428571439
2024-06-10,44.74285714285715,fear,17192.529296875,0.038649940500364854,0.0634508652297765,-0.009693072765639577,0.14798056250585767,0.14366477990815185,-0.7428571428571402
2024-06-11,44.4,fear,17343.55078125,0.029906199373010756,0.06082367162325508,0.002996993884389232,0.13513319634977794,0.11896521784371838,-3.228571428571435
2024-06-12,46.57142857142857,neutral,17608.439453125,0.006425918147159759,0.04907481220441956,-0.002201203901582627,0.13780046655096245,0.11885048018855482,-4.5714285714285765
2024-06-13,44.57142857142858,fear,17667.560546875,0.0012338335033388326,0.04764547401106212,0.0009293825161338365,0.12651884174639894,0.10491144444968947,-0.7428571428571331
2024-06-14,41.11428571428572,fear,17688.880859375,-0.010857699161516465,0.01741427651352745,-0.005469537658665535,0.12651110387031395,0.10500317609921583,-2.2857142857142776
2024-06-17,43.285714285714285,fear,17857.01953125,-0.007804725776387356,0.0007952711173411231,-0.012821791675498795,0.12974567730608388,0.08906249008782208,-1.4571428571428626
2024-06-18,41.28571428571429,fear,17862.23046875,-0.003195027216777002,-0.007574138955473209,-0.016175454012055335,0.12578664697311082,0.09902124135445534,-3.1142857142857068
2024-06-20,38.71428571428572,fear,17721.58984375,0.007735753110116539,0.016137404785432352,0.016499119299001164,0.09429738664019238,0.12363108910895448,-7.857142857142847
2024-06-21,39.05714285714286,fear,17689.359375,0.0024444205953615405,0.017411045128648217,0.01463936211652661,0.09516512840081304,0.12912798919548218,-5.51428571428572
2024-06-24,37.77142857142858,fear,17496.8203125,0.021859998669401026,-0.008825040978427734,0.027287770590459948,0.11863751583435023,0.1526614433961886,-3.3428571428571416
2024-06-25,37.285714285714285,fear,17717.650390625,0.017559290771682612,-0.030248349847989853,0.020142012781436902,0.11554751468813595,0.1442522281750951,-6.0
2024-06-26,40.88571428571429,fear,17805.16015625,0.021518516072741356,-0.025120767965571833,0.015560139803221462,0.125018291528461,0.14403522855141415,-0.3999999999999986
2024-06-27,45.51428571428571,neutral,17858.6796875,0.02766610336097952,-0.027352552220974435,0.018568526946149744,0.12104364518128663,0.13126451554763063,6.79999999999999
2024-06-28,44.31428571428571,fear,17732.599609375,0.0378478418158823,-0.03300021995594049,0.021823660540466028,0.11219052656262618,0.1500361655148077,5.257142857142853
2024-07-01,47.94285714285714,neutral,17879.30078125,0.030761173939574338,-0.015654996470473304,0.01733116660523759,0.08990778224033069,0.15223183844970878,10.171428571428564
2024-07-02,49.74285714285714,neutral,18028.759765625,0.03431680610136256,-0.046293221821687935,-0.00656730646834347,0.07111023240319692,0.1322198418867424,12.457142857142856
2024-07-03,48.371428571428574,neutral,18188.30078125,0.005229151207904348,-0.07764005236023752,-0.014469831117830956,0.060065439558610434,0.1226150910451751,7.48571428571428
2024-07-05,49.71428571428572,neutral,18352.759765625,0.002489514040856955,-0.11729460391739022,-0.023662887893754925,0.06914055096235217,0.12306487454575388,4.20000000000001
2024-07-08,51.057142857142864,neutral,18403.740234375,0.003740004871207514,-0.11067807951317643,-0.014447640621625513,0.0793990903895534,0.12100365977321825,6.742857142857154
2024-07-09,50.57142857142856,neutral,18429.2890625,0.0043436716944706966,-0.12119184221447776,-0.027423123602926536,0.05753833592841562,0.11700072786652016,2.6285714285714192
2024-07-10,54.60000000000001,neutral,18647.44921875,-0.0348856988022197,-0.10657917145588147,-0.024911144222766746,0.0445868832177323,0.1068714994741029,4.857142857142868
2024-07-11,49.4,neutral,18283.41015625,-0.022544451478276217,-0.08412595691150171,0.0004489854083480349,0.04803374729439014,0.1309597391590267,1.028571428571425
2024-07-12,54.371428571428574,neutral,18398.44921875,-0.036498172081843694,-0.0879334896389663,-0.006326535248491361,0.03748415871497324,0.1267520424084656,4.657142857142851
2024-07-15,57.74285714285715,greed,18472.5703125,-0.025172457981407437,-0.06956048431606154,-0.007017478195077254,0.03095510277273439,0.1306304448868234,6.685714285714283
2024-07-16,57.02857142857143,greed,18509.33984375,-0.027661182878323087,-0.0711392327057856,-0.00035929917982702175,0.054128922665942936,0.1289246708429086,6.45714285714287
2024-07-17,46.114285714285714,neutral,17996.919921875,-0.03636787675147968,-0.02236048855148065,0.01770691447527417,0.07453326160520302,0.16543162822023683,-8.485714285714295
2024-07-18,45.94285714285714,neutral,17871.220703125,-0.038581583846672096,-0.013401434853195004,0.0277462509829165,0.09842520244391717,0.1690689628980777,-3.4571428571428555
2024-07-19,43.0,fear,17726.939453125,-0.020819081304242815,0.008452112025383318,0.036479501923328383,0.11450593877851656,0.18576698402072322,-11.371428571428574
2024-07-22,48.42857142857144,neutral,18007.5703125,-0.035394619190106225,-0.010586151050187675,0.026765435890894862,0.1111626663959473,0.16939490292494175,-9.31428571428571
2024-07-23,46.85714285714285,neutral,17997.349609375,-0.04722526960621265,-0.004353939702276044,0.030152226190423237,0.11425738360129634,0.17285715789531952,-10.171428571428585
2024-07-24,38.614285714285714,fear,17342.41015625,0.014818599725158865,0.015968913814738306,0.07134875509526983,0.15060713023551142,0.22120166039853983,-7.5
2024-07-25,39.07142857142857,fear,17181.720703125,0.0007234250698615607,0.04051214493600752,0.06372642801141892,0.12572136471797735,0.22794971627391525,-6.871428571428574
2024-07-26,42.54285714285714,fear,17357.880859375,-0.03351334807732664,0.021194330970206066,0.06092963672053231,0.1368663031865367,0.21729548054034797,-0.4571428571428626
2024-07-29,42.07142857142857,fear,17370.19921875,-0.0673635993398356,0.022142583910887303,0.06611381607013267,0.13023000284925845,0.21601652075179945,-6.357142857142868
2024-07-30,40.8,fear,17147.419921875,-0.04552115222326969,0.02382920444368053,0.082797851672064,0.14779658337356927,0.20427043563746783,-6.05714285714285
2024-07-31,46.885714285714286,neutral,17599.400390625,-0.07975219548162427,-0.004714405109460307,0.06326065574188933,0.11523341804191878,0.1962668960778915,8.271428571428572
2024-08-01,42.68571428571429,fear,17194.150390625,-0.031064684630549233,0.030211946400284795,0.08222443474996322,0.12782315479067474,0.2164922549854289,3.614285714285721
2024-08-02,41.385714285714286,fear,16776.16015625,-0.0018394778490775643,0.021467405034627518,0.0786228923716854,0.17154458160843467,0.2618751683762557,-1.1571428571428513
2024-08-05,33.05714285714286,fear,16200.080078125,0.03583496464680391,0.054581255083977265,0.1259154173258934,0.2155699220719034,0.3112712478152535,-9.014285714285712
2024-08-06,19.014285714285712,extreme fear,16366.849609375,0.05014769397983998,0.04648484986623225,0.11078068795453655,0.20927305539839902,0.3105771753999218,-21.785714285714285
2024-08-07,16.557142857142857,extreme fear,16195.8095703125,0.06154616938011248,0.030564727602125474,0.13851486347892483,0.20545998678646438,0.32042799699406244,-30.32857142857143
2024-08-08,17.65714285714286,extreme fear,16660.01953125,0.05609119887267533,0.013480180962798016,0.13946269195644034,0.1833281164089271,0.30143307154923904,-25.028571428571432
2024-08-09,24.085714285714285,extreme fear,16745.30078125,0.05293544340914669,0.016755750272289482,0.15073841845088531,0.17309683663583786,0.29667068442942357,-17.3
2024-08-12,23.8,extreme fear,16780.609375,0.06532302443575588,0.036644671723967015,0.1493491604428101,0.1709913972507331,0.2937950843561068,-9.257142857142856
2024-08-13,25.514285714285712,fear,17187.609375,0.03661533517513971,0.022229403994701746,0.12282978653772214,0.160466251578399,0.25805631236892124,6.5
2024-08-14,26.428571428571438,fear,17192.599609375,0.04225019144887798,0.028580951719893166,0.12149417939745377,0.1648482478664568,0.2580860383356711,9.87142857142858
2024-08-15,32.37142857142857,fear,17594.5,0.0014123509832617565,-0.00013465234164089512,0.09299614670067347,0.13906389869703606,0.2114552399187246,14.714285714285708
2024-08-16,33.74285714285715,fear,17631.720703125,0.0139560037002735,-0.00020758928249986486,0.08370877195431126,0.13750951127789146,0.20083908607101386,9.657142857142862
2024-08-19,39.88571428571429,fear,17876.76953125,-0.008446716266942933,-0.01697559223267453,0.04493818684470274,0.11666480569121984,0.18032010817110988,16.085714285714293
2024-08-20,44.68571428571429,fear,17816.939453125,-0.0034865213965861175,0.011059195443942516,0.054715968267996296,0.09581164694369493,0.2065225410377436,19.171428571428578
2024-08-21,50.22857142857144,neutral,17918.990234375,-0.020255657978076935,0.0016368153417893883,0.05962838612972021,0.0763402086408198,0.19701438429006068,23.800000000000004
2024-08-22,46.77142857142858,neutral,17619.349609375,-0.005841300851436526,0.02014375841013738,0.07643817992625523,0.07985771591003199,0.22276190715840083,14.400000000000013
2024-08-23,51.57142857142857,neutral,17877.7890625,-0.009182898472572254,0.011004183350762142,0.06122853645650572,0.06698091687616925,0.2076516033118958,17.828571428571422
2024-08-26,52.94285714285714,neutral,17725.76953125,-0.03325490320523372,0.020108656248836176,0.07209170000332765,0.046184194665384926,0.22449748192790464,13.05714285714285
2024-08-27,52.28571428571429,neutral,17754.8203125,-0.03776549238169036,0.024526790039852697,0.07322065266606725,0.06153027544896483,0.208435253278489,7.600000000000001
2024-08-28,51.08571428571429,neutral,17556.029296875,-0.024400115389489052,0.032100683892986925,0.09217753382668681,0.045235750226924054,0.21209816294637918,0.857142857142847
2024-08-29,56.057142857142864,greed,17516.4296875,-0.0471328703453856,0.038406241818506937,0.0881487157369667,0.04388625321851847,0.22728951346124604,9.285714285714285
2024-08-30,60.31428571428573,greed,17713.619140625,-0.04680125075901054,0.011106721490008242,0.08493751442354402,0.047370970407766944,0.22548019581949053,8.742857142857162
2024-09-03,56.34285714285714,greed,17136.30078125,-0.006443626502857458,0.04603200944267383,0.1323301024210073,0.054443429552532896,0.26634043729810597,3.3999999999999986
2024-09-04,56.62857142857143,greed,17084.30078125,0.01821722291184269,0.04882726534617743,0.14028138497949394,0.0650843096309408,0.2759491592816048,4.342857142857142
2024-09-05,50.62857142857143,neutral,17127.66015625,0.025807350637366833,0.05898000333433617,0.1522367305626111,0.019889474285586628,0.2774360324046379,-0.4571428571428555
2024-09-06,39.34285714285715,fear,16690.830078125,0.059502756062840945,0.07387711136764019,0.18030437512177167,0.044651436013763535,0.31126255820906534,-16.714285714285715
2024-09-09,41.971428571428575,fear,16884.599609375,0.04190394006187459,0.07689375777552465,0.17620612811114977,0.045239426876956035,0.3055133566958148,-18.342857142857156
2024-09-10,39.6857142857143,fear,17025.880859375,0.035368489446959916,0.07434201447222288,0.15921693662371306,0.016276920327291222,0.3004378329819801,-16.657142857142844
2024-09-11,43.08571428571429,fear,17395.529296875,0.010219377711429223,0.05096260477307002,0.13174137437207456,0.02061222402352625,0.28474101699307397,-13.542857142857144
2024-09-12,42.97142857142857,fear,17569.6796875,0.02528792722192308,0.04401103374554616,0.14031052252215392,0.013601868275380236,0.2711649463586727,-7.6571428571428655
2024-09-13,48.62857142857143,neutral,17683.98046875,0.014947983244899321,0.04629664604197958,0.125472846960051,-0.010170862179068707,0.258841589282673,9.285714285714285
2024-09-16,50.31428571428571,neutral,17592.130859375,0.02172213672861334,0.041124011079616496,0.1327064846442907,0.009018702986764549,0.2773165958545696,8.342857142857135
2024-09-17,54.62857142857143,neutral,17628.060546875,0.025326608289540253,0.04192290633929141,0.14441918164254952,0.003606200031532669,0.28383269438917247,14.942857142857136
2024-09-18,55.17142857142858,greed,17573.30078125,0.028959281047131746,0.04554116518644569,0.14429615683415342,0.011992624642540806,0.2967956761466759,12.085714285714289
2024-09-19,63.80000000000001,greed,18013.98046875,0.00978732013481709,0.026400068176214653,0.07653549901237722,0.00969299235684784,0.2531084255522891,20.828571428571443
2024-09-20,61.2,greed,17948.3203125,0.009542371000071714,0.03296628558121517,0.0793639289888286,0.018026147119442282,0.2534799347954304,12.57142857142857
2024-09-23,63.85714285714287,greed,17974.26953125,0.011956001341327127,0.03368704352336982,0.08892322858217683,-0.00418654009105468,0.24537462731556592,13.542857142857159
2024-09-24,66.42857142857143,greed,18074.51953125,-0.009082407748995713,0.011183194055339962,0.09352178491950758,-0.014965279376159102,0.24396503451314944,11.799999999999997
2024-09-25,65.74285714285715,greed,18082.2109375,-0.008687643199052242,0.01843133552788201,0.10778106331196535,-0.04198716106947309,0.2493577510355265,10.57142857142857
2024-09-26,70.74285714285713,greed,18190.2890625,-0.014942510963739664,0.018049208089652824,0.10060699454593958,-0.04898217927920845,0.24572015803418457,6.942857142857122
2024-09-27,67.31428571428572,greed,18119.58984375,0.001007736145379523,0.024702524352635535,0.08843685022361192,-0.036959954641633375,0.25583196708500267,6.114285714285714
2024-09-30,73.6857142857143,greed,18189.169921875,-0.014583927270423569,0.028785265098619117,0.07134020662836482,-0.03233347883114257,0.2559149691474849,9.82857142857143
2024-10-01,70.31428571428572,greed,17910.359375,0.015218038966624547,0.038947867984921336,0.07819104341673766,-0.07591974965605619,0.2719180720305898,3.885714285714286
2024-10-02,70.57142857142857,greed,17925.119140625,0.020446168146764254,0.009485641276137713,0.07562961848340222,-0.13039406227795947,0.2798615028382505,4.828571428571422
2024-10-03,69.42857142857143,greed,17918.48046875,0.020290242419499283,0.017938990623987072,0.0950526592765717,-0.12920854015287553,0.27177968102502414,-1.3142857142857025
2024-10-04,71.4,greed,18137.849609375,0.01130728549232174,0.002322814461600986,0.09522247105204196,-0.15822931135351348,0.27045826024847264,4.085714285714289
2024-10-07,70.82857142857144,greed,17923.900390625,0.03229146836827623,0.028747623007295164,0.08735706306948532,-0.04457342822089527,0.2845770372289007,-2.857142857142861
2024-10-08,71.17142857142856,greed,18182.919921875,0.00729640357242034,0.04402762508385116,0.07127353269267234,-0.09875253164590958,0.22116963517982136,0.857142857142847
2024-10-09,71.14285714285715,greed,18291.619140625,0.004125437825917011,0.053458460366871074,0.04756340661050262,-0.08567629749322736,0.24071079768964387,0.5714285714285836
2024-10-10,70.28571428571429,greed,18282.05078125,0.005008113960820015,0.054957101238086725,0.04408962855259535,-0.07934396036071067,0.23190223505166974,0.8571428571428612
2024-10-11,71.65714285714286,greed,18342.939453125,0.007992793548692756,0.052108350187960895,0.03824093590166089,-0.0828531073295935,0.235902246532401,0.2571428571428527
2024-10-14,74.22857142857143,greed,18502.689453125,0.0020170209630632208,0.04208636476728422,0.0545078064559239,-0.11866000899151374,0.21941943195124614,3.3999999999999915
2024-10-15,71.14285714285715,greed,18315.58984375,0.014423760837281918,0.04996458575355556,0.05583763490417892,-0.11078756762670805,0.2382877590406567,-0.028571428571410706
2024-10-16,69.02857142857142,greed,18367.080078125,-0.0049234656306476055,0.04032052505623973,0.06877081905519433,-0.13590509089536362,0.25172531315315005,-2.114285714285728
2024-10-17,68.57142857142857,greed,18373.609375,0.0022794029480122102,0.01668206607472844,0.07528025080129352,-0.11283517630160789,0.24927386086191894,-1.7142857142857224
2024-10-18,72.42857142857143,greed,18489.55078125,0.0015716224852508898,0.016347599203519803,0.0821971869668785,-0.09635171892908267,0.22990551039702534,0.7714285714285722
2024-10-21,69.8,greed,18540.009765625,0.0014660017898369126,0.024134881435156297,0.08164342635253052,-0.07410841312891192,0.23742118107113153,-4.428571428571431
2024-10-22,70.37142857142858,greed,18579.76953125,0.007157272243142554,0.020795257610711992,0.07397999462200677,-0.06441576555145134,0.24893202262793812,-0.7714285714285722
2024-10-23,63.2,greed,18276.650390625,0.0181258211868478,0.03806876623338451,0.058280902940857526,-0.04981873110168211,0.2933147175384405,-5.828571428571422
2024-10-24,62.94285714285714,greed,18415.490234375,-0.017395129843029822,0.03193833825569947,0.07157559166763794,-0.05181344127857712,0.29388302625241924,-5.628571428571426
2024-10-25,58.74285714285715,greed,18518.609375,-0.015049156633825223,0.02895630324563725,0.06014009556265609,-0.05790227060448483,0.29375107050256033,-13.685714285714283
2024-10-28,60.85714285714287,greed,18567.189453125,-0.020854474790196642,0.032698073645325954,0.06002850079646338,-0.04612702535901858,0.27004362639446833,-8.942857142857129
2024-10-29,60.057142857142864,greed,18712.75,-0.014619982531963505,0.01858254231740397,0.04888054685308152,-0.039279076097847754,0.2678500454235748,-10.314285714285717
2024-10-30,57.2,greed,18607.9296875,0.020181773143590043,0.03279463350428147,0.04213425475950072,-0.04104107581823102,0.2808905183651962,-6.0
2024-10-31,40.45714285714286,fear,18095.150390625,0.06489642371159321,0.0723287068563454,0.08614844900281349,-0.022408779458671035,0.29032586748197486,-22.48571428571428
2024-11-01,50.48571428571429,neutral,18239.919921875,0.057393858058801595,0.06803704400514876,0.07962809938151838,-0.027508879851124934,0.2883719271742451,-8.25714285714286
2024-11-04,42.42857142857143,fear,18179.98046875,0.06153908134269437,0.08554127297046143,0.08866949930974477,-0.013852591546118176,0.26809763486836813,-18.428571428571438
2024-11-05,43.54285714285715,fear,18439.169921875,0.045676159627491275,0.06839189882696006,0.058800394667644085,-0.0276720699555284,0.2475908167215788,-16.514285714285712
2024-11-06,44.0,fear,18983.470703125,0.013024488717929605,0.046161149445698824,0.03849658682301427,-0.014493180076376011,0.2393502900395359,-13.200000000000003
2024-11-07,59.05714285714286,greed,19269.4609375,-0.008397253426021045,0.024247098408224588,0.01942962694775696,-0.013460215342362858,0.21790126134658516,18.599999999999994
2024-11-08,59.42857142857144,greed,19286.779296875,-0.03145471552880241,0.02076349458537563,0.018829993141148416,-0.007257238123872689,0.2136013264429537,8.94285714285715
2024-11-11,66.6,greed,19298.759765625,-0.026268486934221458,0.03814394646676722,0.033519296951259214,-0.009660696095978527,0.18506886726144667,24.171428571428564
2024-11-12,66.71428571428571,greed,19281.400390625,-0.015244208488244149,0.03222999577495189,0.0386574172790588,-0.003646041253527521,0.18770366154964147,23.171428571428557
2024-11-13,66.31428571428572,greed,19230.720703125,-0.0137581987804547,0.03619209132848056,0.042148137608190916,-0.0007935098148724729,0.18082263598212056,22.314285714285717
2024-11-14,60.31428571428573,greed,19107.650390625,-0.007077294486000696,0.05580174498577506,0.04964501600052418,0.001834895769927014,0.17402449546499343,1.257142857142874
2024-11-15,51.2,neutral,18680.119140625,0.017319549600537165,0.07649530474044886,0.06864197303680042,0.01030622358057176,0.20792754579803208,-8.228571428571435
2024-11-18,50.285714285714285,neutral,18791.810546875,0.013997017276163426,0.03197557280343721,0.038963739918704166,0.007127024145221261,0.17487619014557843,-16.31428571428571
2024-11-19,49.51428571428572,neutral,18987.470703125,0.009839650633101549,0.02029226715602439,0.015771399416864673,-0.013180258157491798,0.173040918739074,-17.19999999999999
2024-11-20,49.51428571428572,neutral,18966.140625,0.004974119174548708,0.03197587724176221,0.003176713765402628,0.012286080539909428,0.20593905833833803,-16.799999999999997
2024-11-21,56.60000000000001,greed,18972.419921875,0.012953012900407845,0.04176910171518511,0.0054204916491136235,0.006774018906350321,0.21363484144696465,-3.7142857142857224
2024-11-22,60.71428571428572,greed,19003.650390625,0.021064312376662064,0.0540675316389152,-0.024165381877186642,0.009062403615095027,0.22159106150350016,9.51428571428572
2024-11-25,62.88571428571429,greed,19054.83984375,0.02236021483223083,0.05067056659448599,-0.010892799340062709,0.0030926362007355213,0.22623384109885136,12.600000000000009
2024-11-26,65.91428571428573,greed,19174.30078125,0.029248438614429606,0.02856576215601092,-0.04297999377014439,0.003562507677818294,0.21391231875510464,16.400000000000006
2024-11-27,64.4,greed,19060.48046875,0.033565748666405826,0.022366099031393194,-0.04067685039583091,0.017758233812885438,0.22838823293369392,14.885714285714286
2024-11-29,65.0,greed,19218.169921875,0.033385052374040214,0.0048193527792455,-0.03462553696996751,0.012608917159389943,0.22041224211747035,8.399999999999991
2024-12-02,65.31428571428572,greed,19403.94921875,0.01714806767549537,-0.006347169581900958,-0.06878442311296573,-0.005437037523168486,0.2113585930377011,4.599999999999994
2024-12-03,59.57142857142858,greed,19480.91015625,0.010591398269900854,0.007226024355172944,-0.06594606939926972,0.0025172880582413626,0.2103197781963233,-3.3142857142857167
2024-12-04,57.48571428571429,greed,19735.119140625,0.015189747892523142,0.006580215057211403,-0.1148611676459943,-0.007290501021289697,0.1930964400491233,-8.428571428571438
2024-12-05,54.91428571428572,neutral,19700.259765625,0.01028311710277463,-0.010689203118653401,-0.11493047214538432,0.0007477296708393588,0.1967603734603356,-9.485714285714288
2024-12-06,52.142857142857146,neutral,19859.76953125,0.003371195812199579,-0.019178906949330887,-0.11134672580265415,-0.012280538879931746,0.19105865520767584,-12.857142857142854
2024-12-09,49.25714285714287,neutral,19736.689453125,0.02215169737120104,-0.029136527436162685,-0.12330739120560386,-0.003759456160377095,0.19543145424848718,-16.05714285714285
2024-12-10,46.971428571428575,neutral,19687.240234375,0.021426076355967716,-0.030432941228291988,-0.09819306147591034,-0.014243243487240487,0.17818290658001734,-12.600000000000001
2024-12-11,49.2,neutral,20034.890625,-0.032054139146317384,-0.04943875255121344,-0.11111767518071991,-0.01665492933031676,0.1508627917079033,-8.285714285714285
2024-12-12,47.114285714285714,neutral,19902.83984375,-0.026632898453757825,-0.019676055179782548,-0.12052152968905383,-0.01918067989276817,0.16121423469915475,-7.800000000000004
2024-12-13,49.114285714285714,neutral,19926.720703125,-0.017771167620895367,-0.029529778100052306,-0.1091966748088039,-0.019092512889756885,0.13883868051310255,-3.028571428571432
2024-12-16,56.057142857142864,greed,20173.890625,-0.020274213498418847,-0.026950250517183028,-0.12304318546016701,-0.03601092532194694,0.1404027018214291,6.799999999999997
2024-12-17,51.4,neutral,20109.060546875,-0.0038753519747152243,-0.017518533458031005,-0.11562000920954574,-0.02377484729510626,0.15906056806055346,4.4285714285714235
2024-12-18,33.12857142857143,fear,19392.689453125,0.03236631635813958,0.03179808515551885,-0.06209038783844223,0.026805969590062872,0.20812691477146328,-16.07142857142857
2024-12-19,19.51428571428572,extreme fear,19372.76953125,0.01802838592910594,0.03514779624831821,-0.05682771141597143,0.031011634605516036,0.21623497382460766,-27.599999999999994
2024-12-20,27.600000000000005,fear,19572.599609375,-0.004384218171708643,0.019501812712306776,-0.08550627466590477,0.030415507329432767,0.20644733035690144,-21.51428571428571
2024-12-23,30.142857142857142,fear,19764.880859375,-0.022974679185056246,-0.021404165512555418,-0.09920887337754514,0.025731502342133616,0.19368792441691718,-25.91428571428572
2024-12-24,34.51428571428571,fear,20031.130859375,-0.037458783637461135,-0.0148539300009487,-0.13519659194540845,0.016903669181339787,0.1718933780709888,-16.885714285714286
2024-12-26,34.17142857142857,fear,20020.359375,-0.019913712837634767,-0.01938222262805911,-0.1359151582412591,0.009117281392457599,0.16976322150186185,1.0428571428571374
2024-12-27,33.82857142857143,fear,19722.029296875,0.00724829933690696,-0.002042350524313563,-0.11520815823121333,0.034028017725657556,0.17847863850692813,14.31428571428571
2024-12-30,28.6,fear,19486.7890625,0.00014833767588529057,0.0072177304415772525,-0.09677008742701887,0.057182871087744225,0.19237863071495953,0.9999999999999964
2024-12-31,26.314285714285717,fear,19310.7890625,0.008704553518293023,0.004203446826397617,-0.14293458846070906,0.05705258677852121,0.21154139464620858,-3.8285714285714256
2025-01-02,24.31428571428572,extreme fear,19280.7890625,-0.0061801517945526685,0.019357634562576553,-0.19153775353624747,0.059005462448251444,0.22127625822497388,-10.199999999999992
2025-01-03,28.885714285714283,fear,19621.6796875,-0.027193394583080344,0.003600629087325613,-0.2047948996147836,0.050437076336561804,0.2019500711704807,-5.285714285714288
2025-01-06,33.77142857142857,fear,19864.98046875,-0.04130836398459525,-0.0036743169463379077,-0.2314157982552132,0.038544195334322406,0.1819804992099987,-0.05714285714285694
2025-01-07,34.31428571428572,fear,19489.6796875,0.0011057534857190632,0.0017301825204765198,-0.12133134162752002,0.05622717391696486,0.21455816559966223,5.714285714285715
2025-01-08,31.91428571428572,fear,19478.880859375,-0.0072176526921634565,0.012084301637981909,-0.1587139597402515,0.05962607539595921,0.21844271043950148,5.600000000000005
2025-01-10,25.62857142857143,fear,19161.630859375,0.0244534696870935,0.025166360794862452,-0.12719010922197116,0.07912530686985875,0.23736175248490055,1.3142857142857096
2025-01-13,25.34285714285715,fear,19088.099609375,0.035031234181719384,0.02943454931988354,-0.11822125757960089,0.08604264744057333,0.22965357894884408,-3.542857142857134
2025-01-14,25.142857142857142,fear,19044.390625,0.050668421886037596,0.047323645988279095,-0.11663385544135785,0.09668252462790461,0.23553543899491403,-8.62857142857143
2025-01-15,27.428571428571427,fear,19511.23046875,0.027801896944368076,0.02642268325033159,-0.16421672214019367,0.07095502890462724,0.20522335393778612,-6.88571428571429
2025-01-16,27.342857142857145,fear,19338.2890625,0.03185450981516991,0.03635123566790455,-0.15781328210185352,0.08459334844530009,0.18698816830761178,-4.5714285714285765
2025-01-17,36.02857142857143,fear,19630.19921875,-0.014690077131237711,0.021703843985600102,-0.19150589284566533,0.06431367406445476,0.1831168931956919,10.400000000000002
2025-01-21,39.91428571428572,fear,19756.779296875,-0.001173746630285466,0.010405546118416042,-0.17494548696743828,0.063939583238388,0.18622672142503305,14.57142857142857
2025-01-22,41.62857142857143,fear,20009.33984375,-0.018842177412852656,-0.024255176928118183,-0.164987405295691,0.05240658122349506,0.17451352307935886,16.48571428571429
2025-01-23,43.68571428571429,fear,20053.6796875,-0.01854670530774627,-0.0382348781843731,-0.14399554944521953,0.05259087815476504,0.176909162945859,16.257142857142863
2025-01-24,45.8,neutral,19954.30078125,-0.01638049519791418,-0.04650176252339089,-0.12886251221296474,0.06135415669515165,0.19358226932986144,18.457142857142852
2025-01-27,37.971428571428575,fear,19341.830078125,0.0025918364070263156,-0.013782062577495369,-0.10214644688583285,0.09081141635927725,0.23346390297017572,1.942857142857143
2025-01-28,40.62857142857143,fear,19733.58984375,-0.004032226935394734,-0.06026120595851103,-0.11514729703220572,0.07074638163553226,0.20024381413433123,0.7142857142857153
2025-01-29,42.4,fear,19632.3203125,0.003056682280534684,-0.03998717437006971,-0.11134600668460848,0.07590182324507144,0.1950609983457603,0.7714285714285651
2025-01-30,45.91428571428571,neutral,19681.75,0.00560113985671995,-0.06765458086171194,-0.10014403016118989,0.04920196930532095,0.1986794555870286,2.2285714285714207
2025-01-31,43.771428571428565,fear,19627.439453125,-0.005300694609119527,-0.0683878964487794,-0.0840511564595523,0.072660554037421,0.18483052813200262,-2.028571428571432
2025-02-03,37.4,fear,19391.9609375,0.016620732415292938,-0.043277235935799796,-0.07981249075909758,0.07861968413940867,0.1811379030695306,-0.5714285714285765
2025-02-04,37.142857142857146,fear,19654.01953125,-0.0005169505522188977,-0.08063285798130115,-0.09994695344006643,0.07710384067826448,0.1468692095227817,-3.4857142857142875
2025-02-05,38.62857142857143,fear,19692.330078125,-0.0021521505686155074,-0.07597421783326375,-0.0992350785367836,0.07872959342415298,0.1695523508964516,-3.771428571428565
2025-02-06,39.68571428571429,fear,19791.990234375,0.007763261238788344,-0.11740456085306761,-0.094171914360479,0.08377274226799658,0.17414517927124673,-6.228571428571421
2025-02-07,38.371428571428574,fear,19523.400390625,0.025782862132290862,-0.10691276824155627,-0.08167022326272932,0.0953727303003078,0.18332207714280369,-5.3999999999999915
2025-02-10,44.71428571428572,fear,19714.26953125,0.01658647477943176,-0.10478807288423098,-0.05102546081686943,0.09980744436186262,0.17003932945936806,7.314285714285724
2025-02-11,45.4,neutral,19643.859375,0.020993360679665285,-0.11916444547317984,-0.03226298453635723,0.10533985254615996,0.15034168995241037,8.257142857142853
2025-02-12,41.371428571428574,fear,19649.94921875,0.015898776774033507,-0.09648164246607671,-0.02560508764037439,0.10487155362002953,0.14741619282969687,2.74285714285714
2025-02-13,46.60000000000001,neutral,19945.640625,-0.021138998105005746,-0.10714022722697081,-0.04177957119389342,0.08409556129511375,0.1319957721024565,6.914285714285718
2025-02-14,43.68571428571429,fear,20026.76953125,-0.036942545456247755,-0.12596391977690802,-0.040728981306856316,0.08004286450186893,0.1361608183421681,5.314285714285717
2025-02-18,46.8,neutral,20041.259765625,-0.050638989389565014,-0.11428776084493664,-0.04120493610593379,0.06355336281353163,0.13180162993823785,2.0857142857142748
2025-02-19,47.62857142857143,neutral,20056.25,-0.04891194686818323,-0.11789936506699905,-0.04554884699283268,0.05567388594577749,0.14109418822062958,2.228571428571435
2025-02-20,44.22857142857144,fear,19962.359375,-0.07103065456785462,-0.1091207984401894,-0.05458867509242005,0.057004843490600754,0.13349675287318075,2.8571428571428683
2025-02-21,36.971428571428575,fear,19524.009765625,-0.03466144899914403,-0.06839885545571744,-0.030642759270861686,0.10103095217397096,0.17105450990682236,-9.628571428571433
2025-02-24,29.542857142857144,fear,19286.9296875,-0.048568655019368245,-0.05262995867910869,-0.028502138956636336,0.11211527236506913,0.20040257590247923,-14.142857142857146
2025-02-25,24.2,extreme fear,19026.390625,-0.03895801801609444,-0.05925301944913686,0.009080520559847427,0.13233613016131374,0.20245512195642723,-22.599999999999998
2025-02-26,21.25714285714286,extreme fear,19075.259765625,-0.027393037017332533,-0.06664289159725356,0.0013462300286088968,0.13183992722903826,0.18835660515353814,-26.371428571428574
2025-02-27,12.757142857142858,extreme fear,18544.419921875,-0.025622810433099663,-0.06586507923384555,0.03405063201815994,0.17044158014598176,0.22672261903244784,-31.471428571428582
2025-02-28,20.65714285714285,extreme fear,18847.279296875,-0.03454390331329937,-0.0821333525116098,0.014139453773531319,0.13838981442841303,0.1946917694830581,-16.314285714285724
2025-03-03,12.342857142857143,extreme fear,18350.189453125,-0.048057767625653613,-0.04906209989955612,0.048632736144477384,0.15964093524664524,0.24290163472213822,-17.200000000000003
2025-03-04,11.042857142857144,extreme fear,18285.16015625,-0.0464344058033741,-0.03741336521825145,0.06091282612415583,0.1756927631504459,0.24412310529307724,-13.157142857142855
2025-03-05,11.514285714285714,extreme fear,18552.73046875,-0.048741140907704206,-0.107915171684424,0.04892863436754058,0.17005362039238237,0.20670538092544066,-9.742857142857146
2025-03-06,17.2,extreme fear,18069.259765625,-0.042406275073742394,-0.13733101182613217,0.0680265527790691,0.20095625977345621,0.256053070969007,4.442857142857141
2025-03-07,17.642857142857146,extreme fear,18196.220703125,-0.02429794991984624,-0.14249997182407703,0.07329700696562491,0.19797949114819846,0.24735240244019585,-3.0142857142857054
2025-03-10,17.071428571428573,extreme fear,17468.3203125,0.019483260992555707,-0.12596575497161155,0.12152971115121347,0.2525239887385424,0.3004187267575902,4.7285714285714295
2025-03-11,15.114285714285716,extreme fear,17436.099609375,0.00390107494071823,-0.017843950953498444,0.13069956446995135,0.2552153886014368,0.26779267555425323,4.071428571428571
2025-03-12,15.914285714285716,extreme fear,17648.44921875,0.005798800930411074,-0.07145889456027366,0.1114790096420919,0.24900890946730225,0.2677702958585906,4.400000000000002
2025-03-13,15.185714285714289,extreme fear,17303.009765625,0.02245973960680847,-0.033436311714645894,0.13636243062391706,0.2796097273990785,0.29916873430505286,-2.0142857142857107
2025-03-14,22.057142857142857,extreme fear,17754.08984375,0.0016875513058500768,-0.05196601927328803,0.09309067651005587,0.2587944635115984,0.24773616202428705,4.414285714285711
2025-03-17,22.571428571428573,extreme fear,17808.66015625,0.021333984935787642,-0.05533769670084587,0.10627137385098595,0.2541067515212161,0.24044646027860828,5.5
2025-03-18,22.228571428571428,extreme fear,17504.119140625,0.0438605466637374,-0.06838156063489076,0.11522834636356238,0.2717766543566922,0.23671515264989518,7.114285714285712
2025-03-19,21.6,extreme fear,17750.7890625,0.008350641102662149,-0.08249429712851675,0.10114933271012161,0.2658998213547725,0.2363822074810935,5.685714285714285
2025-03-20,21.685714285714287,extreme fear,17691.630859375,0.006353198209561262,-0.10291478966650347,0.09924349602538718,0.2792195727256719,0.2300669620555711,6.499999999999998
2025-03-21,22.685714285714287,extreme fear,17784.05078125,-0.025925507779200885,-0.08342479886186649,0.10385260054600365,0.28142799124127427,0.23311727919833358,0.6285714285714299
2025-03-24,25.4,fear,18188.58984375,-0.04889333306702626,-0.0813993319558386,0.09478136941536364,0.24107865959063024,0.17700603851272656,2.8285714285714256
2025-03-25,29.285714285714285,fear,18271.859375,-0.044985501099282676,-0.06052040407080905,0.09313181386336056,0.23128461714094173,0.1464820818215169,7.057142857142857
2025-03-26,28.88571428571429,fear,17899.01953125,-0.016647210730161732,-0.028832868595063177,0.126760609486946,0.25061035771643403,0.16177540276407432,7.285714285714288
2025-03-27,28.342857142857145,fear,17804.029296875,-0.07040091324130782,-0.024595468261606412,0.13870071765487602,0.26286414932188706,0.21268228103649722,6.657142857142858
2025-03-28,26.371428571428574,fear,17322.990234375,-0.10016747523584257,0.00798534642422788,0.17587842474962434,0.3041137866484558,0.26080710796740836,3.685714285714287
2025-03-31,21.11428571428572,extreme fear,17299.2890625,-0.09804040447832707,0.008500394479722617,0.1678451381446764,0.30988098318708013,0.264744441719742,-4.285714285714278
2025-04-01,19.571428571428573,extreme fear,17449.890625,-0.12504264442918245,0.014948495379179416,0.16866811933814052,0.30402881285967953,0.26054313556764774,-9.714285714285712
2025-04-02,22.6,extreme fear,17601.05078125,-0.027048389555932473,0.02140097725877066,0.1704471434921877,0.29787994280348595,0.25093949690947515,-6.285714285714288
2025-04-03,12.142857142857142,extreme fear,16550.609375,-0.009866635386348133,0.07816212866029293,0.23333945407976864,0.3764151669264444,0.36762276974318353,-16.200000000000003
2025-04-04,5.385714285714286,extreme fear,15587.7900390625,0.07292059333549128,0.13484080244346908,0.30990094723703576,0.4717718075739996,0.4641215890567394,-20.985714285714288
2025-04-07,4.0,extreme fear,15603.259765625,0.07871564798471464,0.13682399849090032,0.32096370587626355,0.4604870852181955,0.46782729820704283,-17.11428571428572
2025-04-08,2.9,extreme fear,15267.91015625,0.10186461340868891,0.17423671226287785,0.35124322484991377,0.509268827465694,0.51846192420019,-16.671428571428574
2025-04-09,9.5,extreme fear,17124.970703125,-0.04775544209986671,0.04694602009469673,0.2020767599397124,0.3445062919245414,0.380386599657732,-13.100000000000001
2025-04-10,5.614285714285715,extreme fear,16387.310546875,-0.0061547836830206926,0.14163576690853708,0.25953127080154315,0.35497704910061056,0.4655253809069828,-6.528571428571428
2025-04-11,8.385714285714286,extreme fear,16724.4609375,-0.05103665523599177,0.1366638311866366,0.23638070360077945,0.3569710533457964,0.4411644900737177,3.0
2025-04-14,12.342857142857143,extreme fear,16831.48046875,-0.03155162422348934,0.13755950241119508,0.23164984047981152,0.3380700087888697,0.45373311124824456,8.342857142857143
2025-04-15,13.114285714285716,extreme fear,16823.169921875,-0.0068428923419070475,0.13607128747171715,0.24148127181831502,0.34755103725412173,0.45064162927268625,10.214285714285715
2025-04-16,11.142857142857142,extreme fear,16307.16015625,0.05266882142693752,0.17807756993249457,0.2813788661182912,0.38359707308402924,0.4876876602086937,1.6428571428571423
2025-04-17,16.057142857142857,extreme fear,16286.4501953125,0.06732524550549934,0.1798434101392159,0.28783003269409213,0.39256685349718845,0.5139929215266836,10.442857142857143
2025-04-21,12.371428571428572,extreme fear,15870.900390625,0.09421207568243828,0.20615153938006392,0.31641488125439876,0.44859702327163475,0.5398307215409097,3.9857142857142858
2025-04-22,13.600000000000003,extreme fear,16300.419921875,0.07121904810974122,0.15780088583319896,0.2895385291909778,0.4081643314643326,0.5236785143212497,1.2571428571428598
2025-04-23,21.542857142857144,extreme fear,16708.05078125,0.044187623808787935,0.13273178793625173,0.26034815270800626,0.36104448617935647,0.4895274101814222,8.428571428571429
2025-04-24,24.08571428571429,extreme fear,17166.0390625,0.03173132543225554,0.09152792145465272,0.2296558475514654,0.3364644399165686,0.4367787869671813,12.942857142857147
2025-04-25,34.51428571428572,fear,17382.939453125,0.03421694111222773,0.10448294478748199,0.21835436033332334,0.3349220483221189,0.41939401566168333,18.457142857142863
2025-04-28,32.142857142857146,fear,17366.130859375,0.02753113971509058,0.09989609129390353,0.2149101739095911,0.3611241979522146,0.43338264282610983,19.771428571428572
2025-04-29,32.74285714285714,fear,17461.3203125,0.013076894511037551,0.09819124770866328,0.21008432029901813,0.364586973260989,0.4382898316770685,19.14285714285714
2025-04-30,32.371428571428574,fear,17446.33984375,0.016726735528113768,0.09557475679331917,0.21070949023825958,0.3732663078730474,0.43685156919778345,10.82857142857143
2025-05-01,41.25714285714287,fear,17710.740234375,0.012275059525916676,0.08649379531024781,0.16596655961871654,0.33145991149658816,0.4299871447619785,17.171428571428578
2025-05-02,38.28571428571429,fear,17977.73046875,-0.0027150561056550337,0.07905505487583486,0.17109220848102225,0.3196860960141876,0.4372748272113567,3.7714285714285722
2025-05-05,53.057142857142864,neutral,17844.240234375,0.0484245671446637,0.09057544500474002,0.17217379426200097,0.3357094720799594,0.4461920978309375,20.914285714285718
2025-05-06,54.65714285714286,neutral,17689.66015625,0.07464415233740218,0.0909451650449935,0.19671151027712375,0.31990328919635025,0.48375264681676455,21.914285714285718
2025-05-07,54.142857142857146,neutral,17738.16015625,0.07941355688620644,0.10101324188735927,0.19757060662603076,0.32481613505839824,0.4812207482587967,21.771428571428572
2025-05-08,57.65714285714286,greed,17928.140625,0.06605145019047387,0.0927647570465775,0.1964441812409088,0.2859108323942545,0.45515364724276863,16.39999999999999
2025-05-09,60.02857142857143,greed,17928.919921875,0.07151460841406387,0.09961951530168989,0.19278799190422857,0.28309676002469386,0.47261184492974473,21.74285714285714
2025-05-12,64.4857142857143,greed,18708.33984375,0.027106686001292513,0.04850997059090667,0.15894304741681253,0.25757657378320786,0.4237084062818741,11.42857142857143
2025-05-13,68.2,greed,19010.08984375,0.0069763528126407515,0.03431863794370704,0.14219032121716624,0.23451814137352645,0.37953796328964295,13.542857142857144
2025-05-14,70.4,greed,19146.810546875,-0.014319352103253968,0.013580305221771782,0.13390529815517782,0.22247310486498906,0.36266718704271783,16.25714285714286
2025-05-15,69.14285714285714,greed,19112.3203125,-0.009762293383235754,0.030812094783428723,0.13136344071253125,0.1966291377003626,0.35361434480458254,11.48571428571428
2025-05-16,70.60000000000001,greed,19211.099609375,-0.024667441297516524,0.01613599641239305,0.12589960861452676,0.19204992475154992,0.3674573506547272,10.571428571428577
2025-05-19,69.74285714285715,greed,19215.4609375,-0.000848315910975006,0.017215751150908343,0.10926036529015737,0.18176037443806448,0.3683304134569372,5.257142857142853
2025-05-20,69.17142857142858,greed,19142.7109375,-0.0021821091334127685,0.015917244936980435,0.10605334030944391,0.1718742284004151,0.3761880848087167,0.9714285714285751
2025-05-21,66.22857142857143,greed,18872.640625,0.016067095307443324,0.04018145066146506,0.118037002141824,0.19560536954536545,0.4124244835240167,-4.171428571428578
2025-05-22,66.8,greed,18925.740234375,0.009935109250494678,0.052140051077510075,0.1358361044951697,0.1665620740767344,0.409441857407534,-2.3428571428571416
2025-05-23,64.08571428571429,greed,18737.2109375,0.02697298115422897,0.06598313099393205,0.14474289338186086,0.18870840235610697,0.43657830361792604,-6.51428571428572
2025-05-27,65.74285714285715,greed,19199.16015625,0.01040674590054702,0.05045793629075157,0.12214645619467812,0.19130261842101248,0.40488536587598944,-4.0
2025-05-28,64.74285714285715,greed,19100.939453125,0.018823722368858542,0.06138554008049946,0.13031825884709325,0.205468971840697,0.4180878701462758,-4.428571428571431
2025-05-29,64.45714285714287,greed,19175.869140625,0.006392413153535115,0.06225852499148243,0.1318996806390682,0.2106199350277984,0.4129164207334557,-1.771428571428558
2025-05-30,61.91428571428571,greed,19113.76953125,0.02177381530208211,0.056980968195171844,0.12251802273598167,0.22245323796142547,0.4049547068591135,-4.885714285714286
2025-06-02,62.42857142857144,greed,19242.609375,0.01811764987694131,0.05979030504406313,0.10585994054535552,0.20960309842983538,0.39435148397071274,-1.6571428571428513
2025-06-03,54.57142857142857,neutral,19398.9609375,0.016291042488986385,0.06196922998855858,0.1081897910930314,0.2069548465667661,0.32529931733618134,-11.171428571428578
2025-06-04,54.88571428571429,neutral,19460.490234375,0.007984928597817076,0.04892113638500928,0.11547495421161336,0.2052157762357245,0.33242584559600985,-9.857142857142854
2025-06-05,57.97142857142858,greed,19298.44921875,0.018863744516388614,0.05803635857236755,0.12446292336880216,0.2179808003517123,0.33061574126645144,-6.4857142857142875
2025-06-06,61.77142857142858,greed,19529.94921875,-0.006304119854382284,0.055370887701120974,0.11616773677126901,0.2072807048949461,0.28876423169783116,-0.1428571428571317
2025-06-09,63.42857142857143,greed,19591.240234375,0.005613258875364346,0.05305534052158789,0.11679964987540759,0.20185859133670925,0.31740818077275645,0.9999999999999929
2025-06-10,64.0,greed,19714.990234375,-0.009835175585677702,0.04415620054338798,0.1101228195748496,0.19586618882859508,0.3131550934582912,9.42857142857143
2025-06-11,64.2,greed,19615.880859375,-0.00354872302824627,0.05222550167867612,0.1237359397992559,0.2058673561590274,0.36032328318164564,9.31428571428571
2025-06-12,64.6,greed,19662.490234375,-0.010938598090133311,0.05163692567790723,0.12605775491584303,0.1999425857947521,0.34145469517576643,6.628571428571412
2025-06-13,59.54285714285715,greed,19406.830078125,0.01154957425286307,0.06820589199376781,0.15159198643116234,0.19520652412060557,0.3408506207091031,-2.2285714285714278
2025-06-16,61.114285714285714,greed,19701.2109375,0.010726160947435393,0.06012013458880827,0.13363391764862165,0.1703549710419925,0.3460050639336494,-2.3142857142857167
2025-06-17,57.42857142857144,greed,19521.08984375,0.023178057225368587,0.07041412943012948,0.14037332220220966,0.18392267657635508,0.34042719022435475,-6.571428571428562
2025-06-18,54.285714285714285,neutral,19546.26953125,0.03180354307537514,0.0730528223795901,0.14961684464646696,0.16100518701118838,0.30904974074936375,-9.914285714285718
2025-06-20,54.51428571428573,neutral,19447.41015625,0.042476133048724884,0.07431731450424084,0.16372721544501934,0.1830037619485403,0.31002742371905634,-10.085714285714268
2025-06-23,56.60000000000001,greed,19630.970703125,0.03763236045721352,0.07075803072253994,0.1608687524108161,0.18728816282705396,0.2917649357674521,-2.942857142857143
2025-06-24,57.885714285714286,greed,19912.529296875,0.01458184059875145,0.057523161600809836,0.13363151243009597,0.1765873500460755,0.27043725904750415,-3.2285714285714278
2025-06-25,59.25714285714286,greed,19973.55078125,0.02100678455825067,0.05681361034289689,0.12638256569381112,0.17965203592485302,0.2927165984547142,1.828571428571422
2025-06-26,63.00000000000001,greed,20167.91015625,0.021479144332203104,0.050112773908891795,0.1099166470559183,0.17083576651878718,0.29977377427980123,8.714285714285722
2025-06-27,64.8,greed,20273.4609375,0.006859144286152974,0.040685116741676186,0.10903956565753492,0.163743066963699,0.2844392665442006,10.28571428571427
2025-06-30,69.22857142857143,greed,20369.73046875,0.0023922981614685757,0.03730729055501514,0.10905494921903691,0.1524133638090066,0.2681890887808216,12.62857142857142
2025-07-01,67.54285714285714,greed,20202.890625,0.02021736524398965,0.045516189282938324,0.12162215725627123,0.15919451888459646,0.2929417201282305,9.657142857142858
2025-07-02,63.71428571428572,greed,20393.130859375,0.011647514965354322,0.012602282688822797,0.11582475065564268,0.13969700849981748,0.2660483390786361,4.457142857142863
2025-07-03,77.62857142857145,extreme greed,20601.099609375,-0.0007558000686970212,0.021963898885479338,0.10887531318252042,0.1278830402237896,0.25578978215570447,14.62857142857144
2025-07-07,75.08571428571429,extreme greed,20412.51953125,0.01116033454499532,0.02469226051337592,0.11600675902598834,0.14615054142056283,0.2838635909143534,10.285714285714292
2025-07-08,74.62857142857142,greed,20418.4609375,0.012701243474903867,0.03677843235460565,0.12357488608462863,0.1532294228224076,0.28714938189743267,5.3999999999999915
2025-07-09,75.91428571428571,extreme greed,20611.33984375,0.005780817332994959,0.03063165130390333,0.10562241696820784,0.1442380493292621,0.2552885879151401,8.371428571428567
2025-07-10,76.97142857142856,extreme greed,20630.66015625,0.01235977096436991,0.03971561592282713,0.11694830339173956,0.13811285501384174,0.26544713392101293,13.257142857142838
2025-07-11,75.25714285714285,extreme greed,20585.529296875,0.01506500460967386,0.038855988700345234,0.11848622045731272,0.1499024031880709,0.2761017746936347,-2.371428571428595
2025-07-14,76.11428571428573,extreme greed,20640.330078125,0.016174625507991314,0.05046287092103596,0.07577880796744929,0.1498798856796686,0.2539503545139603,1.0285714285714391
2025-07-15,73.4857142857143,greed,20677.80078125,0.010392240168492828,0.05007011406594142,0.09753496588374033,0.14663398644039494,0.234185419636888,-1.1428571428571246
2025-07-16,72.94285714285715,greed,20730.490234375,0.013966350703800812,0.04728203126979991,0.08640456468341706,0.13223323397724007,0.23046150979116198,-2.971428571428561
2025-07-17,74.17142857142858,greed,20885.650390625,0.008250188222644228,0.035303189718045136,0.08543807131335401,0.1266117689019628,0.23707954764471317,-2.799999999999983
2025-07-18,73.94285714285715,greed,20895.650390625,0.01017771248558108,0.03513262937029071,0.07977204062635268,0.12537251463349364,0.22948555849457675,-1.3142857142857025
2025-07-21,73.28571428571429,greed,20974.1796875,0.009745334199974254,0.01624709697004678,0.08132813969557073,0.0944084896049644,0.19850644114135862,-2.8285714285714363
2025-07-22,73.88571428571429,greed,20892.689453125,0.009840744047638461,0.013409950045138563,0.10041070174721889,0.11162425328760994,0.19543347296363844,0.3999999999999915
2025-07-23,76.3714285714286,extreme greed,21020.01953125,0.00521647425027294,0.003819740295941898,0.09199089409742389,0.11493804734140167,0.1861111756370648,3.428571428571445
2025-07-24,75.25714285714287,extreme greed,21057.9609375,0.00306241812497432,0.020827188648592232,0.07989564887685363,0.11602639515414848,0.1813541790719735,1.085714285714289
2025-07-25,74.65714285714286,greed,21108.3203125,-0.021706580454611935,0.016153286711216186,0.08686055742977539,0.11810693724519905,0.1579765273246443,0.7142857142857082
2025-07-28,73.8,greed,21178.580078125,-0.0059021898323160515,0.017266948576156738,0.09567634161616523,0.1245843451976878,0.18620698813742842,0.5142857142857054
2025-07-29,70.62857142857143,greed,21098.2890625,-0.00861388715983713,0.023312390926248927,0.12034965809209197,0.13077648846674106,0.2026496335418193,-3.2571428571428527
2025-07-30,68.02857142857142,greed,21129.669921875,0.001881240934996642,0.02723612041753709,0.12767924546265697,0.1209412749086256,0.2264223949753712,-8.34285714285717
2025-07-31,63.71428571428572,greed,21122.44921875,0.0056929951046233995,0.015770025485695616,0.13426574991395968,0.11075283313610162,0.2586130499855104,-11.542857142857144
2025-08-01,49.8,neutral,20650.130859375,0.038735283438257495,0.03048406832318995,0.14193661946187341,0.14246779042997515,0.27667178637544576,-24.85714285714286
2025-08-04,56.885714285714286,greed,21053.580078125,0.015760754763260776,0.021096193092902116,0.12688487418586858,0.1045717339678256,0.251490222166602,-16.91428571428571
2025-08-05,55.02857142857143,greed,20916.55078125,0.03659062229615184,0.037823572354204416,0.1395148728102391,0.09504575193425802,0.27605260636715423,-15.600000000000001
2025-08-06,55.31428571428573,greed,21169.419921875,0.02568425139335817,0.02508196753073677,0.10294191863392288,0.0647712562240843,0.25678263614147867,-12.714285714285694
2025-08-07,54.71428571428572,neutral,21242.69921875,0.022029719401757797,0.0261736982797951,0.10625304907145483,0.08419418362669084,0.24491944015324374,-9.0
2025-08-08,58.37142857142857,greed,21450.01953125,0.008063439627549851,0.020021925970711285,0.07477712086873467,0.0833868886701552,0.23955552560867788,8.57142857142857
2025-08-11,57.62857142857143,greed,21385.400390625,0.011426914444497616,0.023411306176408075,0.07571233843182124,0.08029170747968473,0.25333305934384076,0.7428571428571473
2025-08-12,62.25714285714286,greed,21681.900390625,-0.016924308536795274,0.01665766908656985,0.08510644814362633,0.06385834671109691,0.23278677951160476,7.228571428571428
2025-08-13,63.34285714285714,greed,21713.140625,-0.024882685528132775,0.019709676815810706,0.0808340067686546,0.04071312302961694,0.22713294296872366,8.02857142857141
2025-08-14,63.25714285714287,greed,21710.669921875,-0.028113336769263864,0.029390160709969138,0.07810864527567496,0.038506411962795806,0.2109120092609993,8.542857142857144
2025-08-15,63.54285714285715,greed,21622.98046875,-0.005847547540115294,0.0328807802318245,0.05768764893686784,0.04418449121783952,0.21773637458556006,5.171428571428585
2025-08-18,64.2,greed,21629.76953125,-0.00834407729075648,0.02919867204144455,0.05875329881180469,0.051959006151280684,0.2051524582457518,6.571428571428569
2025-08-19,59.88571428571429,greed,21314.94921875,0.010758660982324697,0.05422351573600315,0.06535887463079293,0.06417004497467027,0.22826757262316089,-2.3714285714285666
2025-08-20,55.91428571428572,greed,21172.859375,0.019708308764979865,0.06889107738902167,0.05950968700348258,0.08091542607244095,0.22705152823152863,-7.4285714285714235
2025-08-21,52.60000000000001,neutral,21100.310546875,0.02866543637029917,0.08003057197303165,0.06937906997258914,0.07236665929550234,0.23937990026990685,-10.657142857142858
2025-08-22,55.54285714285715,greed,21496.5390625,-0.0019067386210789294,0.05009790820251947,0.027051411255518243,0.06359817368856979,0.2155537755532595,-8.0
2025-08-25,53.942857142857136,neutral,21449.2890625,-0.007909735498954795,0.048886017128335846,0.038406448494614276,0.07938682772484085,0.23739996845757916,-10.257142857142867
2025-08-26,55.4,greed,21544.26953125,-0.002160159685734242,0.0390094306182418,0.061628463775442066,0.061924184813500815,0.22549617584287285,-4.485714285714295
2025-08-27,59.11428571428572,greed,21590.140625,0.005444560559688449,0.04140453288501922,0.06648633020425265,0.04993345486836076,0.22143209176063428,3.200000000000003
2025-08-28,64.42857142857143,greed,21705.16015625,-0.00021974181326767095,0.040819336415717666,0.06954702411814884,0.048085303735916796,0.2024684150388345,11.828571428571422
2025-08-29,61.54285714285714,greed,21455.55078125,0.015993457404033462,0.05613740689554225,0.08902771554782318,0.04945753584672974,0.2219602444807316,5.999999999999986
2025-09-02,62.45714285714286,greed,21279.630859375,0.028189369400443587,0.06933998557709642,0.09381220359001241,0.07179868952951729,0.24927263647353493,8.514285714285727
2025-09-03,61.371428571428574,greed,21497.73046875,0.01806377090314215,0.06262616021058909,0.0891228707100078,0.0582042726530545,0.23301342311025208,5.971428571428575
2025-09-04,61.17142857142858,greed,21707.689453125,0.015449864440856942,0.04942121153965373,0.08045077272715417,0.03132485545471586,0.2171452062322745,2.057142857142857
2025-09-05,58.68571428571429,greed,21700.390625,0.02030880420499348,0.05720078123593675,0.08316670566846085,0.04587745036271662,0.20980955123935696,-5.74285714285714
2025-09-08,58.22857142857144,greed,21798.69921875,0.02523319284927239,0.045399963838151924,0.08163017539571515,0.04121348625482413,0.19648059920433192,-3.3142857142856954
2025-09-09,57.942857142857136,greed,21879.490234375,0.020771539841955677,0.05319550924323657,0.07616311616035243,0.038238579420170726,0.2035490214999618,-4.514285714285727
2025-09-10,57.94285714285714,greed,21886.060546875,0.01714650886788216,0.052022624631849146,0.07723773238584819,0.010020022911629622,0.19648806143822095,-3.4285714285714306
2025-09-11,60.34285714285715,greed,22043.0703125,0.01940067261784728,0.007320186013674235,0.07308782557443472,0.015021018864701308,0.1786729318631528,-0.8285714285714292
2025-09-12,61.34285714285714,greed,22141.099609375,0.022147990299784537,0.024999199470230105,0.06561371346750411,0.015285134590004912,0.17331253396738222,2.6571428571428513
2025-09-15,64.45714285714287,greed,22348.75,0.01969821438559194,0.007738652888864106,0.03787325563510269,-0.008784834862128776,0.1820929931763522,6.228571428571428
2025-09-16,64.37142857142858,greed,22333.9609375,0.010724016500935463,0.015049687852755067,0.03239233832164934,-0.010892446935667932,0.18754300398041512,6.428571428571445
2025-09-17,63.77142857142858,greed,22261.330078125,0.010625119705107933,0.013530592436207689,0.03818868218527416,-0.027568914389714316,,5.828571428571436
2025-09-18,66.54285714285714,greed,22470.720703125,-0.0038281586741913953,0.009312117878395476,0.009906206939951145,-0.02331749588374943,,6.199999999999996
2025-09-19,66.22857142857144,greed,22631.48046875,-0.006513500363069302,0.0158654487604466,0.016564488866189775,-0.038423904479017446,,4.8857142857143
2025-09-22,66.51428571428572,greed,22788.98046875,-0.008680953428183424,0.007226714391669997,0.0227583095516799,-0.03770068421569572,,2.05714285714285
2025-09-23,56.771428571428565,greed,22573.470703125,0.0038336622506178752,0.007394950014349755,0.03789224024294979,-0.051626559350426704,,-7.600000000000016
2025-09-24,54.57142857142857,neutral,22497.859375,0.011436678350648544,0.019732606504924366,0.04729252019115715,-0.06887321918821443,,-9.20000000000001
2025-09-25,50.65714285714286,neutral,22384.69921875,0.02052078332664098,0.036639756195071094,0.05488621116230519,-0.0710332793937265,,-15.885714285714286
2025-09-26,51.28571428571428,neutral,22484.0703125,0.01318442119264307,0.051298123914813365,0.04932511246677773,-0.03973655306656343,,-14.942857142857164
2025-09-29,50.97142857142857,neutral,22591.150390625,0.015515789377218203,0.05472673247587534,0.03909492006730719,-0.03320774546241445,,-15.542857142857152
2025-09-30,51.40000000000001,neutral,22660.009765625,0.0056641462515918395,0.057301870163787516,0.033498234129250015,-0.03445850580830334,,-5.371428571428552
2025-10-01,52.48571428571428,neutral,22755.16015625,0.012666168954466261,0.036298600540639825,0.021394271663312647,-0.03334717520287722,,-2.085714285714289
2025-10-02,54.54285714285715,neutral,22844.05078125,0.007904906176851023,0.0385619067601195,0.01714144666699835,-0.03616701695275215,,3.8857142857142932
2025-10-03,52.57142857142857,neutral,22780.509765625,-0.02528828740234268,0.04627688091031068,0.027010394113457625,-0.006387896177353469,,1.2857142857142918
2025-10-06,53.971428571428575,neutral,22941.669921875,-0.010769074252935162,0.017739367034347975,0.026393022045123837,-0.005197965117887726,,3.000000000000007
2025-10-07,51.85714285714285,neutral,22788.359375,-0.011701595181202062,0.03121950968662035,0.03492660040933737,0.005025866413430613,,0.4571428571428342
2025-10-08,52.942857142857136,neutral,23043.380859375,-0.016199913698780266,0.0004604087857049688,0.018948550759093852,0.006091092963161904,,0.4571428571428555
2025-10-09,48.62857142857143,neutral,23024.630859375,-0.020069455171605854,-0.0008726218890419135,0.028088126752167764,0.026686604554175153,,-5.914285714285718
2025-10-10,30.14285714285714,fear,22204.4296875,0.02141649311951066,0.059571006911275814,0.06888133244809325,0.08158686664084125,,-22.42857142857143
2025-10-13,29.74285714285714,fear,22694.609375,0.013039646667194482,0.03409141763428125,0.04473572330984443,0.0620451236010755,,-24.228571428571435
2025-10-14,28.285714285714285,fear,22521.69921875,0.019180200344979692,0.0392848563581476,0.04218379670300609,0.08644024729622735,,-23.571428571428562
2025-10-15,27.41428571428571,fear,22670.080078125,0.00310189960766194,0.008834520927354594,0.03793279292183804,0.07650218000546394,,-25.528571428571425
2025-10-16,23.11428571428572,extreme fear,22562.5390625,0.016809354554441658,0.014982834170993442,0.042231575083838235,0.07523186421076145,,-25.514285714285712
2025-10-17,22.32857142857143,extreme fear,22679.970703125,0.023143699979633503,0.0012389614494134893,0.012096559248958805,0.08719586260764056,,-7.81428571428571
2025-10-20,29.85714285714286,fear,22990.5390625,0.028138612724187828,-0.024257345667664243,0.010190333048003097,0.06298073018486883,,0.11428571428572099
2025-10-21,28.542857142857148,fear,22953.669921875,0.03806887157801486,-0.016966326275950405,0.02101405182773486,0.08203174890589304,,0.25714285714286333
2025-10-22,26.37142857142857,fear,22740.400390625,0.05356415417391536,-0.02912655881151771,0.03345762742434677,0.09440023842478173,,-1.042857142857141
2025-10-23,27.571428571428573,fear,22941.80078125,0.027867901471471335,-0.029148570746527214,0.028749207616215022,0.07505949582682137,,4.457142857142852
2025-10-24,32.45714285714286,fear,23204.869140625,0.022413045888048932,-0.014344376302353745,0.026383707015962488,0.06327857678711535,,10.128571428571433
2025-10-27,37.34285714285715,fear,23637.4609375,0.008345218048020353,-0.02588565224360828,0.009306764454594774,0.05308732662501092,,7.4857142857142875
2025-10-28,39.34285714285714,fear,23827.490234375,-0.020096518964644594,-0.025718226100285513,-0.005975077204925516,0.05401111095172628,,10.799999999999994
2025-10-29,42.114285714285714,fear,23958.470703125,-0.01914437392763857,-0.024742032049761886,-0.020729636577355492,0.04630220734332213,,15.742857142857144
2025-10-30,37.05714285714286,fear,23581.140625,-0.022354745218139738,-0.012943424068359688,0.0004651492552643077,0.07399939901656061,,9.485714285714284
2025-10-31,34.45714285714286,fear,23724.9609375,-0.030365566328975135,-0.013120823104621815,-0.019800727411629748,0.08910356148505261,,2.0
2025-11-03,32.6,fear,23834.720703125,-0.01290347745546172,-0.015969595956922378,-0.03902460769670557,0.0827145633540618,,-4.742857142857147
2025-11-04,20.94285714285714,extreme fear,23348.640625,0.005124930319150067,0.006702745676441246,-0.03460804396401562,0.12413739624830944,,-18.400000000000002
2025-11-05,23.057142857142857,extreme fear,23499.80078125,-0.003971941916395938,0.003333223070873803,-0.01994016239166918,0.11805759988989273,,-19.057142857142857
2025-11-06,24.342857142857145,extreme fear,23053.990234375,-0.007965252761372055,0.021337310862417747,0.008010747190507095,0.13161318077817152,,-12.714285714285712
2025-11-07,20.428571428571427,extreme fear,23004.5390625,-0.004518639494040078,0.024862535620517878,0.004257057285909305,0.14770131981426227,,-14.028571428571436
2025-11-10,29.942857142857143,fear,23527.169921875,-0.0348150505179724,0.005397184156515911,-0.01958158249716435,0.1321047449213264,,-2.6571428571428584
2025-11-11,30.457142857142856,fear,23468.30078125,-0.04412126730122168,0.005350135696671865,-0.037120301071009165,0.11747079046952469,,9.514285714285716
2025-11-12,34.57142857142858,fear,23406.4609375,-0.0359828199145068,-0.00902703814084449,-0.036733063487078055,0.11468070881871228,,11.51428571428572
2025-11-13,24.542857142857144,extreme fear,22870.359375,-0.03464346933770035,0.008178742545448037,-0.012766678076085114,0.1311895241042753,,0.1999999999999993
2025-11-14,22.057142857142853,extreme fear,22900.58984375,-0.027401467381691025,0.009208107528616782,-0.0064172576067994536,0.14714771777678348,,1.6285714285714263
2025-11-17,11.642857142857142,extreme fear,22708.0703125,0.007219435683830655,-0.0006495488078473999,-0.0011158959524646406,0.15787467836496738,,-18.3
2025-11-18,8.9,extreme fear,22432.849609375,0.026422868458373827,0.025565622540674626,0.020203438752408598,0.1743479389312843,,-21.557142857142857
2025-11-19,7.857142857142857,extreme fear,22564.23046875,0.02882699612893269,0.03294544757041651,0.002793760797085598,0.1813467215031812,,-26.71428571428572
2025-11-20,5.171428571428572,extreme fear,22078.05078125,0.05832211750181049,0.061181999727175196,0.035584160668622244,0.20820133684101205,,-19.371428571428574
2025-11-21,5.6571428571428575,extreme fear,22273.080078125,0.0450247491695106,0.057861766810182846,0.03946468099233802,0.20852035770128552,,-16.399999999999995
2025-11-24,13.685714285714283,extreme fear,22872.009765625,0.0236822282694229,0.03241082829389663,0.0002785541723393514,0.17928504827603398,,2.042857142857141
2025-11-25,15.028571428571428,extreme fear,23025.58984375,0.018609729562099053,0.02464691543087838,-0.015520944682639981,0.17637857404236557,,6.128571428571428
2025-11-26,17.657142857142862,extreme fear,23214.689453125,0.012511525190180839,0.011185166046451034,-0.02006617745482242,0.16710156495234996,,9.800000000000004
2025-11-28,21.77142857142857,extreme fear,23365.689453125,0.00909202387013619,0.0022850010528090436,-0.03633532841832976,0.14929116569074607,,16.599999999999998
2025-12-01,22.085714285714285,extreme fear,23275.919921875,0.011599132049610938,-0.001457716284206323,-0.020125496852425373,0.1527347158590251,,16.428571428571427
2025-12-02,23.257142857142856,extreme fear,23413.669921875,0.006954070551232983,-0.00760406476618436,-0.02838853070526126,0.09805211115067913,,9.571428571428573
2025-12-03,24.77142857142857,extreme fear,23454.08984375,0.00852987893402779,-0.002484408119785897,-0.04546798291276155,0.10554962179270766,,9.74285714285714
2025-12-04,36.02857142857143,fear,23505.140625,0.0037744402986314984,0.0017880895734909696,-0.034426146142233494,0.09247677868338644,,18.37142857142857
2025-12-05,38.142857142857146,fear,23578.130859375,-0.016242209350014192,0.00026076865620394685,-0.03736645857361032,0.06749343915835682,,16.371428571428577
2025-12-08,40.77142857142858,fear,23545.900390625,-0.02074629664913963,-0.002797975795448049,-0.03524050970590109,0.09614241664448464,,18.685714285714294
2025-12-09,40.94285714285714,fear,23576.490234375,-0.019724280088008084,0.004023473131793409,-0.06239821299737236,0.09807861926808537,,17.685714285714287
2025-12-10,36.371428571428574,fear,23654.150390625,-0.040619936132046064,0.003371501351052908,-0.054111886581743374,0.12808699583227545,,11.600000000000005
2025-12-11,43.74285714285714,fear,23593.859375,-0.024900546818657165,0.004916947404879579,-0.04722966516049265,0.11793240031337593,,7.714285714285708
2025-12-12,39.285714285714285,fear,23195.169921875,0.004847958395163499,0.011924037593023185,-0.04495548010694239,0.12185684536457653,,1.1428571428571388
2025-12-15,49.31428571428573,neutral,23057.41015625,0.01610848396927711,0.02049707108462462,-0.04192668198960581,0.15008275030888418,,8.542857142857152
2025-12-16,46.4,neutral,23111.4609375,0.01948725385504413,0.01747746231154923,-0.0633387723285288,0.13219149927981477,,5.4571428571428555
2025-12-17,37.68571428571429,fear,22693.3203125,0.0405401334712685,0.01150118168720482,-0.03289781030692884,0.1275141191395459,,1.3142857142857167
2025-12-18,42.371428571428574,fear,23006.359375,0.02550339342314989,0.00949567612759239,-0.05409238070723654,0.10737384432429353,,-1.3714285714285666
2025-12-19,44.2,fear,23307.619140625,0.007153474910673641,0.005508944944153438,-0.05911366664317541,0.08799613793135808,,4.914285714285718
2025-12-22,54.88571428571429,neutral,23428.830078125,-0.0004161539422791183,0.00309064328046027,-0.08625057219082954,0.07976450622025921,,5.571428571428562
2025-12-23,58.57142857142857,greed,23561.83984375,-0.01357489956200697,0.0016772684778469937,-0.11092005064465504,0.09584568931059234,,12.17142857142857
2025-12-24,58.0,greed,23613.310546875,-0.015994355672842464,0.008630262245332254,-0.1193678419753822,0.11012475997755167,,20.31428571428571
2025-12-26,54.85714285714285,neutral,23593.099609375,-0.008361737124044866,0.011204530720921424,-0.08487518737064526,0.10371378614989957,,12.485714285714273
2025-12-29,47.885714285714286,neutral,23474.349609375,0.0031021226876044583,0.008978716546243604,-0.06958234915154649,0.10046371259454001,,3.6857142857142833
2025-12-30,46.114285714285714,neutral,23419.080078125,0.007054043890660999,0.0018250176451175548,-0.06575409390496811,0.11537942861593975,,-8.77142857142858
2025-12-31,43.25714285714286,fear,23241.990234375,0.01024134742656213,0.015064077434606693,-0.05359482462834353,0.1108639661563513,,-15.31428571428571
2026-01-02,45.22857142857142,neutral,23235.630859375,0.018752180762253712,0.0008417500634423369,-0.052410079044987734,0.11340426034470386,,-12.77142857142858
2026-01-05,47.60000000000001,neutral,23395.8203125,0.014450447712849313,-0.020996922861154732,-0.032519914581430664,0.12015267150081899,,-7.2571428571428385
2026-01-06,52.85714285714285,neutral,23547.169921875,0.006909502045885141,-0.04274739093762181,-0.030778645688827266,0.11612603392243503,,4.971428571428561
2026-01-07,48.57142857142857,neutral,23584.279296875,-0.00477136890462071,-0.023450721237357586,-0.02889164698644353,0.09705195405009848,,2.4571428571428555
2026-01-08,48.371428571428574,neutral,23480.01953125,0.00212947011962461,-0.010278935630942843,-0.012618358195174206,0.11188194417294617,,5.114285714285714
2026-01-09,54.114285714285714,neutral,23671.349609375,-0.0065885125668218025,-0.024032381576785777,-0.0013632315766743952,0.10974789787001038,,8.885714285714293
2026-01-12,58.0,greed,23733.900390625,-0.03284669040040877,-0.02812136549471822,0.011886758433368838,0.09050551290648756,,10.399999999999991
2026-01-13,59.085714285714296,greed,23709.869140625,-0.020457676305513983,-0.04693061540746524,0.01656820945721349,0.07635517020412697,,6.228571428571449
2026-01-14,58.62857142857143,greed,23471.75,-0.001522275448145094,-0.039412488550065516,0.04246511098448136,0.08675622024348417,,10.057142857142864
2026-01-15,63.65714285714286,greed,23530.01953125,-0.00122308852471531,-0.04044359889336846,0.03715981164353721,0.09805310204633866,,15.285714285714285
2026-01-16,63.77142857142858,greed,23515.390625,0.003655850390535509,-0.03239409362884016,0.031663106276806685,0.0925142941624002,,9.657142857142865
2026-01-20,50.85714285714287,neutral,22954.3203125,0.03758679347195337,-0.01183175280524873,0.07420171788194829,0.09511800440616947,,-7.142857142857132
2026-01-21,53.85714285714285,neutral,23224.8203125,0.027239345568133677,-0.014585688734809255,0.05225787201663623,0.07539347889195858,,-5.228571428571449
2026-01-22,54.771428571428565,neutral,23436.01953125,0.010628921393534663,-0.034508846475469035,0.05976185829071534,0.06383594897077671,,-3.8571428571428683
2026-01-23,54.885714285714286,neutral,23501.240234375,-0.0016773549600731519,-0.02712880428933484,0.05896962718473553,0.058536056316841556,,-8.771428571428572
2026-01-26,57.65714285714286,greed,23601.359375,-0.0003919265773224545,-0.01903616184713941,0.045016110698072875,0.035658118871595645,,-6.114285714285721
2026-01-27,64.97142857142858,greed,23817.099609375,-0.023592719746144852,-0.039413646724242524,0.03594646867341478,0.05479592811591916,,14.114285714285707
2026-01-28,65.54285714285713,greed,23857.44921875,-0.0399401097698292,-0.04984767107102783,0.04337686391517859,0.06356087680292477,,11.685714285714283
2026-01-29,63.82857142857143,greed,23685.119140625,-0.04832271647356379,-0.039529451385326375,0.06034676473501088,0.09410048717792452,,9.057142857142864
2026-01-30,58.60000000000001,greed,23461.8203125,-0.01835362172518984,-0.04028378219534201,0.06845080421549232,0.13311711880305532,,3.7142857142857224
2026-02-02,63.40000000000001,greed,23592.109375,-0.014981256974822776,-0.033258107351835764,0.07350006126253805,0.11746851602263741,,5.742857142857154
2026-02-03,43.34285714285714,fear,23255.189453125,-0.006567082599255203,-0.021767150930777635,0.11110423353927135,0.13300945849032186,,-21.628571428571433
2026-02-04,47.22857142857144,neutral,22904.580078125,0.007068045973678938,-0.02256755587144188,0.12668292239927115,0.16529615690775556,,-18.31428571428569
2026-02-05,34.94285714285714,fear,22540.58984375,0.0025092753679949453,0.006892427220269726,0.16443625743905388,0.1803311075453986,,-28.885714285714286
2026-02-06,45.371428571428574,neutral,23031.2109375,-0.021038451557753635,-0.014506893668408516,0.1408054457351522,0.14824397599046124,,-13.228571428571435
2026-02-09,48.4857142857143,neutral,23238.669921875,-0.028413375839486332,-0.022485756037531446,0.12262015452926955,0.14414853878305456,,-14.914285714285711
2026-02-10,47.22857142857144,neutral,23102.470703125,-0.015099676923421623,-0.04316037626183955,0.1428362006397279,0.16018020935091748,,3.8857142857143003
2026-02-11,49.91428571428571,neutral,23066.470703125,-0.01663627866238815,-0.03001287125954688,0.15471590976926142,0.1587884640119126,,2.685714285714269
2026-02-12,36.35714285714285,fear,22597.150390625,0.01278567947199516,-0.0052051294838838524,0.16055078501757292,0.1791270003364811,,1.414285714285704
2026-02-13,33.84285714285714,fear,22546.669921875,0.0035747899647389225,-0.017485952531619553,0.15718776028368242,0.1660130311303074,,-11.528571428571432
2026-02-17,33.31428571428572,fear,22578.380859375,0.012635929471733531,-0.021599928236107346,0.14581781123414594,0.16620806459719195,,-15.171428571428585
2026-02-18,34.157142857142865,fear,22753.630859375,0.017511456576427165,-0.048608571142363166,0.15455680622400658,0.14562682689979334,,-13.071428571428577
2026-02-19,34.400000000000006,fear,22682.73046875,0.00862552199765143,-0.032446301124943844,0.1591681894558068,0.15420235555718587,,-15.514285714285705
2026-02-20,42.34285714285715,fear,22886.0703125,-0.009519300256672247,-0.049120695346548504,0.15109192375138125,0.13519661079320566,,5.985714285714302
2026-02-23,32.542857142857144,fear,22627.26953125,0.005373597710588873,-0.03082339288824787,0.17805551618527216,0.15574266462566522,,-1.2999999999999972
2026-02-24,40.25714285714286,fear,22863.6796875,-0.015176482487405774,-0.06366427579768819,0.16668580181927473,0.14286937080542939,,6.942857142857143
2026-02-25,43.142857142857146,fear,23152.080078125,-0.014884174908352699,-0.09518456638404438,0.1626372495384416,0.14639157776809508,,8.98571428571428
2026-02-26,42.91428571428571,fear,22878.380859375,-0.0056555848858061974,-0.09107900804619806,0.17895664498356667,0.15403358673679635,,8.514285714285705
2026-02-27,41.17142857142857,fear,22668.2109375,-0.012375535536239268,-0.047537058883741046,0.19492493790347232,0.16334238717421945,,-1.171428571428578
2026-03-02,34.285714285714285,fear,22748.859375,-0.0023258377652176643,-0.03991013972541202,0.19100039012945014,0.14730013936138286,,1.7428571428571402
2026-03-03,31.628571428571423,fear,22516.689453125,0.008012286025686599,-0.028312766268423273,0.19262560886911584,0.16437321448630327,,-8.628571428571437
2026-03-04,33.07142857142857,fear,22807.48046875,-0.004005247730022754,-0.03556467476148428,0.17641056294064694,0.16558515015718367,,-10.071428571428577
2026-03-05,31.62857142857143,fear,22748.990234375,-0.028292722127175485,-0.03213947597090294,0.13013498281130786,0.16519414537887722,,-11.285714285714281
2026-03-06,25.25714285714286,fear,22387.6796875,-0.0006030102354706024,0.011046725267071178,0.15821114640690692,0.1801763525767346,,-15.914285714285711
2026-03-09,22.228571428571428,extreme fear,22695.94921875,-0.009535618880227581,0.005572390998324739,0.13142746597642785,0.15674121362860216,,-12.057142857142857
2026-03-10,20.27142857142857,extreme fear,22697.099609375,-0.023997766096731654,0.00906684198275265,0.10893023483951136,0.14912130413138724,,-11.357142857142854
2026-03-11,18.314285714285717,extreme fear,22716.130859375,-0.02753291967376914,0.02058490408840985,0.13618205124920268,0.15922201828804372,,-14.757142857142853
2026-03-13,16.671428571428574,extreme fear,22105.359375,-0.020707647961502595,0.06938230123775124,0.17115670478666445,0.1846181603301802,,-14.957142857142856
2026-03-16,23.91428571428572,extreme fear,22374.1796875,-0.019103266704959543,0.07338100733441699,0.19262202350295654,0.1612300730299121,,-1.342857142857138
2026-03-17,22.88571428571429,extreme fear,22479.529296875,-0.03192409691491016,0.07220657961466515,0.17334929461431003,0.15564829425104554,,0.6571428571428619
2026-03-18,13.614285714285714,extreme fear,22152.419921875,-0.01004854594486937,0.10455113053305487,0.1746644496637686,0.19256951946647338,,-6.657142857142855
2026-03-19,18.314285714285717,extreme fear,22090.689453125,-0.03090032008500465,0.10473648533172875,0.20041204434878845,0.20062070125874043,,0.0
2026-03-20,8.4,extreme fear,21647.609375,-0.03230148825613688,0.12067621496888736,0.20875239182733085,,,-8.271428571428574
2026-03-23,11.62857142857143,extreme fear,21946.759765625,-0.05249609295079416,0.12351757506914152,0.16586864465417506,,,-12.285714285714292
2026-03-24,10.35714285714286,extreme fear,21761.890625,-0.007869709878435716,0.12299525905736886,0.1706997826619212,,,-12.52857142857143
2026-03-25,16.542857142857144,extreme fear,21929.8203125,-0.004052522660176305,0.13254916161890007,0.15635236623077087,,,2.9285714285714306
2026-03-26,10.257142857142858,extreme fear,21408.080078125,0.022005691666688643,0.16250964675738944,0.1816855621011233,,,-8.057142857142859
2026-03-27,8.171428571428573,extreme fear,20948.359375,0.050026851744803924,0.17736192795527694,0.23256146998385163,,,-0.22857142857142776
2026-03-30,5.771428571428572,extreme fear,20794.640625,0.05882328078824406,0.18651919402309947,0.26059984280805537,,,-5.857142857142858
2026-03-31,14.885714285714284,extreme fear,21590.630859375,0.04837095228028154,0.15292187194550433,0.2060800569691552,,,4.528571428571425
2026-04-01,15.857142857142858,extreme fear,21840.94921875,0.04493718168084149,0.14987856990962545,0.18276315114080255,,,-0.6857142857142868
2026-04-02,18.285714285714285,extreme fear,21879.1796875,0.04678927419225265,0.14573768940577425,0.19388206182033074,,,8.028571428571427
2026-04-06,21.85714285714286,extreme fear,21996.33984375,0.05398172600803797,0.15137932216350625,0.17377207465091415,,,13.685714285714289
2026-04-07,21.571428571428573,extreme fear,22017.849609375,0.07363255256588253,0.17354509688916275,0.1749853346082222,,,15.8
2026-04-08,29.17142857142857,fear,22634.990234375,0.06101302817341958,0.140102069916469,0.1578043707392669,,,14.285714285714286
2026-04-09,33.800000000000004,fear,22822.419921875,0.056097438451207626,0.15005683744200615,0.1515697925533923,,,17.942857142857147
2026-04-10,38.05714285714286,fear,22902.890625,0.06835774005055306,0.14719715033241565,0.12969057535723172,,,19.771428571428572
2026-04-13,40.971428571428575,fear,23183.740234375,0.0526511416313713,0.12528000033698183,0.12609136842016588,,,19.114285714285714
2026-04-14,47.25714285714286,neutral,23639.080078125,0.02626501781469681,0.1168937097591225,0.11126280641770303,,,25.685714285714287
2026-04-15,56.2,greed,24016.01953125,0.026713451844724068,0.10906058635015925,0.07769521027712467,,,27.028571428571432
2026-04-16,61.48571428571429,greed,24102.69921875,0.013932081971498533,0.08805824555114183,0.05881254222855947,,,27.685714285714283
2026-04-17,68.57142857142858,greed,24468.48046875,0.015044626130140903,0.06629958088618793,0.042486898402935847,,,30.514285714285727
2026-04-20,69.97142857142858,greed,24404.390625,0.019779595884705792,0.060084282989549154,0.05871157917920766,,,29.0
2026-04-21,67.57142857142858,greed,24259.9609375,0.01664635177238738,0.08286898905894002,0.0589835843846358,,,20.314285714285724
2026-04-22,68.45714285714286,greed,24657.5703125,0.00063550145762159,0.0663297022434477,0.019471470000497426,,,12.257142857142853
2026-04-23,66.17142857142856,greed,24438.5,0.01856949268060637,0.07797003511365275,0.021986632260572403,,,4.685714285714276
2026-04-24,65.4,greed,24836.599609375,0.01118671026307183,0.07326204499581213,0.0038443454519418996,,,-3.171428571428578
2026-04-27,66.28571428571429,greed,24887.099609375,0.0072608369280176,0.07182961805246268,-0.0004094271041998887,,,-3.6857142857142833
2026-04-28,67.42857142857142,greed,24663.80078125,0.026854339442626385,0.09137561326672294,-0.008954878045110748,,,-0.14285714285716722
2026-04-29,66.22857142857143,greed,24673.240234375,0.04724548570341147,0.09319322814546593,0.01819539909879908,,,-2.2285714285714278
2026-04-30,69.51428571428572,greed,24892.310546875,0.03671369398007651,0.08815975503228235,0.019344892134187663,,,3.342857142857156
2026-05-01,71.17142857142856,greed,25114.439453125,0.04509917998026691,0.07881764357888921,0.0318327207339093,,,5.771428571428558
2026-05-04,66.88571428571429,greed,25067.80078125,0.048122692878080464,0.07125394457562506,0.060523436673384445,,,0.5999999999999943
2026-05-05,67.25714285714287,greed,25326.130859375,0.030090200655063848,0.05941808034084106,0.0409580365634894,,,-0.1714285714285495
2026-05-06,68.74285714285715,greed,25838.939453125,0.021804315600765234,-0.0050121935484211955,0.019714824487055083,,,2.5142857142857196
2026-05-07,67.28571428571429,greed,25806.19921875,0.03212489670980512,0.004784158118499526,0.03427160715834532,,,-2.2285714285714278
2026-05-08,67.28571428571429,greed,26247.080078125,-0.0008358816698732507,-0.021650399356178407,0.013650253506621413,,,-3.885714285714272
2026-05-11,66.62857142857143,greed,26274.130859375,-0.006980264793785218,-0.04204252712629131,0.006520419658862631,,,-0.2571428571428527
2026-05-12,65.68571428571428,greed,26088.19921875,-0.008336653650424686,-0.010676822120394225,0.019176908740616838,,,-1.5714285714285836
2026-05-13,64.97142857142858,greed,26402.33984375,-0.004998817132536915,-0.019449033799235682,0.015176285719231464,,,-3.7714285714285722
2026-05-14,65.91428571428573,greed,26635.220703125,-0.012844687775005359,0.0018291100548035732,0.003526888482436208,,,-1.3714285714285666
2026-05-15,63.22857142857142,greed,26225.140625,0.004531151227144203,0.005765430237802516,0.016006378659790377,,,-4.057142857142871
2026-05-18,62.08571428571429,greed,26090.73046875,0.021672418080715072,-0.0026473123312024116,0.007626481327854151,,,-4.5428571428571445
2026-05-19,59.25714285714286,greed,25870.7109375,0.03107837017669901,0.025017431935426604,0.01779537127380104,,,-6.4285714285714235
2026-05-20,60.51428571428571,greed,26270.359375,0.02463275507151308,-0.00394968961573261,-0.0077345517137601405,,,-4.457142857142863
2026-05-21,57.51428571428572,greed,26293.099609375,0.025844025289726957,-0.026853454228091378,-0.004283963227935228,,,-8.400000000000006
2026-05-22,58.22857142857144,greed,26343.970703125,0.028197717501328823,-0.0329232858591858,-0.013808899732675739,,,-4.999999999999979
2026-05-26,59.82857142857143,greed,26656.1796875,0.01642098411162274,-0.048678396279474345,-0.018940407521590763,,,-2.25714285714286
2026-05-27,60.62857142857143,greed,26674.73046875,0.0067198429693597905,-0.05162606346625753,-0.020413748908838292,,,1.3714285714285737
2026-05-28,60.71428571428572,greed,26917.470703125,-0.0032138890974982015,-0.04076646317284205,-0.013973121691048584,,,0.20000000000000995
2026-05-29,60.45714285714287,greed,26972.619140625,-0.04683228745933832,-0.02813588230135866,-0.021139927708807127,,,2.94285714285715
2026-06-01,59.45714285714286,greed,27086.810546875,-0.04272006807972084,-0.03864542295182727,-0.026430572940142505,,,1.2285714285714207
2026-06-02,56.97142857142858,greed,27093.900390625,-0.0522287325827272,-0.04655034714700612,-0.03669205411705834,,,-2.857142857142847
2026-06-03,54.62857142857143,neutral,26853.98046875,-0.06272740351138006,-0.027289075947336094,-0.023689240087341523,,,-6.0
2026-06-04,54.57142857142857,neutral,26830.9609375,-0.03806426402800167,-0.03772773873932367,-0.009202070369381476,,,-6.142857142857153
2026-06-05,41.85714285714285,fear,25709.4296875,0.006978379467407203,0.00627087823746586,0.031022101873491748,,,-18.600000000000023
2026-06-08,39.37142857142857,fear,25929.66015625,0.029089440136499167,0.010691635257825682,0.01896476841720074,,,-20.085714285714296
2026-06-09,33.77142857142858,fear,25678.8203125,0.027163223339759845,0.023474172690346462,0.02237328367340674,,,-23.200000000000003
2026-06-10,27.28571428571428,fear,25169.5,0.03385685676115924,0.027957634736486714,0.0362430999076262,,,-27.342857142857152
2026-06-11,29.685714285714283,fear,25809.66015625,0.027442032439101594,0.011520864961989563,0.02027841138091313,,,-24.885714285714286
2026-06-12,33.51428571428572,fear,25888.83984375,0.010728938310924585,0.014693227942844,0.01149415401755971,,,-8.342857142857127
2026-06-15,40.14285714285715,fear,26683.939453125,-0.04110713834259361,-0.03005516617154058,-0.02632179337158347,,,0.7714285714285865
2026-06-16,39.51428571428571,fear,26376.33984375,-0.034110085936096546,-0.03245710414888581,-0.015085874636403984,,,5.742857142857133
2026-06-17,32.94285714285714,fear,26021.66015625,-0.025481100855732408,-0.01973701296020669,0.015242710212120425,,,5.657142857142862
2026-06-18,37.34285714285715,fear,26517.9296875,-0.04601831897345399,-0.025670131794673146,0.0001738210733008838,,,7.6571428571428655
2026-06-22,33.94285714285714,fear,26166.599609375,-0.013240504671874542,-0.01817963456663918,,,,0.4285714285714235
2026-06-23,28.457142857142863,fear,25587.0390625,0.024492151635608916,-0.01756161032456316,,,,-11.68571428571429
2026-06-24,26.45714285714286,fear,25476.640625,0.022113930960039996,-0.019658020061269377,,,,-13.057142857142853
2026-06-25,25.428571428571427,fear,25358.599609375,0.018694656637298523,-0.016819522285146937,,,,-7.514285714285716
2026-06-26,24.65714285714285,extreme fear,25297.619140625,0.032554091792080575,-0.016630378615329455,,,,-12.685714285714297
2026-06-29,26.857142857142858,fear,25820.140625,-5.620309726717121e-05,-0.05333825217596,,,,-7.085714285714285
2026-06-30,29.971428571428568,fear,26213.720703125,-0.013087432966320645,-0.04164006430017675,,,,1.5142857142857054
2026-07-01,31.62857142857143,fear,26040.029296875,0.006407877895322711,-0.025582908525373482,,,,5.171428571428571
2026-07-02,32.542857142857144,fear,25832.669921875,0.017378747705239617,0.003144485993730628,,,,7.114285714285717
2026-07-06,41.65714285714286,fear,26121.16015625,-0.009493470705996376,0.01775687126262726,,,,17.000000000000007
2026-07-07,39.771428571428565,fear,25818.689453125,0.011167116480619965,0.021099056983082676,,,,12.914285714285707
2026-07-08,38.62857142857143,fear,25870.650390625,0.015406650861372828,0.01846490952245672,,,,8.657142857142865
2026-07-09,44.71428571428572,fear,26206.890625,-0.01239908277939783,0.01845806595474353,,,,13.085714285714293
2026-07-10,46.82857142857143,neutral,26281.609375,-0.0289696543983049,0.012318499806482919,,,,14.285714285714285
2026-07-13,40.85714285714285,fear,25873.1796875,-0.014111499993810006,0.022118252884336442,,,,-0.8000000000000114
2026-07-14,41.057142857142864,fear,26107.009765625,-0.010334344321586864,0.01844257435349661,,,,1.285714285714299
2026-07-15,44.42857142857144,fear,26269.23046875,-0.02201549370899858,0.02032030701318077,,,,5.800000000000004
2026-07-16,41.85714285714285,fear,25881.94921875,-0.028755939490284876,0.03273366044958648,,,,-2.8571428571428754
2026-07-17,37.0,fear,25520.240234375,-0.021332868220483414,0.044069723150964135,,,,-9.82857142857143
2026-07-20,36.00000000000001,fear,25508.0703125,-0.022580705922421007,0.030642875585024765,,,,-4.85714285714284
2026-07-21,42.771428571428565,fear,25837.2109375,-0.037167354617840154,0.019115023964648925,,,,1.714285714285701
2026-07-22,44.42857142857143,fear,25690.900390625,-0.04857599066303642,0.014646023515287432,,,,-7.105427357601002e-15
2026-07-23,40.85714285714287,fear,25137.689453125,-0.000616992490655166,0.04148239186101366,,,,-0.9999999999999787
2026-07-24,40.771428571428565,fear,24975.8203125,0.015936585541328263,0.04021365977406277,,,,3.771428571428565
2026-07-27,38.22857142857144,fear,24932.080078125,0.03937979941599146,0.04890168406745676,,,,2.228571428571435
2026-07-28,37.142857142857146,fear,24876.91015625,0.06866126329181066,0.05037961123902379,,,,-5.628571428571419
2026-07-29,25.557142857142857,fear,24442.939453125,0.07857074652101503,0.0858493374037188,,,,-18.871428571428574
2026-07-30,38.114285714285714,fear,25122.1796875,0.04880826174828701,0.05096055558475321,,,,-2.7428571428571544
2026-07-31,39.57142857142857,fear,25373.849609375,0.05189474799927418,0.03929403819184851,,,,-1.1999999999999957
2026-08-03,46.142857142857146,neutral,25913.900390625,0.026682937495011494,0.007172565218790616,,,,7.914285714285704
2026-08-04,58.971428571428575,greed,26584.990234375,-0.005248864656138608,-0.013810806511986407,,,,21.82857142857143
2026-08-05,60.22857142857144,greed,26363.439453125,0.008536472703045694,0.008368448818761642,,,,34.671428571428585
2026-08-06,59.6857142857143,greed,26348.349609375,0.017256476942230314,0.006020894186995029,,,,21.571428571428584
2026-08-07,65.14285714285714,greed,26690.619140625,0.001443991067495931,-0.010086277240577202,,,,25.57142857142857
2026-08-10,64.37142857142858,greed,26605.359375,0.0014865719606540484,-0.0132311511484704,,,,18.228571428571435
2026-08-11,60.08571428571429,greed,26445.44921875,-0.005889038978380445,-0.013753917077238165,,,,1.1142857142857139
2026-08-12,61.68571428571429,greed,26588.490234375,-0.009680895318088356,-0.009607584696356253,,,,1.4571428571428484
2026-08-13,66.11428571428573,greed,26803.029296875,-0.02745433610691883,-0.023005576488956514,,,,6.428571428571431
2026-08-14,64.31428571428572,greed,26729.16015625,-0.02052811295014445,-0.027969073453106397,,,,-0.8285714285714221
2026-08-17,59.142857142857146,greed,26644.91015625,-0.024947380164803357,-0.025013425259895916,,,,-5.228571428571435
2026-08-18,54.62857142857143,neutral,26289.7109375,-0.005264803275283225,0.004891261225948851,,,,-5.4571428571428555
2026-08-19,56.62857142857143,greed,26331.08984375,-0.007629407904955476,0.007270842942167288,,,,-5.057142857142857
2026-08-20,51.37142857142857,neutral,26067.169921875,0.01819068540701374,,,,,-14.742857142857162
2026-08-21,54.65714285714286,neutral,26180.4609375,0.008478039592384468,,,,,-9.657142857142858
2026-08-24,54.97142857142858,neutral,25980.189453125,0.015038426589610854,,,,,-4.171428571428564
2026-08-25,59.60000000000001,greed,26151.30078125,-0.0019705042755252533,,,,,4.971428571428575
2026-08-26,53.94285714285714,neutral,26130.19921875,0.003353623852669241,,,,,-2.6857142857142904
2026-08-27,57.31428571428573,greed,26541.349609375,0.0016092225199020316,,,,,5.942857142857164
2026-08-28,53.74285714285714,neutral,26402.419921875,0.003960633639243039,,,,,-0.9142857142857181
2026-08-31,49.2,neutral,26370.890625,0.001915730946231653,,,,,-5.771428571428579
2026-09-01,44.85714285714285,fear,26099.76953125,0.005883971975925828,,,,,-14.742857142857162
2026-09-02,46.057142857142864,neutral,26217.830078125,-0.005191481316127788,,,,,-7.885714285714279
2026-09-03,47.51428571428572,neutral,26584.060546875,-0.009442556148726022,,,,,-9.800000000000011
2026-09-04,45.22857142857144,neutral,26506.990234375,-0.01209417120881806,,,,,-8.514285714285698
2026-09-08,39.142857142857146,fear,26421.41015625,-0.01664709949805443,,,,,-10.057142857142857
2026-09-09,38.2,fear,26253.33984375,-0.010471435553958575,,,,,-6.657142857142844
2026-09-10,32.2,fear,26081.720703125,0.012904826409120718,,,,,-13.857142857142861
2026-09-11,32.6857142857143,fear,26333.0390625,0.007196282948968902,,,,,-14.828571428571422
2026-09-14,31.0,fear,26186.41015625,,,,,,-14.228571428571442
2026-09-15,27.9714285714286,fear,25981.5703125,,,,,,-11.171428571428546
2026-09-16,27.3142857142857,fear,25978.4296875,,,,,,-10.885714285714304
2026-09-17,28.2857142857143,fear,26418.30078125,,,,,,-3.914285714285704
2026-09-18,29.1142857142857,fear,26522.5390625,,,,,,-3.571428571428598
